atributo_2,atributo_4,atributo_5
-1.2617694039906662,-2.5088463562915333,-1.771370937118827
-0.4074763359428067,-0.4381207386015047,-0.0246167424384206
-0.4417540296966354,-0.7088770650950552,-0.4521730751737706
-0.4552019708409748,0.4956131361512244,-0.6922020141394876
0.816147900510453,0.5733676120958481,-1.0543502988614508
1.5535893942380967,1.0045794884682695,1.6478697266345863
-0.1591341445748341,-0.5913971713801791,-1.317867737103266
0.5590382161874458,0.6835336121336505,-0.6099969838059687
0.5499819776435171,0.6165079803254923,-0.5110176830622035
0.5847915121164623,0.9704986146038312,0.7918786647599576
-1.8814297991930344,-1.716505075283003,-1.6427135785363625
-0.7323119586649944,-1.0973099486053246,-1.0954289368206829
1.5224719780217344,0.8245303032022725,1.6666653637207829
0.423588432051119,0.721719243950946,1.8977310888204733
-0.7990534864705545,-0.8522222542107789,0.3184838102944006
-0.7244312411951196,-1.102116264506014,0.0631666483418627
0.9757864265675144,0.4192765158134315,-0.083163009803501
0.4728453286162731,0.6573862238834722,0.2578408996937327
0.7705445191781727,0.96333029101121,1.0530581657336004
-1.0338849195014854,-0.7081794684466082,-0.2152311919250898
0.3012067054128015,1.1002846921723384,-0.1862395995946578
0.0073880015275857,0.5939361336156868,-0.2690171182303789
0.1831643919820618,-0.0518788870947194,0.6990341096151147
1.045762202306213,0.9890256609627897,0.1813311269999565
-1.1846717021576432,-0.6593077184504458,0.0054930067944238
-1.4263532877352445,-0.8920662005161742,-0.999070404148184
0.0812220962623886,0.8655479093064021,1.3888237381965216
1.573665059914544,1.0758396726423152,1.4661863050049584
1.1336875758816605,1.0608632107079248,0.6939605461331315
-2.167331946320558,-2.2400633081096464,-2.653637303753207
0.9422532415673324,0.6735255369543419,-1.1131244142391916
0.7087928176458085,0.6794678495403812,0.7573013681829753
2.588586866059877e-16,0.7385447598729231,-0.2880839990832769
-0.7737268261161244,-1.463277771430109,-0.5640334794444061
0.0659588649128434,0.1605065041664932,0.6084035422271046
0.737903028712116,0.966582055659396,2.0021585816955767
-1.9338565945972737,-1.777646002245043,-1.4093924110605789
-1.5970206704283534,-1.7330426995404586,-1.234186919078177
0.1281811176348985,0.553485406697606,0.8898197771010153
-0.239852111629276,0.3920914215227157,0.4337591725922217
1.1460627638181478,1.1163794044697153,1.7111314147403116
0.3290400723342409,0.906851222972682,-0.6529668473054503
-0.0465923878813517,-0.2446258241776298,-0.0025574194809238
1.0954972979919215,1.0658749442391922,-0.338483712567717
-1.7552552919220958,-1.8385531353704103,-0.9310462959964813
0.2446926819582269,0.6441068142737254,1.1261303388232595
-0.8419258322565988,-0.6596711046312989,-0.1693197252457975
1.8400914067868688,1.128789596582466,0.7291263028008447
-1.3757305366934718,-2.406345009269939,-1.958733047196378
-0.712645751538688,-0.683556896172653,0.6162860896656056
1.4087932302595056,1.1281511156235853,1.0126690203437587
0.6275789486744556,0.3556658812058142,0.316832758785455
0.411356396542999,-0.2960782209204426,-0.7060326536347984
0.88720587111875,0.8119604271540488,0.0591866378732894
0.518757051692335,0.2981569838535998,0.3357539669258471
-0.1058485530652256,0.2771716314917577,0.5174084359973162
1.4131333938087405,1.017724747247153,0.7832416481691302
1.2366975587042437,0.5665363809547315,2.034415673044643
-0.9777263136080844,-1.9878977628025625,-1.3987220298393617
0.8285989531533948,1.0258079961087634,1.1618993252780123
-1.4226911043836812,-2.218233680410178,-1.0844479482507006
-0.8527991093506735,-1.4250416346834829,-0.4367851351093756
0.6382746567463812,0.4812127317559914,0.3958934531752781
-0.2895908387086533,0.4024465683863509,-1.3161503521513742
-0.1617862340347607,0.6330330554464038,1.4393448218483058
-0.4097277761663591,0.1116715962791321,0.2478578427151989
0.3600987938477706,0.9661821904699398,0.7183360091622619
1.1347228359082735,1.0979167177248317,0.284637561070126
1.367957352568181,1.0602338182255615,1.2970932205036716
-0.2662373162458963,-1.8053675434054304,-1.0485166944280653
-1.3364623366599797,0.0253864813336225,0.587282116067943
0.4791293160744241,0.3137463028909891,0.2715975442906675
-1.6878513783748692,-0.2060174818636055,-0.6952965070082631
0.2346017548267358,-0.4909774526682327,-1.1662169931922333
-1.60037576679071,-2.135510511425148,-1.9010101024332744
0.3161789549037929,0.6299914845225135,-0.2775078590756585
0.6858107558500394,1.1496278869286811,0.6033694857769321
0.6136146417796107,-0.0534661402898336,-0.6430978239953227
-1.2239179112358252,0.1067071037373877,-0.2773537429143313
1.4567269265705831,1.1425346473577216,1.0676805539650545
0.2995438690037711,0.2281687904021755,0.4550724908185247
0.6435380635665211,0.733726704104897,-0.6684823229448084
-0.3529836148949472,-0.8812082105553405,-0.8416085296232554
0.9736579384276586,0.9894432307917296,1.6323512819895842
0.6326461233097829,1.0463615858556383,1.7016665551821373
-0.660002410476237,-1.263766306021199,-0.6889059177902367
-2.0368942619449117,-1.3877746601871106,-0.6431371763268539
-1.2168165914724505,-1.5263584513604689,-0.1728535655984981
-0.2366109276233892,-0.7482278458925579,-0.4038596828796564
-0.8682617807633646,-1.8376362230014975,-1.4005395999641357
-1.6379916076049017,-1.782552039029989,-0.993097155755156
-0.2418382388557526,-0.2417541059286295,0.6912602383962524
-1.1680076176240108,-1.4883737939271775,-1.4656981311390378
1.1117231654559216,1.138113471526359,-0.0608676330790731
-1.4632995305016088,-2.427173263813198,-1.5071979519524794
-2.14987263859452,-1.9507023414517493,-0.7454073549185005
0.8668239881480567,0.6958916586060062,0.1721635730252748
0.8440851872878439,0.8587709011566269,0.339542107066237
0.8083337092969342,0.7823881640372155,0.3780500927114771
-0.2771529531317368,0.0586655303202846,0.4122699030499006
-0.2036625509277244,-1.7312782295515363,-1.0475772291390872
1.6158951337612038,1.0532228484357125,1.2846787569395293
-1.343150054299205,-1.6557436617755452,-1.3713972308488218
-1.2602546635223015,-1.1755844381590057,-0.2210481050840231
0.2629335053035072,0.8291863640365609,0.2040293955097248
0.8797504080139626,1.1175265671959165,0.1276595919731332
0.5663505489239589,0.5124827344188883,0.4790410775339942
-0.3121187538223555,0.3037485815696585,0.3322814156091994
-0.6587945107340305,-1.1928669621127133,-1.4550336443026892
0.192145158692953,0.0463378694318626,-0.3441161338746615
-0.5245702382117652,0.0983235179409198,-0.1943080804281803
-0.9093401772098594,-1.3327335225176882,0.4068731320609313
-0.1274451160658611,0.0335686225025735,-0.17713872982947
1.1098866865946564,0.3236088683575521,0.6471748574762075
0.6046611598839327,0.6752552843439741,-0.2557119577589609
-0.9949202867597096,-0.8901560973938579,-0.5613783003058916
1.40519923173411,0.991663816465,-0.2475543593418539
-0.4107869930567588,-0.7466568316590649,0.1347321365102516
-0.4794442456088413,-1.092794715942202,-0.319529515846975
-0.3085293635155903,-0.4476725220791454,-0.00940356656784
0.7148676389522891,0.8681698579602182,1.280915536545662
-1.1812577519062857,-1.0418958262457172,-1.2247352225070138
-1.041463876957732,-2.122507582930837,-2.2812538707076038
-2.167331946320558,-1.375570828466955,0.019505531737025
0.7220965306355479,0.5215414572293893,0.945255396479314
-0.3775267459743945,0.3296651625272624,-0.6669894852484898
1.4935109919067937,0.9251751198247626,0.6293278916025072
-0.2395812337487163,0.0790698297500781,0.7475964604601395
0.0443285461954933,0.4244531799014019,0.2951738026080722
0.6089270306777375,0.353248379789167,-0.090000907175525
-0.4849429190865145,-1.1697400642080855,-1.64109937183682
-1.06618044446034,0.4608884068445052,0.3451006309028251
0.818750212298682,0.9914129436672564,1.3399652709090912
0.0656867599130511,0.2073251282478825,-0.5698618731888285
0.8580507034766617,0.9929141294481508,0.5892074458461339
0.6988959023983965,0.5219218661089291,1.6671678913174468
0.7157804881834805,0.752258287663697,0.0436601458490388
1.262742000643328,0.5082179693719329,0.0875521786711222
-0.0498598777458975,-1.0188259747868504,-1.5209645609020417
0.7535212864331619,1.137242291057874,0.3071081366165645
-1.8310994638347575,-2.1717560123402397,-2.410665682196865
0.187525338881112,1.0183071327772018,1.0334564512965412
0.0763192840261783,0.7570641527074496,0.2515029900978535
-2.167331946320558,-2.672939555772387,-2.653637303753207
0.1812981705598361,0.5373609842444688,0.0468214892451168
0.898069966600955,0.7858104003130423,1.3025782352017805
-0.8084491640909943,-0.2401390351177055,-0.6107736024594358
-1.526695228487686,-1.652382947364217,-1.2764880216639132
-0.6823094395768937,-0.430365587982267,-1.0143350126480652
0.2117676043472385,0.2641632907892948,1.4534322204547507
-0.1624493707307219,0.4201504278924685,-0.3402264634774796
-2.167331946320558,-1.5543650818191803,-0.8755175907843331
-1.0216422734256971,-0.8974009238932574,-0.4447017597109621
-0.7420938035905041,-1.6968005076370405,-0.5387811492149821
0.7539205899530429,0.9132124090399228,1.2373702149727677
0.6973682049584625,1.1471118438441534,1.2471181094408217
0.3767762122442037,1.1243793124940034,0.7726295713615801
-0.0713547428260158,-0.7746345403725099,-1.0066914360096029
0.2556294352625683,0.6694040342399769,-0.0734006507499773
0.7272030863284692,0.4992510080461595,0.329161951576836
-0.7256185896695286,0.1018229093492837,0.1072734813083206
0.6885699957029878,0.900980567317378,-2.5597385050012448e-15
-0.5402568695970225,-1.1922358985026194,-1.9961281811718008
-0.6903175995171144,-1.3309561034516522,-0.8793017500123839
-1.0191073620908375,-0.3125856947976126,-0.4161338946832253
0.8947825388219222,0.515519599735117,1.3249037225532498
0.3930193511114614,0.5165999198712892,1.1437730079746515
-0.3024484221232555,-0.4906925744500322,0.0887607975568701
0.6134166879320403,0.9945893619070104,-0.07870472272893
0.3749537508634432,0.0940400457835961,-0.2425436491584773
-0.2038459632859195,-0.3477965000494138,-0.1409718756950378
0.4243937573748882,-0.1109988500651326,-0.1987286020654048
-0.1157002928142336,-0.6282395876328314,-0.7232776541230514
-0.2587637920689513,-0.3003606868339155,0.463751650255905
0.1825792006208357,0.7318357609659776,0.7443600757603986
1.4246785409286846,1.1546886657350124,2.31480712092987
0.0194384108622181,0.1005894097137902,0.319688713175014
0.0639434500855344,0.4462210525856812,0.5504313931183296
0.7096692951630578,0.552689874128232,0.9189503828438692
0.7945830112054606,0.2019201100475645,0.4366254358826596
0.1857824085525285,0.5707924664925782,-0.6510872884046047
1.2928030364707548,1.065146507541278,0.2554927233408531
0.10941898780598,0.4705993508023305,0.6203477624494238
-0.2275511425446287,-0.6649612733206522,0.0999334954788174
0.8705965466136733,0.5943165363850791,0.8970334199956159
0.7122172721477812,1.1987920145627469,1.5262907197654072
-1.715304702499021,-1.4359697526409727,-0.729387668784638
1.1642024937674236,0.5964577638027895,0.6306818939932854
-0.1072795619891055,-0.8746520904080582,-1.5128985764873844
-1.701229225682496,-1.8350122784874745,-1.2880642981632868
0.8707361627076461,0.6884892813776812,0.3072363251382671
-0.8104651410812908,-0.0041351840999585,0.1522550945236657
-1.359186137992792,-0.9068530757563652,0.2222031743823783
0.8193980516832919,1.1640438922668703,1.6767650452476146
-1.8376442639390904,-2.385399909409518,-1.4311625252363638
0.643174117205102,0.7708409167898581,0.6235781355637096
-0.4477816419980761,-1.0091018807143235,-1.3185283200557898
0.6236271740827789,0.9471777808983668,0.3583256058796968
1.0337351872776344,0.9049461732200608,1.3484903646093898
0.125105315853181,0.4502164300070226,1.1661187153128894
-1.8945112651708265,-2.20912684564936,-0.965880421917794
0.9211643483712492,0.8748154163124126,0.8295299639429207
-1.5181923415641358,-0.928171498178904,-0.7161966165690735
0.4546215474434567,1.127186482952666,0.6018442156528108
1.5235482179157076,1.2350372610755278,1.2043003115774458
-1.037353571771274,-2.181572485194464,-1.208028121051478
1.1687329279977523,1.0192210860215822,0.2124285731883904
-1.6565400409288638,-0.4200292654563425,-1.1839781291083205
0.2897841741180174,1.020186475337966,1.4293704883455385
0.9074405369342428,1.1503567379242092,0.7865202930649721
0.57242134702009,-0.1648340497448133,-0.9861642950157684
-0.346063756650992,0.2287926091875281,-1.0240430776943823
0.4477751826686602,0.550618835414736,-0.3275064104931133
0.5378793543040353,0.4544902660664575,0.4633336996126073
-2.0274731025357604,-0.8304674740716196,-0.7337017666189718
0.8308639500303756,0.7565965729807674,0.4119759698704988
0.2770470885301394,0.8014663335315816,-0.3272994619668888
-1.8728851429317943,-1.7856680087004744,-0.9213790556704756
0.3013753465625989,-0.0551770644180628,-0.2643695530767974
-0.002793943701207,0.5032354972853036,1.4436753616766478
-1.355342539064036,-0.0945040412375235,-0.1909373673177961
-0.3241948313914862,-0.5386333317228356,-1.881853014420484
0.4857859126660808,1.0011049745223548,0.5813834163184963
-0.4857099690513818,-1.0475625816936611,-0.548810449822812
-1.0865907015061835,-0.7210679016440126,0.0691392905699346
0.9234340324489992,0.6086423826903145,2.2783658148860293
0.5507298311261494,0.8043078006141328,-0.2697664851971434
0.7738169822294739,1.0199068216117742,1.3082007682847687
-0.8107438072435221,-1.6115736756468255,-1.6445690287611012
-0.1999890251565554,-0.1128198162331306,0.338017670875691
1.8400914067868688,1.2817567165238628,2.879752579910474
0.5692396379871507,1.0346574115304006,1.0083068451884258
-0.1432318030386574,-0.5945168082646711,0.1719195090219965
0.3447090155834693,0.871636270738914,1.3156087363390945
0.5591392799517899,0.6216911487508187,0.8063363259966119
-0.3758833585143379,-0.4502057706259224,0.785473066634921
-0.8397358324920247,-2.3533903402110825,-1.6789173422196015
0.8945495286190757,0.8726382946816924,0.1641664974585773
1.2890835703282066,1.249159535895723,1.8063881531106711
-0.4715957784886146,-0.7300561876676297,-0.2408620925989114
0.8506890748294327,0.4885532265343175,-0.0563690424161439
-1.5377572046747148,-1.4444202434909683,-0.9609968878657188
-1.4286891295924116,-1.0798894292525916,-1.9621101721927945
-0.0237622897345358,0.138131130981384,0.1433874504596429
0.2679593807494312,0.8698748127770936,0.4021228343156336
0.8324945996156223,0.4717421147377891,-0.4486809887245748
-0.6914445358515857,-1.4020551926295413,-0.2737984805246449
-2.1213076244860765,-0.5807372081937638,-0.9103615336643552
1.8400914067868688,1.1917966001736269,2.3631553608656106
0.4564676133079531,-0.1476509819653947,-0.2688062963836015
-0.0257497547655402,0.3391955536740845,0.5093248154625187
0.7760280233513895,0.5524324618944485,-0.4032522632232201
-0.3065634125821256,-0.3385092937296935,0.8350222668042002
-0.2858739029240619,-0.4823595657002504,-0.6222782314228535
1.3561584275287153,0.3931339724329868,-0.3933946932713036
0.1082078020487869,-0.0758055457773425,1.6559685601611274
0.6182296510586367,0.7710383062414043,1.732099153506745
-0.654065496765196,-1.1965255890701032,0.711796405813885
-0.9928339734881436,-0.638517031241544,-0.097277985138057
0.8959000444023804,1.03392876772566,0.562277882473305
-0.3344573797411784,-1.5385629898103428,-2.2219713400491106
-0.9822392794543258,-0.0202731541459303,-0.5455059704468196
0.5294549035885654,0.650400213823377,-0.1120303746973189
-2.167331946320558,-1.6454035243497536,-2.230344737096458
-0.8073295404156894,-0.5805986782434883,-0.4967338312711299
-0.1301733765531329,0.3525593548695183,-0.5988756389767815
-0.3169448311140309,-0.9217799202700464,-0.6927229356414532
0.3048298049282464,-1.0366067652319322,-1.3155137524346003
0.0106485869431412,0.1832019210406078,0.2771542657139625
0.2208259152818028,0.5584286435166034,-0.98293647677319
-0.8268849871982118,-0.4908916564053162,0.5860892368974232
-1.2453570133530278,-0.899596598354068,-0.9751011522239263
-1.880602512323216,-1.0774917609714425,-1.231604869856934
-1.3587745370320572,-1.000385779893782,-0.5555170624718075
0.6931015811952459,0.2123103622387598,-0.3396235009903962
1.1897647630453572,1.22071875482803,0.4243769400589042
0.5267812296333415,0.9834254302571772,1.0625663663690903
-0.4206362091066472,-0.3439906655701945,-0.9192528210420738
-0.0167042564852381,0.5327907146734329,1.0862618244477928
-0.7383210804485029,-1.0283515228485132,-1.3046692285805763
1.0438056197276249,1.0480009448839114,1.336866951766761
-0.4323148881386879,-0.211422139604948,-0.0139235296308009
1.0531148931456678,1.050716186626084,1.4111026698974831
-0.3650797640343595,0.0391721761345347,0.1946635329797692
-0.060291860096057,0.1957254115523872,0.047696278925125
0.6457004848782746,0.8095730315471805,-0.5877855665556868
1.8400914067868688,1.2370342817614457,2.187399304753829
-1.0797159407514032,-1.1205517310763595,-1.3786011152605724
-0.0423257232993805,-0.9048212083287652,-0.5046153416279
0.0918489551037307,0.4730513326636881,0.2070879665091085
-0.7827727131149544,-0.1114725968799017,-1.0882521398241627
0.6367449423087268,1.0817233094703895,0.3128933273621458
0.4161563916040603,0.4551370663087268,0.2379333318965929
-0.9516775434091692,-1.7098847584728722,-0.867577902259846
-1.4032733085832254,-1.0217806963977638,-0.5354562550849843
1.6816348364775706,1.1631281219563343,2.371996981590617
-0.1102033693919565,-0.5367485275694254,-0.2812743714660999
1.0761181918426108,1.1740905335412943,1.889021664085496
0.859754386253358,1.1204253186005475,0.6633492242952466
-0.5804770303464212,-1.6606272959628785,-1.023229595534122
1.4228049148034592,1.0857930959933375,1.4020221903459211
-0.8010780676044801,-1.3302799078836347,-1.0807257390442295
-0.2976395152651184,0.0416526858192783,-0.1551727006911087
0.2262491975853058,0.8408551529566538,1.7107109176070163
0.6411120722864567,0.9750498633790772,0.6618816421208307
0.2762426381740843,1.0787455953047684,-0.2641446022604461
-0.2640453765244068,-0.5850756153439134,-1.7865564198212007
-0.1218064614335112,-1.0173750821019434,-1.0469641301621817
-0.2457689521833723,-1.040027496392803,0.2661866631245188
1.1857139911000878,1.236681047434144,0.9708821111477538
0.567299280337229,1.104763065927434,0.1165828838551831
0.4672306968241067,0.932965767266622,0.6282503112157818
-0.440801611049408,-0.1739006113031371,-0.5354481834742323
0.126540261048248,0.4228685830368886,-0.0561288984103345
0.7355687905723511,1.1477010921258253,0.480534807577607
0.1113998566048551,0.3000471607486905,-0.0022429593874931
-1.990275933304827,-0.600608950608498,-0.2698736094129596
-0.4874368364256896,0.5103621509601279,0.4341403992680151
0.4838968428564358,0.9171008202305158,1.222155440483235
1.3132116978357231,1.23254779332473,1.406199367704384
-0.7970201395957223,-0.8021501562870769,-0.604396513581194
0.4742191508635162,0.8703898580955087,0.390168647444192
-1.4643391058640405,-1.4409012990715773,-1.394002900085265
-0.9099249980051362,0.1317363975266901,-0.5384774694359784
-0.2952389723112489,-0.0642731161864682,-0.2042104402687967
0.7144316543345268,1.1298993595662958,0.1793068568810498
-0.3261384152800359,0.0921489184575005,0.5648611268369114
-0.7007599755874135,-1.8603166570527427,-1.187479963932256
-1.5770711599168583,-2.211066202517006,-1.6661804292602749
0.6313218943615563,0.776870481833062,-0.0614346640644022
1.2841783744077095,1.0007278672493272,0.7537345530333488
-0.7213499527198406,-1.451197602553201,-0.5289859429164301
0.1611329276866157,-1.4106690996854527,-0.5656035807586951
0.688199427156936,0.9966947669085467,-0.7215293192139103
0.8518610991270887,0.546910392010466,0.1910599012181072
-1.67574346136848,-1.9351312168087536,-0.8674937248926824
-1.4680971540218115,-2.2709171421047194,-1.7809736707953194
1.2634266702591574,0.4865495031285273,0.8674961495772567
0.9289854667696784,1.0766463503315469,0.1443021514370049
0.7179920607957547,1.109043070790163,1.0401410781116185
-1.8514302019091768,-2.528905264608989,-1.6131339055561529
1.5813707550303664,1.208409313725526,0.8590695942971536
-1.7936962466429651,-1.769295811223084,-0.3507074915423332
-0.1816354251300847,-0.8240621799861516,-0.1024967312945532
-0.3373440293247495,-0.3598875597698861,-0.0312523727847116
0.9834640140308084,0.2613938090220687,-0.623986305534739
0.0068930503584149,-0.6643654619047582,-0.4985398512149336
0.0131910526451542,0.4964934816065471,0.6914407409695041
-1.8984755712683297,-1.7310653406407444,-0.5713743637296228
0.7985219554254444,0.6992786051059493,1.5965237892583148
0.0730576710487594,-0.4755325924185957,0.2172009009966163
0.3259963974257925,0.4798077573300299,0.7084907142752106
-0.0830895297975237,-0.7559837623169391,-0.9290231368455611
0.6980939761588086,1.0014761473454477,0.6176081183044762
-2.167331946320558,-2.4760844219071623,-2.441528159166001
0.4896537854891538,-0.1147138608230906,-1.4756728678458988
1.2692215472175343,1.0906938626870613,0.4480950355968301
-0.7712780543348954,-0.9639409175224616,-0.7725639406388256
-0.3820711640642211,-0.4034515155444062,-0.4101109121167253
-0.794040575893801,0.3341931775678335,0.7448757834194423
0.8337049967683533,0.8977130743997601,0.5151853872421208
0.6092968359626219,0.9155511198353916,-0.523945504215137
1.4609570498795543,1.2352972853649744,1.3428311744755506
-0.9699466135442724,-1.1657219779407653,-1.0792056568339183
0.8095535609845299,0.8488530686189426,0.3543486944955034
-0.2266328309015459,-0.7379339339213423,-1.1330669056248848
0.2660566139993773,0.7938806329180028,0.9380297973087064
1.1199480079062822,1.145125861552966,1.9728751519565315
-0.712699887468469,-0.988004598274906,-1.849703651549744
-0.970843139102356,0.1832421914602643,0.123395670442516
-0.6989262502908752,-1.1511060442131045,-1.430323840838734
-0.4014220621938905,-0.8462015307325,0.0699652578065044
1.0099637778177024,0.9839514478743986,0.6977436157742485
-0.7985896962223044,0.4870100080720917,1.564804901820222
-0.1408080518595028,-0.0008237448275866,0.1779639135349546
0.8080192795780463,1.078917658291816,2.248774488512348
0.3142282327822676,0.2736766573407629,-1.115319422069281
1.350614018786017,0.7847270388403116,0.3052592008717703
0.837964366887126,0.6704548280613342,0.8561357797998294
0.4989585273644484,0.9562883966243392,0.3698382487276165
-1.6043005134037511,-1.145522516619489,0.2318092685714711
0.225178748016301,0.7300210964610608,0.1459094203211331
0.9761020242639936,0.9931549952331564,1.373536331571091
-0.489115028838444,-2.005236836873327,-1.773315239221233
1.2573030711374993,0.6789219832749026,-0.4378934040666641
0.5153205071435312,0.1347049693163358,-0.2807138813931358
0.8405026276075163,0.7863468041249846,1.9261379867351225
0.4108658342161073,0.3179645888268594,0.1924659735314385
1.2846957809361232,1.0849247771096988,1.4927714158427945
-0.523661106243153,-2.07295074951524,-1.5132989117012077
0.5938556882242435,0.0993938904690995,0.2121001945237065
-1.8053353043764264,-1.765410794580294,-1.668095268959925
-1.3976373837708238,-1.2033129021850328,-0.7617560244522406
-1.4277917549039378,-1.374222224863724,-0.711349065897838
1.0742846263543198,0.6439631586646505,0.1373381655880517
1.497752483208808,0.9349500427992058,0.9542353655865288
1.0329543402856487,1.0862326997041276,0.0473512608038326
0.1611413126819018,0.5831323071053687,0.3547636508170131
-1.0239864088158537,-0.8648062365399843,-0.2280613555192685
1.419779799005022,1.196377852606258,1.2129052330240766
0.1913882362135324,0.5143723799520281,0.1833761040875068
-0.0918859722763077,0.6902795712029332,0.5929247505051904
0.1848212660658745,0.9694830347904452,0.6930247955039688
0.4803813032982609,0.7077884732578128,0.7983536977288785
-0.8149092898833711,-0.4947396697525383,-0.4122956613230191
1.3008705977284356,1.27037131591844,1.5400781447192866
-1.7151358965602972,-0.7362757091380715,-0.4049455430266552
1.3148429251032436,1.1229048941726545,1.6021610326327314
0.0403340315131417,-0.6653825858704384,-0.4914059270665134
1.057894892821478,0.9008109958553464,0.2628579603078927
-0.6696476004000813,0.484236371610511,0.0677579759605307
0.223897943491827,0.0177233748723551,0.0411644912905032
1.069362563181155,0.8789792182093302,-0.5511783225184412
1.1160842083377518,0.0992231073979216,0.3250306401746122
0.2469200800924184,0.8015149010348241,0.7958126148030907
-1.2940581359397567,0.6016373184910172,0.7280499459141977
-0.9885104222090506,-1.5542905071263196,-1.7598752585435111
-0.6903914303807683,0.3616191551983733,1.2056489163164006
0.8991029000651515,0.9602718074374476,0.5168602752403382
1.3935184577470754,1.0731389600899088,0.5106777627900249
-0.9612262825049038,-1.3723856977190818,-0.9826182985256912
0.0949324451078574,0.7984597649828019,0.4008773046404835
1.078184020199802,0.4126163670700841,0.1590833322653999
-0.0095067746187474,1.0413137625172413,0.2912547017633827
0.0719653191541371,0.544772299219239,0.4442856776192889
-0.3829925334482646,0.2737824977213398,0.1973756755376887
-0.6016450344824801,-0.8517818881879508,-0.491804890297952
-2.167331946320558,-1.380627446759406,-0.7063264425298961
0.5431674116302763,0.4149666526805169,0.9075623470756928
-1.2969570829452195,-1.94932444177146,-1.3030484433959468
-2.167331946320558,-2.184651321081585,-0.5689127464848802
-0.3279906416628108,0.0507309223805676,0.389091069942
1.6182137988033765,1.0421720825460912,0.8885118139455938
0.0969134596821052,0.5825267302289816,-1.1048424295638433
0.4217587980393804,0.7752622533389916,0.3289550414178639
-2.0729851082347763,-1.2930610821739394,-2.127241599661996
0.4158953169889,0.5948615183354923,0.1986680255443831
0.723807638474608,1.0581061076326868,0.7329941002398785
0.6852395150154886,0.4966394967723425,0.2726914563066169
1.3138774583415658,1.062969141030899,0.9848624874250824
0.9420139754633896,0.9269074474253024,-2.5597385050012448e-15
-2.167331946320558,-2.883726487658676,-2.653637303753207
1.105343852295583,0.672474414992662,0.3734520835383508
-0.8662531344548196,-0.0699995420166438,0.1477613993116979
0.6765920340786552,-0.1055353294076458,-0.7673307190602145
0.1791691143870795,-0.6298841303069289,-1.0125071055709471
-1.2467687490988248,-2.033263297605408,-1.437171566024484
0.8781824993280488,0.5897532510263673,-0.1228442559682432
-0.5267363430166854,-0.8360269614507666,-1.1275820111318169
0.835785728968252,0.3608408947561234,0.0546066253418761
-0.1462292938052133,-1.3039206598260475,0.2429494941255397
0.6834461948756945,0.8001911506826136,1.3706561714723504
1.2092581719852968,0.5317680748334057,-1.367657283843589
1.1322546257667467,0.8004847055693659,0.178338772507397
0.9976168436119608,0.6689939816706807,0.1303400309468761
0.453258096655838,0.734889216523498,0.323212637541976
-0.163563596767504,0.4461133250444158,0.935485874796138
0.6200300653259162,0.6921493106305067,0.2662409219228654
0.07847218436178,1.0097248729321633,1.1793404339858686
-1.085840242253244,-1.7228370340697488,-1.2523256669545462
-1.02068576362786,-1.0080303623903273,-1.1481607449915006
0.9848543031263114,0.5994585236584037,0.958474591099676
1.3301344742225312,1.0636240107655273,0.5717592441104472
-0.1532338127099806,0.0411053118635564,-0.5241146391808698
0.8560351940196316,0.5240697766226372,-0.3644901349474839
-0.5686310466206786,-0.3820864228955312,0.4683217802525214
1.0182760454698103,1.013376326904286,0.7795061429181055
-2.167331946320558,-1.979793820675142,-1.0541769908580816
-0.0356327411210659,0.1274329228466601,-0.3729039690373348
-1.0264781578498334,-0.306379512868867,0.448516516473899
-0.6575526169389247,-0.7575161378448093,-0.9675087226897418
0.543697493693388,0.5882448711484098,-0.0801729885375412
0.993646598437119,1.1597989074849382,1.1519382034914891
-1.2779137771219198,-0.2323756566877121,-0.200308869735959
0.7213677190501586,0.9463769655186496,0.941772561503
-0.16041207920408,0.526868588021347,-0.1969192576308414
0.5310816830299195,1.1861134751678732,-0.0292732523951693
-0.9469167014778368,-1.2347539567802834,-0.354544716263504
0.5154744719413339,1.1490517485335277,0.2233732480836996
-0.5042326819900012,-0.4197358932895479,-0.0536436052198734
-1.322943351943504,-1.1946884849159958,-1.5052547494977753
-0.1867956411036138,-1.022343450545351,-1.1865781174464751
0.2838570868379133,0.1887358858955058,0.9138871748285424
1.1282985718748268,0.4257557215094806,1.4104834673878583
-0.7103895772363803,0.4012421801053771,-0.2370647454356957
-1.1362624132158163,-0.010637246126871,0.178387722660093
-1.834938788177453,-0.6232778920022132,-1.775465057539746
-2.167331946320558,-1.8867343578998796,-1.705237370963563
-0.9604502654003788,0.6692863205575024,-0.3073727188549504
-2.0972064931176644,-1.7537183980936024,-1.859617129678813
0.698579259261328,0.3996905994935564,-0.666738412871939
1.0659708851585388,0.929414396747906,1.0228477960818492
0.077951132493107,0.7938089746517083,0.3194662474948202
0.0205428862454591,-0.5569187864243006,-0.740576113901638
0.8756525835898865,1.128087959526077,0.2693901463938165
-1.7068484359467608,-2.2164471849798364,-1.2744981690142068
1.8400914067868688,1.196267749179767,2.083302424969256
0.496268542730813,0.6884916920472572,0.9710096149431948
-0.1250076621620998,0.5104379614666822,1.2246226694035434
-1.2949103050142825,-0.8803802834490199,-0.6592349775161458
-1.2486943971239857,-0.997519321491829,-0.0627874819182128
1.0547897294894126,0.7793789169762187,0.6723350285140535
-0.0131154584471185,0.8226117225903133,0.602705383497281
0.0631236416171513,0.22725210648948,1.298922177767916
0.3619131597437235,0.2550322650486379,0.3535741146870175
0.744476824936052,0.9249476433892284,-0.0376590626321822
-0.0642908647209187,-0.0923804503491226,1.4184145179047631
-0.0535812504140799,-0.403583396218861,-0.8985326874668811
-1.2700079830856292,-0.969632376059396,-0.4639717515593322
0.5310634864048451,0.5550067029372572,0.4902831776943555
-1.4843381806113465,-1.2255412188836654,-0.8328730392411121
-1.1232739357401966,0.2768300050152549,-0.4771198594580454
0.1722371732024972,-0.6396498611094201,-0.7034497839136032
1.3110330208564498,0.8897261310978674,0.0732337947975511
-1.3493063316986829,-1.8931150281111624,-1.187706686689117
0.6323225331069114,0.5019779936206591,0.2583652514389085
-1.0262260645538843,-1.8678640673730165,-0.6054303661040537
1.1533397532496428,1.044091207270803,1.876510453350697
0.4877065558208179,0.3290869661922824,0.5130438513656653
0.5506746712137895,0.2562866932937128,-0.4387913770974801
-0.2720177944581741,-1.3764124199569658,-0.2900247797651349
0.2042177976160942,0.6378525532111581,-0.2517329512461254
0.2052736670162484,1.0763117994490612,0.6296740427355528
1.591362464824162,1.0454717657246384,1.1860148601089244
0.1689309361091827,0.1641860948695166,-0.084235904633302
0.7312699272459622,1.0272699909249652,1.6013739714467452
1.2593685353709356,0.8663950608224166,0.1743515781120241
0.3563338655859767,0.2212868280249961,0.7933156887617969
0.5689246346409188,0.595410693661184,0.1995110806442054
0.3770063336258619,0.27095537433441,0.0837946801253736
1.257893719793406,1.099183724416832,1.304744107209404
-1.3319225266890349,-1.9433165345658527,-0.633754655207747
-0.5961015380712684,-0.0175810634078954,0.4664870139463675
-0.9055449031283548,-0.1101490774016394,0.021190413933384
1.0773569648783117,0.8786943170782401,-0.4106904871983086
-0.4323840218513005,0.4766888363891222,-0.1740578620603241
-0.9098058041837191,-0.9999542608288868,-1.0054339228338989
-0.1842977607250628,0.361214443911795,-0.2959174992317489
-1.1060853653008982,-1.2355824313343298,-0.0746889005507629
-1.0422887146997917,-0.3763643452857576,-0.8812537056322325
0.4562803639026644,0.4510459464463652,0.7714481910084302
0.4168307182062242,-0.2250797482618094,-1.6485707413516044
-0.1435196138531309,0.4388629414434605,0.7314561269434992
-0.7687369494001356,-0.5725768339697447,-2.5597385050012448e-15
-0.9641502211080778,-0.5888287358072078,-0.4792200046524736
-0.2755287825363268,-1.0159881597759153,-0.3793479692294222
-1.946884783854679,-0.5296703623722364,-0.1140870904800522
-0.354629990422188,0.3478056353475592,1.1102316919940678
-0.3412449683481271,0.4659917994626503,0.7311383422180188
-2.167331946320558,-2.1983396301689555,-2.1334309624221053
-1.4309828275236365,-0.8816922773933618,-1.5771694537802703
1.3444177115450953,1.0733274513616875,1.311711440173645
-0.6010034934472192,0.4971867880793866,0.8134421037775085
-0.3461336368077581,-0.0612456731707816,0.7251733363319435
1.6482083858631151,1.1669081754793535,0.5815569403005109
-2.129552072501329,-2.231983427706851,-2.081643371915708
-0.3303430224190073,-1.2873938283147155,-1.410875057808482
-0.789945982341575,-1.341264966511647,-1.2488605761512424
0.4044310883490521,0.9228505670821758,0.6239757528111164
-0.4046066309458261,-0.6681650526720764,-1.3244969022553243
0.0210810478387695,0.9758154940892444,0.9654098596207938
1.8400914067868688,1.093273442650169,1.3870545973202766
-1.5608062095857895,-2.067996132275729,-1.2981948739027858
-1.0165850371951703,-0.7227471487175545,-0.428958953717393
0.1129913314960201,0.355322188852607,0.3482273799944714
-0.2002570678540498,0.165583865763927,-0.0028752480642444
1.2898055763609289,0.7406243572834077,0.8152369823951172
0.5383658628156882,0.8136325019176245,1.6240243834258563
1.6244091044793842,1.1041391489519483,1.77381256841498
-0.7700953723588704,0.635583884714801,0.5148112273919735
0.8257738889703757,-0.3164542437834792,-0.6704063997249446
1.0627885689808805,1.040122579549752,-0.5631997396252245
-1.2724806649265534,-0.3563883087172756,-0.9619824018943802
-1.7408849280201495,-1.7254809651709562,-1.6892819051662111
-1.5939657331241055,-2.116724121047486,-1.9745179665889585
-1.5531048330535135,-1.7337588866324103,-1.0362604688807795
0.4807450291828463,1.0127947001002469,-0.7979718804004311
0.6896036411082316,1.1800776969510742,1.0012610802355544
-0.5025481915316237,-0.9803719510163724,-0.4084726320698244
-0.5892613118110743,0.4408940013840124,0.2070370347026729
1.0781729899715031,0.8001725549955874,0.4885962721531125
1.8148635397799264,1.046158068724512,0.6895016056300936
0.4195898683864448,-0.0796178379176895,-0.0790912119965136
0.9436656217750052,1.1111140922220968,1.9875394611928423
-0.3368208365938911,0.390698971520318,-0.1228244435563858
0.903812940169728,1.1485927380838257,1.5192981599191924
0.4691691586153388,0.3205603866431957,0.6545537355521878
1.8400914067868688,1.1675479293731326,1.3738571485998563
-0.1707307995424005,-1.3656601353207685,0.0138923838107955
-1.3033481971200456,-0.9601719154549546,-0.1339013453452571
-1.2658646740754165,-1.0432775928371023,-0.1487833844936419
-0.3447243295945456,0.3353263673837832,0.5322010215662277
-0.7115059540330274,-1.6303218360145926,-0.3681472345108839
1.0852480570933445,0.6849420204769833,1.5856303606853537
0.45315833799697,0.9947214076058613,0.6766744922216356
0.0032154855201849,0.281948184753222,0.1411815496817356
-2.167331946320558,-1.1721958015575236,-0.7111105739944459
-0.9606525339882565,-1.967713562509772,-1.1225745774973022
0.5108403440490807,0.5089982500190936,-0.1847364389720874
-0.1899386319394467,-0.1572978014353112,-0.1709256050922415
-0.3087561015112589,-0.1328948935304284,-0.8041939655334714
-0.4075819289771585,0.7362612069626151,0.0756136322775661
0.4189720051065176,1.1193036784566288,1.660144345892636
-1.008286992510888,-0.6154947108355034,0.2322904929207268
0.7910787620832516,1.2322665744027268,1.368205928834445
1.8400914067868688,1.26255201266376,2.704302819372739
0.5370683645490485,0.7982809082523897,1.0683604408451786
-1.0676886746002152,-1.8578827692899125,-0.718760718581042
-0.3915630008997137,-0.242300907598139,-0.4494683682480911
0.1698866065656853,0.1735066830917352,-0.8859940017983468
1.2222972896349418,1.0443630305406313,1.0671934412632638
-2.167331946320558,-2.454369618841767,-1.3722591313369934
0.5669129176784453,0.3530614005208742,0.2606821412777038
-1.9735253251777911,-2.128719673082768,-2.3073461674233897
-0.2139694638096301,0.3560758305891514,0.2064507653398598
-0.0356472528718551,-0.3094832942556379,0.8030535032126416
1.3389593485358784,0.3954911497954826,-0.227690530393823
-0.6499197869104937,-0.6084227482273971,-1.5760720184467636
-1.1677675939334513,-1.7568875201038026,-0.2599247416837939
0.5547127540026116,0.2360886984495413,0.1568366772476201
1.1687457395227372,1.1372191588314355,0.1131192179250116
-0.2630831303884214,-0.6550625804080518,0.3913757731666649
0.5210721399003416,0.9505237169868644,1.3289707780171036
-0.9539290404166428,-1.225137427216898,-0.5078850354367851
-1.139037798815546,-0.4885050016905601,-0.3581179104445429
0.5297131178397537,1.115449682993337,1.0693302750379736
-0.3715536613726603,-0.8747660202629444,-0.1850116824256149
-1.1125320247671435,-1.4342196303949328,-1.3278959879937329
1.0693969705005566,0.9313087032967832,0.5852780019051262
0.2227242784883303,-0.1093107824412149,0.105435435198152
-0.0907989796662376,0.7214755646199326,0.0498510842848923
1.657806011265506,1.1077664783128154,1.577241312065935
-2.167331946320558,-2.5205307210314536,-2.422058212189758
-2.167331946320558,-2.528780376266691,-2.653637303753207
1.4643635315208017,1.2187690151982995,0.6985442767692253
0.2744338977272617,1.076635071491526,-0.2355955338865683
-2.167331946320558,-1.442111993293424,-1.2651666087105424
0.9322392161727971,1.088378359975053,0.0847401655364245
-0.4488699270519206,-0.0502430237096098,0.1677248094682133
1.427604525905114,0.9839499380292126,0.9001327072284072
1.7997238989524236,1.2363753814469127,1.3553618856661276
0.2238023551041826,0.7342116817025113,-0.013161333309955
1.244681874019177,0.9191561572980842,1.12308185032041
0.567362349716966,0.5829701758983755,-0.0162824477036093
0.6216558969737808,0.3390404272568782,0.5296403033017957
-1.3886519239619632,-1.0499778083015707,-0.6687833527851341
1.478806593030785,1.0648711246442528,-0.0797959431879352
-1.0901637462475495,-1.6411381511305048,-1.434660370915503
-0.3037046009874782,-0.0820968201401104,0.3031561272153757
0.7303407668148696,0.8885114602106788,1.1672029553167558
1.7721719753452063,0.7320522415846095,0.7040165115208341
-0.1581589064183576,-1.661549763225704,-1.682266129362748
-0.6468667886236764,-0.9248260303413496,-0.2104633422328794
-0.7046006424737077,-0.8936825991442992,0.0990110476855221
0.0204915597120964,0.4217156061514145,-0.0516977319942514
-0.2512687129045034,1.0041459597027396,-0.922465425615996
1.195887507496784,1.1535587874407034,1.304950085180255
-0.6321939774120697,-0.8852011774319726,-1.0976091482260988
0.0815511904745549,0.702132494255011,-0.9971113073912332
-0.2564591531991297,-1.85496463884254,-1.6289260042556015
1.264202847770296,1.050313670865783,2.0195894210780154
-0.3229049467491279,-0.9500053925314432,-0.2049645975406253
-1.032603792690524,-1.5617117964625933,-1.277095321475305
-1.0043028526236486,-1.7262933822094355,-0.4926458195100602
1.8400914067868688,1.268128171913513,3.08219365414866
-0.5528612240905012,0.2822239071564061,-0.4649161709099754
0.4872296384001574,1.0106201815162317,-0.1867606337983926
-0.9415902904134458,-2.0190432470927973,-0.5443944604822979
1.5685990746894114,1.180143908582004,1.8535318107879304
0.2978843095331029,0.5075708872053457,-0.8441226236169334
0.6514157716136086,0.3801275315520752,-1.001871737068744
1.417905877384814,1.0713765870618446,0.5139648962619818
-0.0611753790456668,1.004029446725469,1.1981329045560198
1.8400914067868688,1.2640734896782833,1.3621761490027575
-0.9177807493270582,-0.967614798066201,0.3711040115906903
0.9981322612853312,1.1491777446813514,1.5184986156807538
1.424989914444012,0.6425041041698626,1.3633115040852195
-0.916685420058696,-1.1288924375144354,-1.3519920358436983
-0.4061680303004622,-0.615890393217714,-0.3384164915300174
0.9175389262797616,0.9647754782155318,-0.0280346095734741
0.929690382571721,1.0267464008384797,0.4034405080717669
0.3555491180583311,0.9117087216120716,0.7522669574553563
0.1981934649641978,0.5371629774994227,0.4891451069003609
-0.7752138043241026,-1.0428008151573285,-0.3939778438550627
0.5555966538708248,-0.8359184971431032,-0.509780263792785
0.5651153077797835,0.950810695360328,1.0445045389213767
0.4755811862271372,0.2265514050434973,0.7228240449348703
0.1726995536848964,0.6374995451491466,-0.98000868139554
-0.750771369964169,0.0245396788393375,0.9058116268561004
0.5382404508211059,0.6944337437294538,1.1565541280914473
0.8817034764195348,0.5975151889449547,-0.766846114332343
0.0453243872542003,0.0209258058063968,0.5790781606502428
-0.0962839533398267,0.1712039522201604,0.3598387428302932
-0.3583443697418296,0.0226377617571403,-0.0384875697924108
-1.0396542160521784,0.1766576502743746,-0.0747598657353389
1.8400914067868688,1.2344426752817697,1.4041041787885336
0.8718938972719888,0.5004517148271164,0.1723196189704763
-0.909677003483242,-1.6699704492182288,-1.2863682418024724
1.7940242068127237,1.0043862108491488,0.6501589839149836
0.1893544549203542,1.0712569490726531,0.7171193789623327
-1.2694245125550483,-1.9243220820105131,-0.9322559323884904
0.7332365857658689,0.3938344910451491,-1.0324288168380242
-0.8614364840950525,-0.1348264377879932,-0.961406294938468
1.3339495418077063,1.0611909684281648,0.4824080544142355
-1.4162301579257714,-0.1015361238177188,-0.3890953408274531
1.2530728624998468,1.0358169023753985,1.1259646000780064
-0.4955106275177955,0.9255821245308424,1.0307273169980526
0.0770894169200178,0.501007776161212,0.201216371147369
-0.1351482329811908,0.0404786877436737,0.1849550962164612
0.7111064207406597,0.924807339140079,0.1354050007363503
1.0762912666065907,0.8381245689157075,0.0410119260381217
0.2859127597541708,0.1911528718101964,0.1231467831914371
2.588586866059877e-16,1.1984922149099484,2.189766638137321
0.5368686368673509,0.0728675612733299,0.2350764731843792
1.6348359058525026,1.073789782288013,0.5329395108811835
-1.6459675862492051,-0.5996205765692655,-1.9029847535746367
0.3929442150483753,0.4212091512058236,0.2264972448689956
-0.991066227631831,-0.7252882089922008,-0.0903018873595859
-1.2469594277526566,-1.5927843523964156,-1.0421166725672026
0.6100829660242194,0.4672975178649345,-0.0119734056173438
-0.2208410747752108,-0.1027931352757321,-0.1985889971994967
-1.1661238735272503,-1.3535070921915733,-0.0591893611204463
2.588586866059877e-16,0.9742356082854504,0.8851808678331644
0.5004761179758842,0.3064834988045719,0.2649106943227634
0.255996356818876,-0.6924558046647037,-0.9245893841622068
0.8772591005453938,0.9473504178379938,0.8055508762308886
-0.9751489043948164,0.0928274970581521,-1.0689072339275407
-0.7768581852607009,-1.3831369569971796,-1.8269410601068463
-0.1485175964971413,-0.0739530868050016,-0.4995571661298471
-0.8355742425025743,-0.305162665233753,-0.2858313996595729
-0.2274052381046298,-0.9785074401083048,-0.4020818975360933
-0.1171936810139093,-0.2399170385103613,-0.186394777311381
0.9421312879578864,1.095218230093473,-0.0817403231370165
1.235578210132373,1.2572257211755244,2.724109062037148
-0.2619318996799843,-0.2899057147977893,0.5057700324643917
0.1498585763995078,-0.3449406715846957,-0.318816882982554
-1.750316042902007,-1.5683380875265729,-0.8616008558989207
0.7149911002708561,0.90384297416392,0.345842144479
0.6232844147416188,1.1569165230530765,0.931945494599543
-0.572585690150727,-0.1402658453555698,0.2212121598858138
1.6226856380382837,1.0018582244003027,0.5849020434499368
1.611394711029609,1.1857824385933289,1.7492382925937158
-1.7020353075065573,-2.055001379299393,-0.85115044415727
0.2131555514561026,0.2836203906598792,-0.1821736820923722
-0.8673247745519521,-0.5846812953092384,-1.0682054481625296
-1.6321849116033706,-1.2429190254822624,-1.0130227504187588
-1.0801607096791597,-2.27110947962529,-1.5376952172613534
1.698260843663618,1.20574156543246,1.3761357946246773
-0.1678379696912331,0.9335567134587472,0.5686451674565884
-0.2504182083164087,0.4953692122154792,1.0120371458958333
-0.9839058583576784,-0.0821669877430853,0.6543656584984445
-0.4408909861262687,0.3998094556120922,0.7168688364534314
0.91752728059373,0.7103303899703841,1.3775383811806692
0.7259573485820987,0.8942461854980607,-0.0553323822151031
1.0675903851399624,0.7708715606134091,0.8159876744451496
-1.1807973368824745,-1.01769823628639,-0.4105493824584742
0.3076681638559558,0.706500492177195,-0.3376343121005504
0.2460837951292806,-0.055231516694485,0.215154407095663
0.0615027760297874,0.7906301637355211,1.1370883414792423
-0.221042674930396,0.0425884626872506,-0.1513180478920736
-2.167331946320558,-2.6195406805635675,-2.214830760502736
1.1056229794493042,1.003891212603421,0.3001061202962173
-0.8820895715332319,-1.77224887025581,-1.1388713589691504
0.5692041404402104,0.8149910805977325,0.910222565840282
0.6861770663525757,0.9548513499891476,0.1288012965528983
-0.7211637242278377,0.766914794250142,-0.2393549117368245
-0.1549207681791999,0.3826189487763943,0.5686568209769769
0.3886803842841479,0.8538304907800409,0.4039482395410435
0.2366027615321342,0.6629416951411353,-0.0064369195742451
0.5827983218388444,0.3198758282480221,0.900136973264236
-0.7098219306975925,0.0203474322343768,1.2534515442834164
0.9973083960785856,0.7585995229443702,0.3388397428028758
-0.6590906743198878,-0.2956832653224154,-0.4153548899223962
1.1045789479013022,1.1765539912451124,0.6706413037307168
0.6423747959937172,-0.8828228799081568,-1.6343484137913142
1.7115222255270408,1.0843362182961318,1.339812763160539
-0.6000959827620403,-0.709881085067224,-0.3478701608402517
0.5332812398645824,0.9316767203130468,0.7592427157703401
-0.6708198411359914,-0.2927828016803182,-0.1485656375607432
1.244635417058227,1.1397304621610678,1.076197806117698
0.5484528503091374,0.9398325665592848,0.8280812005338611
0.1814962481533025,0.2347752530977195,0.9145370897700414
-2.1070061954406167,-2.3499859689836904,-1.9206473063234075
1.244725030266858,0.6276918322480838,1.3810833764850912
-2.167331946320558,-2.027217843252074,-0.9639248986448186
1.7802361476112922,1.0317519509783184,0.6940345307349901
1.313974694027641,1.0238447144274403,-0.4740776508844656
-1.7088140363344009,-2.0977875632687746,-0.7651983695051784
0.4726904074380274,0.7478179703352112,0.5026072822130038
1.3194001610965975,1.1819492693712423,0.9197546822811828
0.6693708087938803,-0.3464309485525025,-1.020606847314355
-1.624431262839956,-1.7382655505203302,-0.5088676014995887
-0.109208067082509,1.2121783917761613,1.5317769443485478
0.4538246276225395,0.704065109292694,-0.6580743037562232
0.4180583070102117,0.755674572808071,0.5162087364883872
0.8353694787880265,1.1955613591957626,1.370328532141554
0.690947777371834,0.8045194972727167,-0.4261848185497557
1.452997580949,1.16401065011343,0.3626341814822019
-1.406648474736125,0.3174753920037499,0.5754518002931981
-1.647559854874979,-0.963661662513348,-1.4676040675919308
1.530669302038272,1.1183460840831485,1.1855354732889802
-0.8580407493212426,-0.6597419539913634,-1.1322017123777774
-1.5450617269431834,-0.843109093258899,-1.4450986751395245
-1.9327077126125392,-2.172602221462488,-1.93216175494976
-0.9260302183422476,-0.7343213908573684,-0.5662563966718642
-2.167331946320558,-2.5355609135381285,-2.4049551972418657
1.4747509990620402,1.131731850716269,0.7985609684342069
-1.6246932015909703,-1.5489716072660509,-0.9539929237919512
-1.9131655415497888,-2.487849986908885,-1.7194493269579647
0.9500493614445024,0.9955154384864544,0.240978531147661
1.7180132595404332,1.009580722289758,0.257340117466497
0.4038488347452422,1.1188181939641055,1.5387638433622015
-1.7463393337404778,-1.8568623374238324,-2.635291221083259
1.1670224412751322,1.015412090491209,1.309739732355692
-1.5860285871781818,-1.5065173746687766,-1.677849594913438
-1.3580738208517795,-1.4868497822917048,-0.8110418095910815
0.0506473129071954,0.1233698279832418,-0.873787091323708
1.2428177535977551,1.0990211673869787,0.0334903146387415
-0.4430507827582607,0.7256214889119104,0.7532563312304515
0.8283890009115855,1.1488907026582271,0.9671325558892364
-2.167331946320558,1.3017991140786909,3.110381384891552
0.7649937132045421,0.0889772208062244,-0.5101334995539025
-0.3275341644324348,0.4379891140945627,-0.0708587608217663
1.2251997283580756,1.0251114254574285,0.244216297612695
-0.6995882239419969,-1.6963288565030492,-1.9147721445567387
-0.1069164757420687,0.2469862514123423,0.486803612530962
0.912753510664087,0.8457019225316578,0.5773067169353774
-0.9739644315143956,-1.7265375647178782,-1.603532545893935
0.3112597384627524,-0.8019543348440443,-0.5843381183715277
0.0706011664480809,-1.084273408898481,-0.768925614932302
1.8400914067868688,1.1671484719198089,2.0774122594330846
-1.055456945467283,0.5416547876263065,1.5723924526384114
0.7991603039201068,1.0828887158979863,1.873100156743643
0.2799129774859562,-0.2802555661139478,-0.5199514257313081
-0.6370968354843793,1.012814615269925,0.5687174504724705
-0.0116426268296156,-0.9776928190872332,0.5698820717931466
1.0433414517469572,0.722087039015994,-0.614853279768593
-0.1894086177681488,0.6097501527243673,1.5052768330277455
-0.5256214100844426,-1.188005230266323,-2.653637303753207
1.2906782706259057,1.132908954519659,1.3706478988026474
1.8400914067868688,1.247236580538042,2.2539826621660275
-2.0797449667111003,-1.6000679064268792,-1.8025547257223415
0.0046950015852421,-1.2410743615931152,-0.8508039188578836
0.5397546881491871,0.8235146148884233,1.086464145619887
-2.167331946320558,-2.306766157215941,-2.089967567362247
0.3883125749645691,0.4998577305776412,0.1874836832713378
0.3168669138188529,0.797404747855832,0.485682527993865
0.3728618219389371,0.8961238419884034,0.4990030553483647
-2.102857073637309,-1.6323639610879874,-2.4363924460258266
1.0790861417394633,0.7122911506878848,0.7209833240324781
-1.4671613792237497,-1.8117631609182236,-1.8754696250038312
0.7641683422142279,1.02128622974077,-0.3770815435764556
0.5110669616625751,0.914686340106037,-0.0390092403076028
0.7592209985865903,0.8916233179581726,0.286288015940272
0.5876106511629262,0.216829346109045,-1.5707256925138169
0.2896471689408504,0.4900448443632054,0.4245972677922995
0.6657972604275846,0.9705642002292276,-0.2295722520371573
0.7988636186172168,0.4754180248096179,0.0671835648195548
1.3472119597383554,1.0403345893122542,1.9870622541812075
-2.1566810142074915,-2.1481802728471977,-0.6994164989996775
-1.6536469412121269,-1.4996611055662423,-1.0927996653984955
-1.3566377129317104,-1.0886542314809249,-0.5273899541637012
-0.260934604088165,-0.4552689682379726,-0.5727514685655692
-0.7762263455401387,-1.6000628936582684,-1.0853659056720932
0.7525116690510554,1.055867306739748,-0.1655705968510523
0.3165043108599392,0.4622000680558729,0.286719143574519
0.4311928011816806,0.5338887568941755,1.011408915525586
0.3402902704258187,0.019776008787442,2.501748042077938
1.3654471683389815,0.99395830300642,0.2608651400361602
0.8028436670718776,1.0036351478192893,0.4331572307166543
0.9231255983615858,-0.0150621370544436,1.3862531555933295
0.4937932775495815,1.015591859831484,1.3485927716657933
-2.1146254375845897,0.0258314675671143,0.2824514487801559
0.2858790136796593,0.2745612177404828,0.4375515417120302
1.3898914888462774,0.8325123874957304,0.8743813095161879
-1.1215757391045031,-1.9985803982267385,-0.9389321971179752
0.7384683078508253,0.5337618428513125,0.130923256806053
-1.3539965077824496,-1.3682436125615205,-0.9988745772440348
-0.3642584822093552,-1.285946686365179,-0.4540087561675106
-0.6679642957950994,0.033327654265834,-0.6753394090069992
0.7001604679473108,-0.6940248983692552,-1.0299746378694397
0.0710697897413063,-0.423432219700612,0.695729245847202
0.712771186582223,0.9118627972941024,0.691087805546542
0.7693906803897853,0.5595866827421323,-1.0186615977848774
0.1689412543867293,0.5569479353780273,0.3652371025186619
-1.405782527362223,-2.231088815298017,-1.813560317952312
1.3267474970083273,0.9553029951711096,0.6742403613392033
-0.6000683368674691,-0.166589880338608,0.315784175314364
1.5394040633859878,1.1525940659503109,0.6009452911369465
-0.5659346599843413,-1.0979121276704629,-1.000457661802591
-2.1435749496880394,-2.4064093063789898,-2.052308874475996
0.360610273159026,-0.0486759136808533,-0.7688554440272684
-0.4966107434190934,-0.7756431501990054,-1.162438081877032
0.864565803074705,0.5909744428433819,-0.2744373501765716
-1.4951362226862135,-2.508242215197839,-1.2531144989924698
0.0979294083340923,-0.0331362921129238,-0.4570402006951378
0.5987226816336186,1.034633945344784,0.0988060602126841
0.249175596325799,1.1674654575405834,1.336195299697472
0.2773289747927629,0.295724953080858,-0.500494749435093
-0.2427475874059244,-0.695423362736134,-1.4687588474852806
-0.2925440274107839,-0.5549094625422184,-0.0420704291928902
-0.0820375778601594,0.6985582802944564,0.1822178868360206
0.9887942974166825,0.7876612994897952,0.2451699247602697
-1.2127205307718334,-1.2297651765263833,-1.1615095113902285
0.9215110764078706,1.1303368445889936,-0.0105176938595922
0.8195327340646128,1.113204654938701,1.8304247205338695
-0.3594062219581192,0.6033024381444878,0.3692600118506205
0.451268570012112,0.4106494177026777,0.8024993818267667
0.3150858769997431,0.8149003000726688,0.4762818884463543
-0.3836604121396241,0.8000245778566719,1.0566174774870218
-1.2649560339370312,-1.1007163708341434,0.4085069709995893
-1.449567982533602,-1.148190914819976,-0.8199343691472032
1.1435542779552066,0.4730182146673392,-0.7129068104475222
-0.4874663846761714,-1.5263306948827278,-0.2129131625984873
-0.2162370818007277,-0.2444149522345582,-1.3218719658835427
0.931048525218391,0.5887489427521563,0.7346872198696989
0.4877443589948916,0.5662222723236352,0.472951662843859
-0.1491676573166293,0.3399756505399389,0.6136996201194125
0.4576125505590481,0.001382971445804,-0.6428247598533893
1.6455231737823772,1.0171905043827385,1.4662296838021196
-1.6782702590148528,-1.45640257065522,-0.9867319188867266
0.5778712764155965,0.2574113814709521,-0.4028289566525663
1.1296721707943778,1.0555377067860885,0.5092934916546903
0.9739152960854016,0.0435756852317051,-0.0799865189889946
-0.9665059383808032,-0.6232862040208141,0.1520142610148078
1.1436769962907225,1.1873206932735274,0.7333525682837341
0.3854713147876895,-0.2850201482084972,-0.0038098507710031
-1.3569585784552578,-1.3843650341440576,-1.330911330751043
0.0682161483792364,0.3510413697339726,1.5069142634437005
-0.0077523282112278,-0.0074874965080124,-1.4106516248821823
0.402676332017451,0.3014953645323249,-0.0944718722992298
1.148112813467011,1.0449958061938938,0.3378178258132334
-1.2852043218423546,-1.178177179740208,-1.883438306315256
0.7581675241856468,0.7313362950226469,0.2882677060217168
-0.7771459526379841,-0.9886783325807436,-1.908059674591062
-0.846121608073195,-1.2843177062843476,-1.5322399367736352
-2.167331946320558,-2.053945940093592,-1.6014841949629806
0.538017738883914,1.0421368605707453,1.6847082717441364
0.5783340023459836,0.6813017705768122,0.5075201425892281
1.0282701828477006,0.5344067277145567,1.363707421475853
0.2674157449690574,0.0619349276052699,0.2465565337585636
0.3551030566414648,0.7895158480245588,0.5961199385230178
0.9594152120852404,0.080625605771255,-0.1726696617687121
-1.288369778365347,-0.9422014064574734,-0.7181694820424475
-0.9616375811486968,-0.2957817831913888,0.0070555637972686
-0.4768258601879814,0.9486263602581954,1.4956740434207112
0.5493154214713384,0.9154903101839472,0.370784455880015
-0.3121726267605854,-0.3618761098577625,-0.0529097342556875
0.5590192147402974,0.0891685450156765,-1.356649988184308
1.8400914067868688,1.2130224579311455,1.0596241693169173
-1.0284603384597115,-2.170376502636222,-1.5732662372381194
0.0424311510494599,-1.087953728300113,-1.207018986192645
-2.167331946320558,-2.1621297460307365,-1.769801688988317
1.1239043118608365,1.1881860302648315,1.403918798655728
0.3423187320128723,-0.4895122916550866,0.1852467912712818
-0.6677065525994623,-0.7843755990467118,-0.5200211789391622
-0.2405352455065573,-0.945164850326416,-1.1847217027813035
-1.42994557445187,-0.2008353236804955,-0.6592485734569031
0.0386609133683057,0.6501414443012321,-0.2540738142823772
-0.4575124788346482,0.0253602891029388,0.4795105618455532
0.5437815699377213,0.6307484240304267,0.7753959013125327
0.2265367398922798,0.345393171582046,-0.2603203569493516
0.1448998774406307,0.5672255562956661,0.9932843805235936
0.825345168662363,0.804130883759614,0.2531412046545129
-1.2739731756190296,-0.6831141563863464,-0.6447533202576377
1.6273288831702326,1.0516493281466035,1.633001493267643
-2.167331946320558,-2.654013718615903,-2.653637303753207
-0.246490212778584,-0.5537899366160792,0.8165790331450578
0.914747736532572,1.137722601224466,1.5583012898522053
-1.4822578300429752,0.5754191364819112,-0.0550354891213602
-0.9288227705706434,-0.0022430749044534,-0.0263093745947706
0.2129044068912488,0.0475117678365371,0.7308375122720244
-1.6504601986387242,-0.5795725053618062,-0.5322767642040505
-0.9910548945013744,-0.1993788336527105,-0.1085450723356103
-0.1401718983319623,0.1591904669275073,-0.1544704728286024
0.7214552310149022,0.685538047557956,-0.6298945771591985
2.588586866059877e-16,1.19290391172531,2.0738007843153787
0.0237602530532355,-0.4554374275330993,-0.0685577622467186
-0.8813219639188652,-0.9029550674096324,0.3728503152080575
0.5870871343542624,0.5532904053308999,0.6794358970857065
-0.1456977573334088,-1.1598267414176775,0.4116811077173926
-0.3477646282600688,0.1147203381560867,-1.5941410652415302
-0.2895924600114828,-1.8728026928060584,-0.5705577853658762
1.8400914067868688,1.1191739700670733,-1.0504683483242667
-0.894316612617256,-1.0300710499849486,-0.631329344335281
-0.2366167099027629,0.2292467232444254,-1.2234770288083898
-0.8328893101516375,0.4175376239602968,1.194025957814151
-0.0931961473118444,0.4579683044561625,0.2996455717920648
-1.7702508874402254,-2.054960009128298,-0.9363345066615664
-1.0181844316087243,0.0967190339227535,-0.6869039768327195
1.8400914067868688,1.1977119460132075,1.900788302849965
-0.9943210219656056,-0.2134347110352563,-0.3045641634618326
1.1017506726359416,1.0447099331574528,0.994860317891996
-0.424818434063726,-0.3386744727403967,0.8754200457138654
1.085239376157567,1.1781310506893763,2.48496711539123
-1.5060107244335224,-1.0525814849172923,-0.7489482394784064
-0.0985263290390495,0.7033292852773814,1.9151993204646132
0.5028937986457477,0.7978783846301779,-0.2832009385677789
-0.9028354266695436,-1.2320883677084673,-1.3688508286633765
0.4009242089642306,0.9367529623330978,0.7940515809091804
-0.5299759737850341,0.7063201735819348,0.4868384884349375
1.3006376939529096,0.9992498937090232,0.4994131506795667
0.1651911858210731,-0.3085266200085763,-1.4651026938476042
0.1839110903704,0.8302765153641221,-0.475574158737833
-0.6314205837650568,-1.711199261447684,-1.622475219959563
0.6379791155866337,0.9715856635668404,-0.5394522987506073
-0.1721336998957533,0.1790311823128803,0.4688983488429231
-0.4491030645253525,-1.0019640801161578,-0.8260116771748
1.1739270716567476,1.1328448769300872,0.6636290162630892
-0.2114660344824364,-0.9197891972577892,-0.2323139363731632
-0.4895165996636715,0.0100257117119859,1.8185233150754896
0.49971570310885,0.3130057323311591,-0.9320343490945042
0.6099451077855024,0.3574116461240842,-0.1369175304362981
0.6315818465065435,0.7890013231030886,0.0896239544307898
0.4351880523837726,-0.3341253785405093,-0.4513055051316837
0.141180707733593,0.872060515250703,-0.0248789402795213
0.7663423175123737,1.2344107423864152,0.3835285872261473
0.5291687506330816,0.2212577744575172,-0.1872871232751516
0.8692286693791131,0.9102520815847474,0.932061347817596
-0.7106522491156664,-1.7667163530538836,-1.27827677069162
-0.0599446769564173,0.1337106766210063,-0.6039899975948548
-0.6085482874438554,0.1454368143108066,-0.8421205965025754
0.4692293596720112,0.4865026134070506,0.4817023464332582
-0.0308477623647097,-0.4834821270709717,-0.2120960294427894
-2.167331946320558,-2.563445714296844,-2.537432669688205
-0.1543646657894906,-0.4498526192814622,-0.6304291370551794
0.7064324764340743,0.5982824468049153,-0.4399105247373994
1.4541604457385893,0.7707065574075134,-2.5597385050012448e-15
0.6987324128598901,-0.3800104014787621,0.4019208442511802
0.4127338435088837,0.7040093573702909,1.0696741334285476
-0.6867164260432185,-0.6199964111701981,0.8414190705609416
-0.727386352811155,-0.9324300205686352,-0.4437599884301216
-0.2119544788584931,-0.400980987291992,-0.2578971498256902
0.7379039019022244,0.8049305072438057,0.0021040782224533
1.1890069192115027,1.091856033476801,0.2755320699927966
-0.9210558974997708,-1.9707765695910449,-0.637601338656818
-0.0835162891742994,0.4174355929066599,1.1232570332211542
1.3500129269822574,1.1478190274901845,0.2022600223197863
-1.226778816613996,-1.252806806016322,-0.9321931983730072
-1.0871809717867087,-1.0855990778303035,-1.7341777056965415
-1.0144077169359005,-1.4348333171484005,-0.0439503700386867
0.7612988375290175,-0.4414841210494238,-0.0727464808634869
0.1054937001859909,0.4997262506851477,0.0005950946278201
0.6510223064622006,1.1194638048809709,0.0754702044408902
0.9804771663957618,0.6314617258546311,-0.4196150848111749
0.2728201117653269,0.1627659174533832,0.2862169953714377
1.8400914067868688,1.124801095554121,-0.0052839568359888
-0.9627962782522153,0.0435070780538834,1.106128500344192
0.0247417055962486,0.2409401954572832,-0.0346693677352265
-0.6815526186138565,-1.0810339895126957,-1.038290190397274
-0.3874221564735666,-0.5374280101479721,-0.7080260879593647
1.613911599645094,0.9231599479869912,1.1874691363929393
-0.5304162394801573,-0.181113447531089,0.0581578814492225
0.3425665304599793,0.7051252052921139,0.1804187291758247
-0.2535758903411528,-0.8038072339888427,-0.1433597119483151
0.4815688363002124,-0.0041238908540739,0.0373434873247039
0.113382490529319,0.1042807986011577,-0.5182786326878728
-0.7567120027187245,-1.4764517287319203,-1.0144087684084746
1.8400914067868688,1.239619918411026,2.44494888857426
-0.8416248877683483,-1.3704987956878067,-0.787518745213231
-0.4979772429442823,0.3597902061740521,0.4520935382617786
1.2108736914365374,0.9842533984465996,0.0033642316408503
-1.22409050418858,-2.1750611698032567,-1.4616773898006974
-0.2040778430259254,0.3843532678427411,0.7346858737419991
1.7254433789656154,0.947011336376021,-0.1412199808518179
-1.4404656648614351,-2.147706617278758,-1.5450623415327105
-1.4808590668958317,-0.9809556196447464,-0.9748358128756692
-0.16961999707198,-0.0093125369213732,-0.5491745983695905
-0.5404411643492558,-0.2050673400181298,-0.3415860195610389
0.723470703449104,0.437694597840789,0.1363248873024966
-0.6342359259215564,-0.3023851488103021,-0.3417403132479106
-0.9445401098182956,-0.6821604131979754,0.557529761100781
0.6053029782761333,1.132333520979096,0.7405594186957705
-1.174738464362921,-0.8242405069896165,-0.1257565055296232
1.4763770363048507,1.098838113641953,1.857965554984308
-1.1274258683715317,-0.9687733688671094,-0.9301862702147154
0.6372994326310926,0.9108166736891634,0.5542598288859608
0.1949678131208315,0.0610628721767287,-1.2354736868787866
0.8105714614465676,0.9588270728783748,0.9223735402162446
0.953917923767278,1.1483184956961685,1.38624735779576
0.4915196714317479,1.1374525229442511,-0.5847313799985114
-0.1463730416973601,0.4821110033071419,1.020996367926453
0.1603193471273311,-0.9436157527274656,-0.4993355330941084
0.3730842194899054,0.7050901167321462,0.2936690653350245
0.5861963948632378,0.8382235211433301,0.6471239929792094
-1.1316372706736235,-0.8143052639968154,-1.0092151061622183
-1.0248475800847607,-1.2630122182289685,-1.6308913116611996
0.3228747019003492,0.9908536598498872,0.3562008465714775
0.3883447148960274,0.940327413423944,1.146996288235865
1.8400914067868688,1.1804341343482272,1.5409794367587035
-0.1162447018827047,0.3220045933107294,0.807975672148734
1.6906379548197987,1.1706058050812709,1.6638879439727403
1.1928869340956705,1.1220669233553884,1.7040153912489675
-0.1206528797861501,0.0,-0.939926316096996
0.9091615889634024,1.0404057839662897,1.078761810753489
1.8400914067868688,1.0892697308601014,1.69710570021937
0.4824194076585088,0.9483520747094988,1.454172394430833
-1.148023397190403,-0.1116010879828292,0.5941653968160957
1.4562061573969205,1.1823600707083708,1.7043479993335142
-0.3542496127014999,-1.109623901468891,-0.8578422098375973
0.667974216521052,0.5367914475781598,0.5207545723423371
0.5657441493289241,0.9178300440922148,1.7158078050351038
1.7286588927109527,0.9950521981568434,0.558005929788933
0.3639788797843922,0.458244292238203,0.4015212522099743
-0.2572916355380227,-0.4005539129602062,0.2860548684293171
-1.0304683932668282,-1.6005262247600431,-0.5509198214917878
-0.3387583722000541,-0.9891147258331672,-1.479250204573312
0.2057809865706372,0.4656911864133229,0.2786634977465914
-0.3763232321944705,-2.2145581932954848,-0.536777290793351
0.9216038554417209,1.0388860036120784,0.1877210671703521
-1.0518349406940302,0.0978358572379176,-0.9046744592961165
-0.2963372661189579,-0.000300289226873,0.3046161236313098
-1.027335824278664,-1.0926087338439376,-0.3826457807249004
-0.2604680361389145,-0.0791306133792533,-0.7596306164299809
-0.8668593280264858,-1.4934241906638532,-1.3637730416422356
-1.372510728359029,-1.8857519428666307,-0.4980159899401214
0.8490960213411354,0.4474487965652025,0.2853906026162051
1.8400914067868688,1.08005205557194,1.289741815728086
0.8470119564364308,0.4289399026888644,-0.2828489102615105
-0.6974148537446526,-0.4735939064972658,0.0730788803613521
0.045497110003045,0.452748583344907,0.0592774370009632
-1.265857521155229,-1.3044188066712508,-0.5397996496722134
0.6609083175711521,0.7487437947449037,0.2862800671503477
1.8400914067868688,1.1891683719513615,2.3876001603725845
0.6204366051493262,0.8835041741231049,0.4585127332290997
0.2034713683701408,0.7815711501281075,0.830047573825362
0.9283360175309008,0.4923295336389341,0.1417139836346326
0.5734501553066307,0.7243039302635575,-0.1451193958067367
0.0768474668280358,0.8717710780479627,0.8258136657516295
-0.6564004240879017,0.0208476916619035,-0.3378113540059009
-0.2425940246514562,0.3794832329002323,0.0668381019697092
-1.956061510683383,-0.6097586967029232,-0.573041414054434
0.2797578023804118,0.4914812983819695,1.4907199309745676
-0.9806867095446744,-0.7681860125538625,-1.0646169795712814
-1.3920836347137693,-1.128816312282051,-0.4562892743757181
1.1340780064310212,0.869441724271029,1.9051403949005932
1.1318240415037315,0.5488990608668006,-0.1378995034763627
-1.1800913224368392,-1.2887103296493432,0.1239652213527739
-1.6237169666135909,-1.7168904127742932,-1.450235749742101
0.9672866737412118,-0.0341835109341131,0.5750608270309138
-1.3703647186085377,-2.348191412848848,-2.653637303753207
0.1290679033316072,0.6015486926490352,0.766751285916331
-0.6889317168807566,-1.1162680939365623,-1.2330012935372572
0.5251073171582512,0.9451145257325176,1.1968830141470417
-0.5763197675098054,-0.3186841760485245,-0.4120213140408508
-1.195390020675086,-0.7806911584179658,-0.7229989713557293
-1.0415993319543764,-2.5550820046986846,-2.653637303753207
-0.7242854734701608,-1.0971163179845622,1.031162496488109
0.4880140492253242,0.742840559313985,0.111898705201156
-1.1941090003360937,-0.6913072034671345,-0.0592720778161786
-0.6332425502025113,-0.3889721881031461,-0.2731755957619578
-1.3445087305733827,-1.82847326308711,0.0407832865893455
-0.5106920838817364,0.5247547895082941,0.8159204313086695
-0.2004395038797806,-0.2832584673994825,0.7693074099137204
-1.4342510404828497,-0.7792406133683788,-1.2133313399265924
-0.7479588265722261,-0.8249089230587178,-0.5794418784524782
0.0757327456422286,-0.6853460201257382,-1.0306856424029749
-1.1124050080798489,-0.4011022707499098,-0.2877168079404765
-0.363931844829295,0.0161999383386813,-0.1933412968861185
0.5353022079333953,0.5000039438314386,0.2682379714348027
-0.0719890271431318,-0.3429877385395986,-1.3355341018868387
-0.6755327135537282,-1.523397497640768,0.0362004862374449
1.0477303111652234,0.8470213434503993,0.0711988028301014
0.841027031512944,0.8308762622994272,0.4982517518041467
-0.3805092040460514,-0.4575013093878569,-0.8776464867272389
-2.167331946320558,-0.9083672983439448,-0.6035313245930486
-0.3569910001197675,-0.0020686422336517,-0.5895684429038379
-1.814314352702057,-1.8008982448401192,-0.96917838532251
0.2264011294879251,0.7866213198381159,0.9365234037309824
1.1487667396868415,1.201013265379597,0.0861297892836472
1.2986366404842542,1.0776543696283,1.586990405458233
1.272720305550639,0.9382706366477114,-0.1630813496589443
1.0050583989167028,0.9223526221478788,1.3673745524472332
-0.008363096771846,0.4137922670194284,-0.5122173170172021
1.8400914067868688,1.1843573893958297,1.872827108570167
-1.0381522354993034,-1.6910031489954769,-0.117055603571386
-1.4155183126172113,-1.497472515886464,-0.6369827429119295
-0.6422398024326708,-0.7071912281325209,-0.6326491295472153
1.0090088380674809,0.701170552606719,-0.7718884045382828
-0.7456630302572961,-0.9071068829932644,0.0399814015525497
-0.0572342977212589,-1.1492378752520995,-0.1862885183373069
-1.7592541140459343,-0.9082025592774868,0.1080772789514943
0.1327980118116045,-0.0595116602369161,-0.2699762407340024
-1.7973318775972031,-0.5519216428737328,0.3375638430950616
0.7729513711594408,0.9427636124425084,0.3537058480369838
0.5274502808088002,0.8192369107266795,1.134615680196476
-2.167331946320558,-0.9600946781306068,-0.5157235537755569
0.6582717577611132,0.1879576323476953,0.002248069469116
-1.6541003537411625,-1.988392010176872,-1.3738581429740246
-0.7288310929978297,-0.0150573671142905,-0.1751357919699354
-0.5205717482705657,-1.0488061748027309,-1.189380148815804
1.021028828434773,0.8487619010081924,-0.4686327385171563
-0.0671818939555829,-0.2836058726391393,0.4400628638886598
1.0778649025904596,0.5535276015649733,-0.3290026137244722
-2.167331946320558,-2.2976731253225977,-1.0641693618206745
-1.31449488493384,-1.1422786246922507,-2.0925979172793427
0.7402893053759898,0.989523166545938,2.013606392202393
-2.142267435023185,-1.870351726358448,-2.436610892207033
0.780976404006796,0.0738158904619638,-0.7541900348352728
-0.9589653805263844,-1.7641952726253851,-1.4406053263747296
-1.4029030508859262,-1.3966731452453829,-1.0428314655469093
0.5881625516716796,0.696820348720961,0.3369328865046438
-1.1048677340566952,-1.2855851565551373,0.0994101355248853
0.2394118483557317,0.6216882634648935,0.8209782149637619
-1.4208827141167788,-1.0298393523931784,0.0648818731457554
-0.8823854392656391,-0.9674698603516368,-1.0206600503368135
0.7869017193926567,0.6366656790178308,-0.5193490075496595
1.6665538612901112,1.1604829252537885,1.52700649532124
-0.0414603209344396,0.3852739883833469,-0.1447873967202317
-0.3502167414945057,-0.5892285517787251,-0.863464025137354
0.3688081653627284,0.0876975539700739,1.6230945921024234
-0.408260026099873,-0.0421918876882697,-0.6892230255650424
-0.6911116636124183,0.171176079862439,0.2803426132664358
-1.1888952009342582,-2.291775901555919,-0.6471903364397307
0.9068959785729744,1.1521290831195778,0.9814038564408496
-1.855739623311868,-0.8637632842416669,0.1439108377283603
0.0143588552939347,-1.028140364353958,-1.4264874935496323
-0.5760060654899185,0.0309496662202748,-0.0233816986041052
-0.1809997999683586,0.1759444434658453,0.2139976214270213
-0.5111288277491842,-0.768238555183794,0.1628114232527024
-1.5534816623094234,-2.2367656255256416,-1.135100392009183
1.4777478267934,1.1162478916647596,1.1833373828650835
-0.3663010252094366,-0.409348011226233,0.1456282638483858
-0.5451504926077464,0.3270720489442378,-0.3935830367998124
0.3463205722260082,0.0790910928960473,0.0019898976674667
0.2835674140524471,-0.4102158444671658,0.194924270822568
0.4606634146768206,0.5509988365187074,-0.2341645086049639
0.6646349684496683,-0.0596283233482829,-0.629956728798625
-0.798731418952203,-1.7134364669860154,0.0732670802256559
0.2061705897883643,0.9020414571993388,-0.6645299964083551
0.5452768122663647,0.3749746390694958,2.2165435538713507
0.0929179549824996,0.7039023631456931,0.5807733322451043
-0.6407508911103068,-0.2939529941866425,0.1982578544823319
0.7080629434866449,1.0414588898776695,1.60997124635429
-0.1683088419397919,0.1979531530490013,-0.3135055038220881
-0.2582994279025494,0.4589454541420816,-0.5661657459031861
-1.525172985534387,-2.339633881236567,-0.9862279145816903
0.6680009433546523,0.1363961615092372,-0.386265487721358
-0.2498069695837161,0.0641623315153825,0.3424592587681913
-0.2293671399739984,0.7971401319836958,0.6196233676245819
0.9922920189006909,1.0650827796207656,0.9497080666198048
-0.8966297241067737,-0.8208963591254919,1.0953813903833525
0.7861372586515817,1.1071626262936305,0.8895752492717299
-0.434961833697555,0.0211352442385043,-0.0316933779667628
-0.3758562429126489,-0.6625973365595914,-0.8089153300528408
-1.0773448483896586,-0.6021316364868561,-0.9376837540671692
0.8851393861619066,1.0436968267481972,0.6680428701688376
0.1842232025969384,-0.356164389926205,0.0637595772702303
-1.476160678279526,-1.321744684802225,-0.1049911211223064
-0.6528361395102164,-1.058344887474198,-0.9662533227600354
1.0188890541136764,0.866014940737957,1.3708608374547746
-0.3564541135535179,-0.7022086342331878,-0.1035513996071292
-0.2353304653964858,-0.007525118344166,0.1512613307276195
0.3482184536988847,-0.1267848077788834,1.2012698690830008
0.0938374231763919,-0.2599584826884909,-0.0945719811273605
1.8400914067868688,1.186658980944835,1.1060217548553466
0.6141389240115704,0.7593559982778587,1.4382059742826865
-0.1979429036758692,0.009039418380061,-0.3178828962393331
-0.5686301845204949,-1.2775639232850111,-1.0012756754610286
-1.10993666852398,-0.9504457016290514,0.2848849903274137
1.0785983544639142,1.0160735633800873,0.4373310229331197
0.0381364487878288,0.5307122223756394,0.6960687898605662
0.1030909281862431,0.0167383613944747,0.283311243150728
0.8486870533191838,1.0535429724848415,1.885779175550212
0.7244971720014034,1.0868039459610088,1.043973800037408
-1.1200031768520384,-0.995133261815288,-0.7224673005696081
-0.7843541056407405,-0.4860714222288455,0.3449484037165875
0.6172574891202064,-0.1018076688850313,0.3914178683611387
0.242675342527425,0.3230766917377711,0.9732519893559076
1.6742912056104566,1.1508259090659232,0.0869593482941078
-1.7367915186615508,-1.9377547805412496,-1.7617452033590026
0.6066193423117989,0.2447134608389377,0.5324522209999427
-0.8799696584771894,-0.5081335197801029,-0.5439542206016167
0.6473984620285926,0.3786126315550158,-0.0445701420375747
1.0646594919700876,0.8769443797628973,0.4014287001710864
0.5825346966368591,-0.4223423917201845,0.9007679868654084
0.7143642778406746,0.6236434323880755,1.1619380424452337
0.380649414018301,0.3773733043353011,-0.2781668025482092
1.8400914067868688,0.9978739555916428,1.9991198958169316
0.2854913799121792,0.6537018624815688,-0.4327815680708285
0.6539994190378361,0.8642060384513686,0.7919458734444281
-1.0476879273762394,-0.8761281428593095,-0.7487634881530976
1.8400914067868688,1.208211563794445,1.553558025330774
0.100760150903,-0.084624535810689,-0.0336639516071529
-0.3438708226242837,-0.9721350510747988,-1.748939377913829
0.5743738434414568,0.6198664734479211,0.4249676352591643
-0.2209740469454371,-0.0220017117788823,-0.7223916852963486
0.2167600454957799,-0.0347600229514484,-0.1041315731284059
-0.0595882021605741,-0.1822142096449633,0.1500793233831406
-2.0135433221275894,-1.286456749655501,-0.8767182538079575
0.2811808986926092,-0.1811054324900202,0.2484292434915023
0.9588302102023788,0.7008633242676866,0.7814041692920074
1.1962120226960644,0.9193855315351932,0.7043525857325256
0.3101373187219198,0.573228574415011,1.075105054177914
-0.6110708773005183,-1.0110367505951678,-1.6514602551804491
1.245738698108955,0.896817849931229,1.2879487673171832
0.1376921474359088,0.0516948705373828,-1.0411414268584238
1.0287421245700583,1.1124266820599404,0.3693048035691469
1.119333956002652,0.9153981629792364,0.6252048008196339
-0.3372954068696738,0.4149662535648848,-0.0708290917874398
-1.9296668891106616,-0.652087695610918,-0.5366886035419997
0.0719971180184061,0.5344893864923604,-0.239851500664637
-1.8190464996468467,-1.0404671188309282,-0.3352112132693245
0.8818152495828191,0.3495372440073652,0.7013131048291235
-0.8852017253906079,-1.1235515766196358,-0.1444483092516241
0.9593428439738956,-0.0835865940753947,0.1326150275953372
0.5738783225466713,0.9023475866282727,0.8515612361304419
0.8444324141699157,0.475409014145746,0.4916231946520185
-1.4447926845854142,-1.0280383952512524,-0.5664852886662536
-0.081063298045126,0.8360883566299768,0.8980570171132365
-1.0192735179527557,-0.382443337239027,0.0619703883171275
-0.9866941161101264,0.1552589462821351,-0.8745520740617927
0.0063232222728341,-0.927541260516801,-2.1575958498949976
-1.5594916008328308,-1.2154408541381467,-0.6438969581754557
-0.6308172862666456,-1.4614161915009605,-0.7252108022472457
1.2465121482487098,0.0,-0.0982872121641246
0.777803870690763,0.2771983805851384,0.9254175989345949
-0.7502591125576714,-0.8509295698728522,-1.153845048799535
-1.2369428584191868,-0.2503239034272831,0.0056381514374377
-1.721360297063966,-0.9617192404484448,-0.7180129396229339
1.104331991519871,0.9659205780799038,1.345930057844665
-0.5804871384944471,0.4461422223750346,0.8446989026013899
-1.1379189915030403,-0.3796510476861709,0.2749629220607202
-1.4301290636208266,-0.7464887836536237,0.0706753900126953
-0.8195200062356317,-1.8807623192308704,-1.027997826246703
1.8400914067868688,1.1513782007240865,1.5176613946183983
-1.6389712777534708,-1.2097501594899334,-0.518777079163437
-0.1223153440312166,0.5230779213817701,0.6907651563552332
0.1780744010032698,-0.6071462890874892,-0.1073116302405628
-0.0168076294831788,0.2922882132452644,-0.5750776538882667
-0.7284288380213089,-0.54995123057446,0.0299270554935578
0.5658955729455069,-0.5365351710667349,-0.6596074877426216
1.011884351673721,0.629087203975094,-0.0098699517238738
-0.555597691410281,-0.6191987275757285,-0.2406419491465612
0.4681558789222346,0.2584875801723914,-0.0931524829429866
0.8220376266081966,1.0041306639296024,0.9420336720503448
0.9458737180542558,0.8213918115651986,0.5094313585858179
0.1319171748243323,0.0005490365137724,-0.3949100616433196
-0.7112906086348305,-0.0798651500618909,-0.1234055889906091
0.753175851326525,0.8005647715718281,0.0428951980976136
1.3284106285965116,0.8915069449765369,0.7697659024660056
0.3177348347648364,0.8780786087586202,0.8368791881837513
1.8400914067868688,1.1075579529902897,2.1820267561945603
0.7855348357457099,0.8369471277782329,0.4604641048510026
0.644440245480419,0.4462191180572614,0.5089692445811786
-0.5750579506180176,-0.2761850694773218,-1.1497867418201906
-1.0736160677470523,-1.2592082793632484,-0.1238989973535515
0.6136225265045374,0.4581553680781444,0.6362956467533071
0.428213090002179,0.7636449315391173,0.4379178374394567
-1.7582489273323003,-1.834959055068716,-1.0279370731611397
1.2172459808076994,0.0,0.568620567298676
0.6079929930104434,0.6456997144319271,0.8088824149872208
-1.2691947901790817,0.291629728578361,0.1578851698586836
-0.5953586187081003,-1.7838385371901992,-1.8990695770989556
0.8872501685431331,0.7010035728307576,0.9560997525859124
-1.4826643796772303,-0.8917483789545759,-0.0191848001895185
0.085197156996622,0.459257644525101,1.139495382860119
-1.573332510362153,-1.6615487118723973,-0.1503338104355806
-1.5578592847445076,-1.390512768494388,-0.6184962767031906
-0.5200545443206155,-1.1092054426327391,-1.5997032386737964
-1.2647741135564503,-0.7327662552652171,-0.3580274139285356
-0.2906289976936106,-1.5753362634548038,-0.7005818645913805
-1.6651277911969853,-0.2878715601504015,-0.7761002793264966
1.210504826841052,1.1451913230370632,1.8389362310228163
-1.2992477807777545,0.2583495891813148,-0.1521524862345945
0.9366791472535172,0.8694682581346003,1.0584445939175855
-0.8176688520542981,-0.1430443918004322,1.0972102308285543
0.6853628092757681,1.0687863366717198,0.6793211762998
0.5931026952358578,0.7771384756386492,0.1824844327414908
0.5840247832765122,0.8548852649492411,0.337334508315383
-0.1524334003683745,-0.6296705910857672,-2.0124568138683743
0.7303464076679965,0.5318712273358158,-0.1474465344293165
0.3533082896175053,0.645017507536383,0.8508596844982127
-0.5316819513604202,-1.5765772805370093,0.2454435584315597
0.5062732628406487,0.914116432861763,-0.1630660607698789
0.0533375034857704,-0.5661699870763157,0.5395599062316633
-2.167331946320558,-1.6277131818170825,-1.6064046596951518
1.8400914067868688,1.0369515251112658,1.078614018804911
-0.9640225437212344,-0.6683716023860818,-0.0828788178207279
-1.3523557276949818,-0.2767514244471203,0.1798986606772943
0.9005231867248784,0.4203909820197344,-0.6032514609726525
1.7785761016150494,0.6179072718868321,0.0728146439721537
0.8674048591118638,0.8498381537820562,1.709764178554252
-0.1838288204764691,-0.8066052371502908,-1.785639307485967
-1.3085456996701248,-1.2752218909047175,-0.5415717078024023
0.174715116847163,0.6440813939293231,0.0077228554743212
-1.523081009556571,-2.215839844345964,-1.6090186757536782
0.4044460276369603,0.1588713095739759,-0.1671309031631475
1.6371616206298336,1.0397241811693176,0.5361334231399278
0.0479333062951402,0.5068080426550499,0.4934244227202791
-0.8903330917343406,-1.866589843897204,-0.4589858669087658
0.7138212211102059,-0.1985131372173621,0.1621425774723579
-1.744391269768919,-0.1289037166344239,-0.8718125205275795
0.2013846066923834,0.3996914808611834,-0.6563723191397961
-0.4907455880092179,0.2255577703145127,-0.6191115118802907
-1.234328382273379,-0.884651385878035,-0.3990964102364282
-0.0542794748025519,1.0728478386801268,1.335834291494925
-0.0009411328905284,0.6407260150612734,0.2795286011786513
-1.2852445609672924,-1.419131523693819,-0.1947266345246087
0.3137474031124458,0.8537079842389199,-0.1239718320626473
-0.3886359971085769,-0.8378008694707124,-1.0642538193728983
1.1568278831671812,0.4452699317524803,0.6373036233650076
-1.2332908800023863,-1.9991600791181257,-0.1677785828875495
0.92631499386776,-0.0494460470867276,-1.5863744595415292
-0.5920375281849101,0.3848687878591025,1.1993496823235454
0.2846197364355599,0.9132779983039097,1.807691963067236
-2.068088459115187,-2.331587785137276,-2.1606116552503978
1.8400914067868688,1.2407173124414517,1.9393380810168064
0.9230797989938536,0.6168905615371314,-0.0876091079730782
-1.8140285214372296,-1.669315630644335,-0.5698202900687321
-0.0210725429119164,0.5419041310976279,0.276883393156804
-0.215844049039545,-0.0990916025702401,-0.8580155308059012
-0.6522748015283918,-0.5341323008279909,0.0609371460144256
1.5416068851199702,1.223132548790622,2.276533239303905
-0.3279748504479778,-0.8808210591365412,0.7575895203413081
-0.4153021263955191,-1.4570925603358162,-0.8517614137808088
-0.5373253822648846,-2.0442953504431607,-2.643381572122901
-0.2375345824102958,-0.3916417234547444,-0.6303644126475596
-1.1761065985837795,-2.137258050639269,-0.3354840762101876
-0.0067222289994565,-0.3882085062016672,-1.251052386903486
-0.2233176573064985,0.2640054405741462,0.4778761795301515
1.5294660879465165,0.9979247638675404,0.2783298161544517
-1.3040749939121206,-0.4095434832101184,-1.5509808927897686
0.0771668493478656,-0.1981197354846353,0.184672235722978
-0.979333570320434,-1.3260571391091025,0.779473213191952
0.2317971120553611,0.4089585934532756,0.5848265336620369
-0.6803175261032791,0.2284833576016123,0.6670718796510665
1.313430007682415,0.9818161567540272,1.2325257360251205
-0.0481882177643167,-0.2694322109004023,-1.3197685911233494
1.0970369234715294,0.5672711738641588,1.0080329882832828
-0.1935168375734786,-1.216543262321169,-0.2760471328203651
0.7577039489324677,0.7921486372646839,-0.2618869740248328
1.2065623555230411,0.6881726451008389,0.1280124997998104
0.1391887716312682,0.93442860407262,1.4942682179213622
0.8769366350659169,0.9130316479640592,0.7240244548672451
0.5256367074550766,0.3820605483816868,-0.0742299245994455
0.0577085891885493,0.7322966814772112,1.233103828887427
0.193798761259376,0.5190901594717994,0.2111201040757675
0.4205494553339228,0.5074430527264813,0.1231841022850431
-1.0267907289031026,-0.1641253588705877,0.5413844246469104
-0.6733554696969388,-1.1350144192933609,-0.3728164730505301
0.8492652156168525,0.8793350413702333,0.6954077666319393
1.7256751361838103,0.9053378045148148,2.0977092396454218
1.103274179941552,1.0204753728674227,0.5801607811838552
-1.801601398578454,-1.5023007495614564,-0.3292493247491483
1.4238119820676902,1.0278006346847526,1.492625962751288
1.798520789398962,1.1853504925956766,1.5330687163317007
1.0074356078993227,1.0907688483981974,-0.2862883008442564
0.0219093254529663,0.1802093992306316,1.656129663730839
-0.268557329994034,-0.2495658999970927,0.4822087276306133
-1.973264280190048,-1.3500944422936214,-0.8958320246351466
1.362954531062552,0.7476270282479267,-0.7741162449149722
1.7785052328064093,1.1407602560409564,1.881961776106656
-2.167331946320558,-1.722301194842346,-1.6462229314848311
0.9936466271549924,0.6762958673170655,1.2099035732052617
0.0046335535166188,-0.0476340464669265,0.1280634481658011
0.941425593882774,0.7501172947331651,0.3292066615102044
-1.89566423630474,-1.7054840106621243,-2.5753378437904475
1.814534695261289,1.092808553865232,1.2215693545420865
-0.8895581890326667,-2.430894970697197,-0.949538181175124
-0.3871238758372112,-1.4808518239788575,-2.012289674888575
0.4210558942254656,0.4721694422205853,-1.2148944849601793
1.2826031554151398,0.9466857646910192,1.0794356446819957
-0.1245734960783146,-0.7574217139454006,-0.0311743266155392
1.01322525624033,0.965336047277522,1.1163233989560797
-0.753891976474575,-1.1036093835216798,-0.5564704480894912
-1.0989436059777886,-1.0848685395989026,-0.5359287574543105
-0.2748486230647126,0.4010008177691273,0.7351058772466075
0.1578914404140704,0.1783351723469792,-1.2315845090669315
-1.9332556440627469,-2.003030446984389,-1.8660404856726385
0.8607474992474841,0.984591293118471,0.7502059768852452
0.8575774612127437,-0.2975074584173917,0.4696009844811137
0.7431734583467612,0.5725241340727144,-0.1948115382150491
1.1357574994505255,0.7481909337417848,0.6811764974221922
-0.0189540395957933,-0.3337946575266945,-1.409707120378216
0.4709335498746341,1.1074754911763396,0.9123244103702698
-1.4287760103819545,-1.7495367054375424,-0.0737968842030478
0.7673145246606088,0.9516233642544016,0.9823752207403582
-0.3509069787471594,-0.6992761519897123,0.1659263731348229
1.2024003566208257,1.1134457297321794,0.2183154927446727
0.3447962361841554,0.8339796459278653,1.5959320878759664
-1.5990726831343285,-1.67727653277064,-1.3143527769002683
-0.5797403122544474,-0.1457438665059968,-0.2825123158794829
-0.6182276523042063,0.5289882594962478,0.2147028307000587
0.8471754907860545,0.9105976883066774,0.3112306639244592
0.0055187719462589,0.4748937684467445,0.0909689783078272
1.0198890984171016,1.062575366098771,0.0439118870756184
1.8400914067868688,1.0845252088060824,1.9439915338163996
-1.3362703707039412,-1.3221635968465444,-1.8460984177801
0.8856479176082739,1.1992362603102813,1.5635436020369269
-1.135163051688938,-1.7273819683508336,-0.26257451583451
0.5717507824349433,0.8508142562661067,1.7279089462713024
-1.2800681451186826,-1.4374830092982822,-1.0901397037672875
1.111083660780422,0.6607781249243833,-0.0063242852981134
-0.0195499277918201,0.2545714903537161,0.4852568755267584
-1.4737408249281048,-1.398059356385597,-0.433168437647104
0.4236965824379044,0.6604775648376257,1.1806747175275296
-0.839871944152368,-0.5838665262296229,-1.1633648235346552
-0.1733784150371881,-0.1069892928141218,-0.3888629431464144
-1.4991881259714233,-1.306912159261714,0.5067062060510503
-0.1510020422222862,0.0292114425169232,0.0633859419431521
-0.5863981741600522,-1.026477578866131,-1.204209994950766
0.9617185176497264,1.1040888746783026,1.291040945112021
0.2268507105413973,-1.190579060643776,-0.7856109079017135
-1.3511942399199626,0.4687455254934135,-0.188817026758939
-0.4314378035916595,-0.1694443675569162,0.4495943859330022
1.6745181420378092,1.2301390560058931,0.9551823274924314
-0.3796967343764484,-0.4568580755845352,0.1864612018330665
0.9786035623299084,1.0194976446695148,0.6124055474527651
1.8400914067868688,1.1063108844149228,1.862619641365771
0.8079995066568365,0.906149457948527,1.1957736384126036
1.8400914067868688,0.7468432820965348,0.9113066460129524
0.6882217323504045,0.7371585201743486,-0.9626784358163976
0.6614320810802652,0.2184572498155354,-0.1210142858486159
-0.9310482431285364,-0.8270203587944932,-0.4632249223242098
-0.6648338721702584,-0.5749608266299464,-0.1099567535341824
0.6200859000926526,1.134691978252966,0.2109429509281697
0.984386126715444,0.88757415573158,0.8942244237764712
-0.6075172466012104,-0.2607650103307565,-1.183162128136989
0.478160518176854,-0.0715760687647073,-0.7583071857847824
0.8317368093336437,0.5632840043592472,-0.1557321833933341
-0.9982607131894048,0.600703398363643,0.7139401189020301
-1.942772972249788,-1.55351253639817,0.4439275821121372
-1.909627317503332,-1.8908150169176663,-1.7146728030885958
-0.6326622971355005,-0.0229310389041004,-0.4746763389256583
-0.4481648850394385,-0.627177920980709,-0.1942097378762215
1.4846585300528248,1.2090907214916216,-0.0287670193818366
-0.2775061168821758,-0.2560022463417881,-0.8628914324501777
0.0105351609664392,-0.3105065836212192,-0.6232183112280957
0.7393139479681975,0.7875109942900266,0.7500303356107497
-1.6679117435719113,-1.1866392258383338,-0.4310380554038127
-1.910199356780087,-1.1036396412785527,-1.1899520416174252
0.8626669433765997,0.5474062032414111,0.6923817173566467
0.1427451837727393,-0.0662724425411799,0.2308030404139936
-1.845980552169596,-1.7884421963985264,-2.53150833768034
-1.4212029373316113,-0.917489920698756,-1.106968699502476
0.4023310629549177,0.3759495137710483,-0.8047149382068827
1.446498096624997,1.220810899894586,1.0899609894298616
-0.9970571396180906,-0.3601421080509159,0.2710262253741667
0.3796830276798532,0.5252373502141136,-0.3565887799631089
0.3356787769857164,0.01905205460803,-0.7728932831231234
-0.954073348866403,-0.2220951688736314,0.9438763354868016
1.427104523083649,0.6570416759812071,-0.1204488460313466
-0.4796832861903718,-0.6527884118696137,-0.1431317056558088
-0.4906072828149822,-0.1326631486394689,1.243017686786328
-0.8619765252227551,0.5809075322413028,2.536499065274976
-0.3519723292126842,-0.6558918577053925,0.9011701923646004
0.6648949469780516,0.9276650501067693,0.1577309429610107
-1.1458517565607933,-1.831011569167364,-0.3427424122312131
0.3194816595385539,0.0615750028725522,-0.2609915063003864
-2.167331946320558,-2.361442077826133,-1.240147689690416
0.2629917392145944,-1.173607420755781,-0.633766107322153
0.2429961141726094,-1.168745464294277,0.6938581317579031
1.1416651895943173,0.8479103016833555,0.4440567780705046
1.7677525550883693,1.2252352133667763,2.504031695269913
0.1745617181199646,0.555186753597151,0.2403486978808009
0.0998868451489298,-0.2785502944971725,-0.75498953084822
0.0368183638737163,0.867495015472146,0.1049105956334114
-1.685700574282068,-2.029302665960512,-1.6595052375955972
1.6239764712291296,1.1084079301596563,1.669060194972576
-0.8966544792338167,-0.0359593564943112,-0.249887573783931
0.7200947129868454,1.0825587005147423,1.1836433932337902
-0.975025500605216,-0.6799867560079736,-0.6482286336998206
-0.068983808430794,0.7968684606823375,1.1065659196834177
-0.119149396405363,-0.1668823278852363,0.3972291285232287
-0.272148994115331,0.1621283026556544,-0.2592594633424796
0.9333292794852563,0.8966153594037396,0.1458237806433201
1.8400914067868688,1.2247579886381108,0.1494057836735275
0.4397400881832596,0.0596845949454468,-0.098508368291729
1.5230241042237116,1.112345109687467,1.0154932569838118
0.6425058514372748,0.7963457813451739,-1.359551874609607
0.1637589554661555,0.4477414022771262,0.7818924841457856
0.8402578154664406,1.070558931113891,1.0830370525724171
1.5439633882063732,1.219773046789441,1.7564667551867976
0.5814446298358286,0.6474677910027415,-0.6414797005834773
0.7355328144905585,1.1085925317569103,-0.1258696249838847
0.6294188337645185,0.9731403488214534,0.7642684921065422
-0.6181552649984615,0.4082653921734137,1.624803240594014
-0.0074074260604203,0.6871831840484173,0.5383735392823492
-1.482321913539819,-1.0863297825918052,0.1235775497070651
0.29829783170762,0.6341407130667279,1.3071242563636352
1.0039556470757018,0.6554347874747992,1.1250616935885045
1.012500040979516,1.2468566271573578,1.6150316483925764
1.4067024832758457,1.1161383976215271,0.6139919686937372
1.8400914067868688,1.2015438504793143,1.6872982273489117
0.1710554973220843,0.6734433428667671,0.2524643713981661
0.9230494867434538,0.8276395119074168,0.8676759878898629
-0.9748872970648622,-0.9164501940840568,-0.6829247179978384
-0.4460366616349168,0.2215617067121435,1.173808629704516
1.8400914067868688,1.2015666837737349,0.090723527914205
1.4639712362172712,0.3612232042022176,-0.0547181904444871
-0.183727779861006,0.4283680541594181,0.7054888076598145
0.3937485336661147,-0.2098115882350908,0.9380862617158978
1.2517942749289903,0.98255427052135,0.8548476939533487
-1.303306142941096,-0.2618016928257197,-0.1934808823924888
-0.2333325330221834,-0.178782175324929,0.0092948568492771
-1.75327407418423,-0.8367795359653287,-0.4680175547918498
1.1891403444831854,0.9296161427340318,0.2992305933409374
1.8400914067868688,1.197506388637418,1.4563936068212957
1.6236120643476544,0.917089358859552,1.138026029701517
-0.6367559457796765,-0.2428914596159333,0.6103568034571665
0.2120991002355512,-1.0000196371646892,-0.8895546827534115
-0.5884286585203466,0.3091677745320341,0.2785299860847497
-0.4707083700538002,-1.7056307966367754,-0.7555740964598759
-0.4623673552569972,-1.0912678021359,-1.0374974488168032
1.0586556337079729,0.704160739284362,-0.3660156535670619
0.9699868844291734,0.6176591813160386,0.7689351908697274
-0.5502547103423342,-0.5996154436431469,0.4351952599587854
0.0342378990041565,-0.0488423990865219,0.6469718643805683
0.7513197884274216,0.839991793376241,0.6962619635297035
1.5289814959625962,1.1402897229414586,0.7684285048419167
1.1479604213898331,0.7954013313338002,0.7021947149917872
-1.438642135385071,-1.4775826304694637,-1.7772590124949033
0.0172801995345539,0.3123359592567424,-0.8562774053967445
1.2211272006408609,0.8529838824457471,-0.455943827143948
-1.1349799035491723,0.4473704845056198,-0.1061522440649651
-0.6534099083733755,0.4125127149743897,0.5968011694688725
-1.5230570995926374,-1.3310003968481563,-0.7879020213358384
-0.6397675803201959,-0.0940099402538305,-0.86333867490884
0.4409144285942306,1.03389048949856,1.1929971487214703
0.2120079205969812,1.0138404249820387,1.392206304627455
1.2014016338087066,1.173164356831019,1.3623958343113032
1.3298830448237526,1.1786386374326574,1.103380933044935
1.5121145290982498,1.164641719136174,0.3817775811608682
1.324494605121706,0.7254784437391341,0.5103959575657345
1.8400914067868688,1.1318661796935072,0.4843250296698039
0.236552740877899,0.8021742788508346,0.7939602048736679
-0.8153710424842824,-0.8332177921879195,-1.4732859150966873
1.319824089543867,1.1606874492376085,1.6982046048369424
-0.4874847544956419,-0.7735945580477529,0.1963993070614017
1.4751978089905553,1.2272785347441395,0.772872774397099
0.8715241942684322,-0.0328379537843923,-0.2614262499011171
-1.350805494520547,-1.3563046347168013,-0.3999724245079644
-1.6446663378023347,-0.649589334302265,-0.0279494432048876
0.2040231300152343,0.4833605399246876,-0.2860373382807281
-1.4225796999347806,-2.2988346028266404,-1.6107237468443942
0.3552665065960494,0.7265870135397443,0.0747783269940669
-1.2192312626425286,-1.5240035986230078,-1.4685207813584578
0.7122460762797338,1.0580305960014735,-0.2274889965206136
-0.0537887218686595,0.7125981937432877,-0.0956495467258469
1.0241999014269232,0.9556083868294956,0.5299086231564997
-1.7990946979383389,-0.7527387907094767,-1.8580231665448763
0.9192073739664854,0.2116144815558087,0.0552732066007815
-0.7811483720778766,-0.4199515645537809,-0.2831837648931633
0.6269124057303513,1.06378090958787,1.4158191572448198
-1.244106301566711,-1.564333334947792,-0.330450362264203
-1.0635560637773664,-1.8799330885288092,-0.861017670475019
0.66100365345704,0.2546505199712776,0.9297031916422172
0.6009067839746897,0.4036741923458045,0.445583737965231
-0.0412163738913552,0.0203215500629428,0.0562834235404273
-1.135451876279168,0.2908705140378429,-0.0666976564380982
0.8142352924547306,1.0432952015499846,0.4609439304942985
1.0850670063093375,1.227081564615194,0.721533913626428
1.2232818083758683,0.85819088653842,0.4002760293363912
1.4870160945171136,1.2198340456618806,1.0023993141094882
-0.043253068034961,-0.4998947988326477,0.1511442271711391
1.8400914067868688,0.9076328410701228,1.5587274517339549
0.8283984424216618,0.7009784656454053,1.8295111065874277
0.9000273644873981,0.8357210559655787,0.8019093930426255
-0.257773529897436,0.3919325717844023,0.9461772778258868
0.1354321627046296,-0.8075223903817113,-0.5612807132771119
1.5327378618750465,0.99801947398863,0.8218607096674723
-0.1700351040298668,-0.5436167747046725,-0.1328444674960146
1.05579011587239,1.018244404324923,1.5617145891253317
-1.4060592752581758,-1.1073402413556284,-0.9271877097770208
-0.6618717427988199,-0.352320053379471,-0.96763189807093
-0.7599398643782098,-0.3873139885485493,-0.4522150806531316
0.4105344011349607,0.1356777949867938,-0.5122643822236757
-1.906514037733205,-1.2561083484807565,-0.4772736784973238
-0.0351794315258591,0.7084525913944304,0.1373126819719669
0.3681812565484123,0.8772013198613607,0.2347857931481766
-0.8332131656488566,-1.9552827048869423,-1.4960306633066884
0.5854341247322828,0.3526455295194945,0.2645048030446969
-1.4947589742078082,-1.8608367203548373,-2.2714504062062453
-0.410616674850279,-0.2607614668854588,-0.3043375532183262
0.7172887845046193,0.7629722277881406,0.9487557376524082
0.1087344531699617,-0.1283265220047365,-1.1521111578480985
-1.7767820923318285,0.6116123516026298,0.2401120110103025
1.468237953892101,1.2559505752464757,1.6626616884123515
-1.2074845514716446,0.7890927332305003,1.1409334600522136
0.0133763976403999,0.1829732806450726,-0.8339378083313419
1.8400914067868688,1.2130960968638584,1.829567777075544
-0.3678395315612224,-0.640618416006563,0.1629417023988621
-0.5294586836855809,-1.1311880757053594,-0.8178002686539789
-1.087395673376956,-0.6386635578981726,-1.3574884298025154
-0.1599389117441689,0.2323828736447113,1.2797212824916548
0.3824206421106803,-0.3851392248423451,0.5199923232158751
-1.6713093357644504,-0.6548860999191081,-0.4636920042735145
1.1609001103051373,0.9595391798108112,0.9754942938415252
-0.1997026131873253,-0.1659476641291644,-0.2554249661732164
-0.8368655428769624,0.2907346112467123,0.0443176256416285
-0.764421240722762,0.3492443340395532,0.7071213781494293
0.9816229736828171,1.1860584029141334,0.6964676265226909
-1.1164542648049796,-0.7147968267636482,-0.79726511417628
1.3101042227126696,1.2397137591989549,0.3591649495715496
-0.6650116234454821,-0.2887787016620625,-0.5699539265307629
-1.6770909721035463,-0.2233467730019737,-0.2800171939601511
0.9957510079449916,0.1144839925687655,-0.0295224076944799
-0.2245841897654708,-1.3457211952661523,-1.1738155197733198
-0.1291237094519387,0.8187005725801922,-0.4804559185984079
-0.5587367222580628,-0.7161288561359971,-0.3854749349382194
-0.953886757834154,0.2032747578468067,1.808811406206128
1.720160050533478,0.8200974224495853,0.7651698542635913
-1.3085652642078776,-0.7647547126923988,-0.8104621235253698
-1.450196614339658,-1.3683368486602576,-1.1549894660105409
-0.2159347918114448,0.0493271251901739,0.429480511253788
-0.9838338782482609,-0.6847400537476785,-1.033893256211223
0.6910343440998094,0.4530018339786664,0.1764759267521057
0.1392982672928049,0.1025675283195672,-0.9066305805577872
0.5087481729726012,1.1324893525822066,1.1920773255417705
0.6769321313070256,0.8674405105296108,0.2399741489967832
-0.4891914083216057,0.2406009414468336,-0.238543926694461
0.0235720815837403,0.5164411737051211,0.5249601236235297
1.275579827660063,1.1215161440053207,0.4135610702030444
1.030214206700783,0.9982940864939368,0.943270986852834
0.5665615705603518,0.4158820865296586,-0.5018911081870243
1.377007835942569,1.1091753690287618,-0.216032013972117
0.9206800173475828,0.9169115074379068,0.5298738729535927
-1.708787545515594,-1.173753106061551,-0.7882601951082774
-2.055491280408893,-2.1498502985618946,-2.213437594114981
-0.5107885011440835,0.0354872857365569,-0.9042553221312626
-0.4403228620789073,-0.276569980004736,-0.6015075451471855
0.55200490495285,0.7828610454082939,-0.7942400630019224
-0.5751707750674976,0.5918132226590304,0.7418927714024516
-1.9571927611393207,-1.5314659152869687,-0.9197581480824424
0.6328024123281877,0.7597189875153124,-0.2871248869612283
-1.4202507676530498,-1.6230366256134354,-0.3129317901119908
1.287184841892292,1.1485553033544205,0.7910320312217705
-0.2147063707287549,-1.7414596017734645,-1.5425096670605092
-0.5747524720071996,0.925757758832824,0.0840267692723274
-0.0861471850538519,0.0980214720332607,-1.268788275323741
0.7547069957540824,1.0024464891501883,0.5072741859730442
0.8874427718924268,0.4194040463076124,0.517044769677563
-0.7318093412031643,-0.8047929343101348,-1.9170511419339824
1.023428963985263,1.0771539318759775,0.5157930796379114
-0.4803299122187345,0.2033136210196558,0.443654336654567
1.336242018439224,1.1148314949655822,1.0290604627917077
0.5504212470974861,0.6821360263196957,-0.4007422140461141
0.6303504370596605,0.8297219652594788,1.0981355810079751
1.1274438175941777,1.133547526014811,1.259431785523792
-0.2139124928171814,-0.5673033479418014,-1.8172682810170844
0.8753068981992886,1.1976427426769785,1.3241968238207205
-2.167331946320558,-2.604428564541028,-1.1021143324998688
0.832581649656225,1.0630211601574378,1.977803863135794
-0.3192613865629517,0.4413259244822939,0.6154291531609221
-1.5730858135751573,-0.393143917935866,-0.8952771457620385
-0.0742753368212581,0.4798726134222906,0.2978492973454605
0.0054253410011568,0.8048790002158851,0.1517140243736663
0.3128458778483369,-0.5649910227018228,-0.1163909573955793
-0.4238885756731661,-1.3558262350342951,-1.031905047656703
-0.4721635551620785,-0.6164472319858296,-1.7683622786272963
1.0607554272499622,0.999004106638285,0.303880218546478
-1.5138440175766936,-1.6919584784387254,-0.1170743736217061
0.4166090154878769,0.3291116960174188,-0.4691974135186024
-0.5328340645136874,0.3498984800862069,0.3816241081836196
0.9487476603598188,0.8167862541908963,0.2474348104523947
0.890381454289485,0.931561066260426,1.3494238543931154
-0.0561008057182782,0.6968418778227395,0.0639039322413155
-1.0363511188522951,-0.7740509608569645,-0.1354869941983563
-0.8341338502945777,-1.613355575635097,-0.8985373070494228
1.1810740583614507,0.7975558109321453,0.1718458345099678
-0.1598655907171547,0.4157553975862543,1.0513050156292096
0.6609886479052793,0.6299360156496318,-0.7480966699643866
-1.2316467652335024,-0.5198428657227682,-0.7962931453811847
0.7198045188050284,0.8215641549225671,0.0243045703079076
-0.0909255946106848,-0.6908238361059318,0.2589392758124655
-0.4264935402174123,0.2462790093998012,0.0181181910205161
1.7572462312542243,1.232034903431946,1.7748144570061617
0.6263775346089743,1.0950963795621098,0.6728278483220527
0.5695098498769451,0.5541021735421545,-0.066503338340523
-0.1627478282162436,-0.1051706541925388,-1.3051610544619086
0.0486466656746448,0.7559920639763206,0.0841422631890861
-0.5932115001536985,0.3929412065736613,0.3512046707190292
0.531704745140432,-0.1352266855578236,-0.9533151573944052
-0.7213441884098406,-1.942524391248704,-1.724150046888307
0.1412498941672988,0.7047305728199316,0.4917965488181905
1.3659872768030543,1.2301456967552256,2.258563025619472
1.4767232403155293,0.8583552323855212,1.166032810705648
-0.0646381225417194,0.220399756583682,0.5730342405268998
-0.0192852700678817,0.6812200318519421,0.316998866406976
-0.0605442735913834,-1.240122630627623,-0.7098567446580257
-0.6862067870704179,-0.1098863511529459,0.5334857555409122
-0.1790539303081461,0.1861581895746546,0.1278535305431156
-0.1297095420536318,-0.5768269290300805,-1.5767220696024
0.2478468788942966,0.96117525524679,0.4700666650331981
-1.2862856126934206,-1.0892330593610773,-1.2953707802200147
-0.1801237605539163,0.1416897329189125,-0.550987029519414
0.738747336567059,1.017162789449491,-0.2140179410499295
0.8162470028312805,1.1188790487116629,2.4720639181645736
-0.4225897220982216,0.8962558800641861,-0.1398470127139268
-0.0954535617088751,0.2457398604133321,-0.4128059124785952
1.105745818748158,0.8595132604173348,0.9906078749365592
0.117146916823865,0.177882123663347,1.4982250864382547
-1.4906394421453406,-1.1666769663235803,-0.4783709601668483
1.1496513791123708,1.0439302333798168,1.2834993804214665
-2.167331946320558,-1.6757138183096367,-1.9114857460461567
1.0824907118337084,1.1379053925306997,2.1542996092146502
0.635429397668794,-0.1369216513662372,-1.0215975193925084
1.0135867859435228,1.0722908732289884,1.4281726883401469
-1.8883657178975497,-1.9821227175481264,-2.186887421029333
0.463917151937403,0.7488379377512951,0.3629583414519897
0.7826414644436459,1.192750529184547,2.5106630492716127
0.5935488179989219,0.9266851032340616,0.8824122632335333
-0.004167869770173,-0.037721040363192,-0.236562296038106
0.6873248044429506,1.1846310999718055,1.1110748603996554
0.3609300501144686,0.8539483293054139,0.2479235934563871
1.559639124641747,1.2154839625409797,0.6691803228178699
-0.3221978401926399,-0.4346182339803964,-0.7455049818004993
0.3088876723235457,0.8423126331836838,0.5129203449612412
1.057043440264026,0.7102130464148135,0.3729208040185733
-1.403041497290869,-2.2267240732327664,0.3003506241655951
0.3684144409451578,-0.0197098273559346,0.283023041193832
-1.9187084936347676,-1.96894466972893,-1.4846146021851194
0.5338445567339247,0.2560362400357021,0.2816758971772112
0.2670093544866069,0.7672576807689608,0.5480586230861128
0.5838794040784829,0.8298466267720477,1.240680829648965
-0.516700583856089,-1.6764996042948113,-0.6566812988702192
1.3062864770628058,1.245908679969835,1.7563678416143298
-0.6141403254257304,-0.0484228845518432,-1.5510005448469122
-2.121598569237503,-2.619126991642432,-1.7223110547722258
-1.9169273839014904,-1.4065520135042056,-0.9139493355363902
1.6094266532577706,0.9428739796481224,1.6587997726541477
0.3262428190901102,-0.4391603361794925,0.0825852427826544
1.0023566220559543,0.8549402495377331,0.3442899160809335
-0.1935358180634281,-0.0967981702215038,0.0379744862865321
0.3000240555540233,0.2706771045446074,-0.1468074811306018
-0.5028489988591648,-0.2664839077136081,0.3284059742788192
-1.7618221689527591,-1.1408874611407638,-1.0711344520344974
0.0162931047031519,-0.3019951507631007,-0.2377349373726343
1.0023780597983016,0.7910101709904154,-0.2519441055195665
-1.391537588759601,-1.0436143524569668,-1.0545511422182263
-0.1849115470003953,0.1760087229471405,-0.7173451122451893
-0.6692067614252255,-0.2588068540670545,-0.2723625594038
-0.6985915781074099,-1.719079280619185,-0.7629166523532012
0.2129180437585309,0.0913738001454055,0.4119691422086163
1.591118780347201,0.9332877801061576,0.8228612093981776
-0.7815907311676485,-0.2631972386487338,-1.3325277521700771
0.7528514508117949,0.9857132297257264,0.3740018066583159
1.8400914067868688,0.6195741374279161,0.2845840569696271
0.8753367041296057,0.7291623161839892,1.0977025325572602
-0.4498405825452586,0.5271072815956542,-0.2015710356749557
-1.4473046791555106,-0.9444528148985905,-1.1854659173728537
1.8400914067868688,-2.883726487658676,-2.653637303753207
0.4002453233150968,0.9384140704335268,1.2458307591666342
-0.9694981513364996,-0.4907301437130584,-0.175972913288865
0.5992467283694686,0.951808857959982,0.8323175212347372
2.588586866059877e-16,0.5369116579095031,-0.8511674054190046
0.1093596693815251,-0.3389012757667294,-0.1897675609517733
0.7027786271390672,0.8176529368927618,0.623196783385596
-0.6489644450165625,-0.4186500070937735,-0.8904344147527707
-0.9367826835851282,-0.3430391625295834,-0.3605196695966287
-1.6210119449239235,-0.9229801731132896,0.0146050961534333
-0.1955863696600634,-0.624554085847792,-1.53007722626351
0.3364691704113243,-0.8712679874606165,-0.2410749074825343
0.7163851147589733,-0.2662906973972282,0.3281980671284153
-1.0612204271877816,-0.3628378486613871,-0.8041588366662383
-0.0125256655990485,1.088368948287782,-0.2140642153656012
0.6302005490699214,0.8265923885672157,-0.6533966061720115
-2.167331946320558,-1.8663180021686725,-0.654581832545737
0.2839560554291649,0.479854945821234,0.951189844270447
0.5026757213983662,0.7383741434553024,1.5083302138693837
0.4106822900759739,0.8985239623907244,-0.0356919928955196
1.241952950979866,1.1411742363763668,0.8963187997461471
1.8400914067868688,1.14808595689339,0.4223589330877244
-0.1653549922223525,0.0981457092859078,0.588220634030255
-0.3086345644737107,0.1685602077519624,0.188426264318776
1.0298082227664838,0.4956980044606514,0.4278368823239928
0.7629014870081549,0.4969555989036794,0.7893798279795025
-1.5159292206358093,-1.2063901683291127,-1.0067016178384405
0.1267467177425617,0.3728204655186997,-0.6005067001593986
-0.4945125089687298,0.8143848399707967,0.5423967965204244
0.4115525809379036,0.6503979243988129,0.4849210731568874
-0.8639271620559287,0.4096201919790219,-0.9227217695129454
1.2712865822545605,1.1141074836515403,0.7770394079128471
1.2080797275872617,0.9274408561792812,1.576068453335173
0.9796092897206294,1.236943161569737,1.1567729971131036
0.7470188144193208,0.992714831411061,-0.1292011319450983
1.2236152229254664,1.1273814503992574,0.6580353969863301
1.8400914067868688,1.2051004203575904,0.7113697286686749
0.5437489789222091,0.9713059906814556,0.3070923565821684
-1.9663880907643136,-1.3661376554456486,-0.5540692564483466
-0.2269949655154719,-0.250061015699606,-0.7798342155745289
1.2854598034966471,0.8776945848834233,-0.016100156227605
0.5374802671087212,0.7915912778489811,0.3760568539566075
-0.2924532739494395,-0.2950494649000988,1.2397281314629562
0.6647270538009848,1.0809391658492271,0.5861458809364759
0.5966226888413448,0.4945917654742718,0.2169969434238327
-0.6552556080375517,-1.1268960470890772,-0.4542569132277653
-0.3718479262926059,0.9259108669318415,0.904718851617323
0.9698595692258644,1.133746073334694,0.4342802066327245
-0.2307727433574566,-0.1705398034107441,-0.0677098957853311
-0.2502342211618458,0.5071028455136641,0.1285471636151029
-0.6242422821397277,-1.188780128903032,-0.5911928583001469
-1.7600737078696471,-1.786281883261937,-1.3464666846035442
1.3412606373450202,0.984678871648188,0.7636433279797417
0.0628351475051263,0.1950955835005191,-0.5005212611715152
1.3734459359504911,0.7997159349415544,0.5487884609466088
-1.9149578892529064,-1.5988353516044949,-1.52026911449492
-0.6634405331158024,-2.0621794135855622,-1.7516414969083456
-1.3230012171982668,-2.0064285057254665,-1.007105344924689
0.369065969599584,0.5219475111825342,1.3510718752638524
0.5219684114074502,0.1119317901870329,0.9329803515828134
-1.5021867596323513,-1.917314413499997,-1.1634772198698258
-0.3628240680288852,-0.5297459367671218,-0.1547195589307964
-0.2090899143578213,0.0850812486271644,-1.0803081159393833
-0.0018917559469482,0.6309032575713183,-0.6164793644836521
-1.5465194463642495,-2.2951990212676296,-2.328154250475213
0.8668428774210941,0.725998821282254,0.5827739694222296
-1.7483245389941289,-2.119744240398996,-1.3403059901909813
-1.0953941833835057,-0.5342678864590271,-1.3136058787689495
-1.7616085896554858,-1.939713848232701,-1.2981097861888815
-1.164837858302718,-0.9232536464577968,-0.6585485644250386
0.3179587467694487,-0.0429117418959979,0.8642032406607414
0.8078776792645113,1.1206484271512025,0.3349129433756309
-0.3333434164583438,0.1906595635339165,0.5655807486149889
0.2351540649184339,0.9280741189695622,1.8272594207699429
-2.14458890602033,-2.154850966134377,-2.3580449877386265
0.9788782563421636,1.1230853314373554,1.0258026960628566
0.1520852569571948,0.5292922191160669,0.8353507951558031
0.9506956798449496,1.1217743380370997,0.2406287127843868
-1.451178383037721,-0.9096677789211408,0.390829132384226
-0.2596604545617473,-0.2387521552670944,-0.1344176110679767
-0.0547656672888942,0.4134320318013367,-0.0909506392545786
-0.4868351220290166,0.0274522265834322,1.3301145394786864
-0.022902782943818,0.9012288206054394,-1.2782618439040443
-0.4670158592308349,-1.023944711686687,-0.5921614458905015
-0.8054781615523291,-0.1970207040620959,-0.3825556572451247
-1.2253528515470735,-0.5335430302094953,-1.3890709340094998
0.5712220867259215,1.0014347585822725,0.3941283322305005
1.1452331558553144,1.140299894330134,0.8199087008371951
1.0788643121323214,0.9352346305882632,0.6347245219516896
0.2403963601688875,0.2289113457680051,-0.3617530199831492
-0.0377442340043249,-0.4690378789096027,-0.8808690314734438
-0.439041504881979,-0.1848365808608471,0.1606488836781901
-1.4864203023728433,-0.998269296768833,0.0812226606902964
0.1112716617113022,1.0285887301486127,1.3572252188593368
-0.7434992899216946,-0.8891088439699281,-0.2100429130941103
-0.0400216424282869,0.1960251484942884,0.7618226955032399
-0.0383365847099459,0.8551499263868382,0.8757342924363639
-0.8166043632089407,-1.7877975567731166,-1.4805187507159432
0.841766675327699,1.0091697805037612,1.5068761358140064
1.5477002685412422,1.0669682324961176,1.3529268586531893
-2.167331946320558,1.3017991140786909,-2.653637303753207
1.8400914067868688,1.1857217011549583,1.6038564921981824
-0.8645175650910075,-0.1016177871216106,-0.1174760054402574
1.241704894960337,1.006140746653604,1.395232725432553
-2.167331946320558,-2.5773891679700047,-1.9543673624901965
-0.9787667525565272,-0.2766400748928421,-0.7091543334721288
-1.6003755800846915,-2.045924301587072,-1.6497195676302912
-1.1670912475430324,-0.3452935147004669,-0.179289878885465
0.4697398542778524,0.2785558723899027,0.3160690117593853
0.1147543984657864,0.346480758569183,-0.3064656114697685
0.7383014577240798,0.6529031209181253,1.2719498227982913
0.4150542577346192,0.4004581986949165,-0.842473103942356
1.2170012529188308,0.5556286977530871,1.804056655489484
-1.320282818050296,-1.0153160660085685,-2.0518527842184184
-0.34344208918095,-0.3265547824156963,-0.2170049588191896
-0.5491206337208642,0.3738972446879867,-0.9959799542490448
-1.1662478421339644,-1.405183920163496,-2.197650322770812
0.7389420694459383,1.2629569713205309,1.258228921448494
0.92244750073586,0.9909511784594176,-0.0256941206940127
0.1879428198201481,0.7991391385898168,0.1346501154706187
-2.072206238013393,-1.5722043690465617,-2.091742297928868
1.0094954489734929,1.1493833061309795,1.0672238156109073
1.6374485421195832,1.0409538816563322,1.232252211199254
-0.5219264126686789,-0.7834397642640866,-0.3596663390710408
0.2593040008231528,0.4506350674673517,1.3630337253299458
0.5913758683766949,0.7083315692412075,1.5577182991449985
0.609142433874244,0.7882090862252247,0.6110538969474727
0.3431819797807089,1.1532364633687573,0.8916970276196583
1.690582673888675,1.193151930455625,1.2731217672195485
-0.2954816233222975,0.0690692258796332,-1.6764339010970395
0.7030569703585847,0.9904057395071892,-0.322377866368729
1.8400914067868688,1.2024896375831893,1.1638361431940705
-0.1051740623703838,0.0196291617234121,0.9698269449007344
-1.771487954550255,-0.3953504283526894,-0.1059742032016791
-0.6530437480903055,-1.011722127416922,-1.3786388510448202
0.2022321745500118,1.0486136760601192,1.3655261633084743
0.9225875526725036,0.8259205041396562,0.2858738877133872
-0.4666126177915792,0.5026810784668574,0.7121242548339877
-0.237478948942329,0.8062489167427961,-0.6526660765736487
0.440929492251408,0.1471168425924275,0.7664004726538556
-1.8890894406469028,-0.3652001993796975,-0.0405797005946359
-0.210533494221054,-0.2737418683823383,-0.6441779544943314
-0.5860629100672758,0.5452788654549546,0.6057463490907448
-1.000496677122232,-1.1183092302335855,-0.1433774676634495
1.3915648851957978,1.032708231057475,1.0731926648116763
0.6162264688550319,1.0693114444069525,1.992600316643288
-0.8603128940586545,-0.3327751412564361,0.278857152393837
0.2926296941759608,0.8137668277788982,1.4961751994623902
1.4005729180884623,0.9922406636320824,1.3431273096380865
-0.8640644036335495,-1.7875895366561252,-1.4767366449430728
1.3033508735771833,1.2472154214760909,0.3024826760699837
0.4289294288414909,0.6620886391311216,-0.6629654616702235
-1.057404074310312,0.2908023708367352,-0.0410259262713967
-1.0927411070776587,-1.4896073015879183,-2.012254012153573
0.6427611852416378,0.350856914448572,0.3685430573354825
0.0766976298594336,0.4061425697384977,-0.5964369911541398
1.8400914067868688,0.9916664901866228,2.087540851688915
1.0729275042616957,0.9906143663134797,0.7479023968646696
1.2414125732960868,1.0574114462054691,1.250220302434605
1.2139994221076027,0.78952430567499,0.57187083577002
-0.2995995758915935,0.1371971792640774,0.4937564879012366
-2.167331946320558,-2.0238243285439306,-0.9926695862310568
-0.2582903674688517,-0.3030232530485407,-1.0038799323124932
0.1113870248741944,0.383604988528665,0.4054233141969548
-0.4331303995515157,0.4580463066323507,-0.3101615797385675
0.1288999471911723,0.0534544752996023,0.8310700081397894
-0.6980730936242795,-0.0871504052623901,-0.1642163792932015
1.8400914067868688,1.218007100941311,1.184398323669868
-0.2106629052188174,0.2937853911363235,0.9571672896309036
-0.3178014376485528,-0.4752166931575752,0.7957678513842397
0.1860421926129264,0.2637275449841696,0.2422727132622508
-0.7264128864361529,-0.3133215768563967,0.4700451522687561
-0.117177945861144,-0.3391121911111024,0.0963334095659381
-0.2282224630487239,-0.3659069330985018,-0.8718611340853234
0.8954225392884438,0.3941625970372862,0.9300804275508932
-2.0393746888925066,-1.8645128698999984,-1.6838709379204952
-0.4105713810260917,-0.2009026966756308,-0.8770095596162576
0.1695167606856972,0.7312546671796665,-0.3346766398053473
0.9332713810274468,1.1631433012615915,0.555730471477229
-0.9681377851951868,-1.1669753687767583,0.6691972872062969
0.7418901767342442,0.7724596063846366,1.0857336320297908
0.3033157407279438,0.4962173989863944,0.7022848886055594
0.0949548186988619,-0.5942924830574361,-1.13806035207197
-1.1899710827791727,-0.1422647098891012,0.1929510593009639
-1.7172504391894314,-1.5307854158498482,-2.1702978541358937
0.7716307960516922,-0.5263380184363698,-0.8003042903177122
-1.7194557535621615,-1.1960988181217498,-0.122096770179295
-0.3069246431630274,-0.4974989876002936,-0.1547962723798825
-0.9540438938103656,-0.2350394807214567,0.1520014614147326
-0.117034293761906,-0.3789809557482936,-0.2428027428258262
-0.9143531401950762,-0.5241532509943883,0.1784353750860584
0.9810371094063192,1.1326259773722174,0.1576606049667986
-0.2516253035542781,-0.0022524868360841,0.6655299473414049
0.1215995608589994,-0.0782337187016644,-0.1182440205299347
1.6009006241440158,1.0227544825734889,2.1195389932491877
-0.2093331210136809,-0.1583121348063678,0.0722873337231962
0.4218915988069587,0.8302767492748907,2.32439836589494
1.2551937871864378,1.180115216273493,0.7867469459735625
1.2787043481896945,1.207268329792247,1.909271596659979
0.5434325763041692,-0.1159763418173123,-0.0708702596776118
0.5354309428019841,0.5900408760667722,0.0213350822523754
-2.167331946320558,-1.7491122736295934,-2.281787198881894
-0.1165472216353906,0.5695556405695703,-0.4653017935717578
-1.6818828832978872,-2.2302258116856617,-1.34127973501079
0.2507073027632018,0.797188768327316,-0.8870971868189945
-0.5941901513143529,-0.7626189104503784,-0.7574923765583222
0.6431132262532897,0.5528208961526525,0.6874756315293948
0.9105671299653558,0.9813590647538222,0.5997975783192935
-1.6786401918423928,-0.6781863461708081,-1.439028965573946
0.8874604486759351,1.1423912266837135,-0.5487257615204573
0.4572954373968758,0.947517816956956,0.785018655745013
1.1182705659254095,0.2497788800096902,-0.0729685623268389
0.2116420343328859,0.7781851940220745,-0.4481579996706188
0.3879607107001713,0.71156035965489,0.8864293392415368
-0.2184302907401097,0.0287589762763258,-0.0181541319588308
-0.2924554908189734,-0.1069586624181258,-2.5597385050012448e-15
0.8514303790308851,0.9010512629714698,0.5170885501896848
0.2923448663549606,0.731153773299165,1.0235031097769316
-0.5717149487204334,0.1332759237530797,1.1218879838648126
-0.1810826273696544,0.4454975804979583,0.0072014287161311
0.8340416371670362,-0.2198827589471133,-1.3941175031364417
-1.3420890098760627,-1.5494423874648666,-0.9140820950693738
-0.5941354581079307,0.1853693074615578,-0.154800672233383
0.0674212277956058,0.4632887712872154,0.765828989430904
1.3985684214108485,1.0980050473642444,1.4300233551879176
0.9540461375429716,0.7679739774119472,0.8038062600520409
1.3809681908345797,1.1546471457654202,1.821483104127733
0.2523863399518812,0.5563604725155216,1.101236282308774
0.5368992136715037,0.9828085972844506,0.2102642371886094
-0.0087211112684059,0.7965771845558904,0.8494688702512164
-1.0064498577570329,0.0523159141336339,-0.4388343074422803
-0.2692309332227587,-1.9427268939498743,-2.148763123104973
0.1399303771796852,0.3667802363862715,-0.1287367066164078
0.131881926782565,-0.8933775510572473,-1.39406176650556
0.2374302956149768,1.0788948446754305,1.5487421080922206
1.6058727797475378,1.1376578569871707,2.008013905040939
0.199654603745485,0.5200513347427113,-0.1017808622859644
0.2026483633453858,0.1856871937726136,0.9733940361799251
0.8364380208961081,0.9014877254461456,0.6383803949452396
-1.91575933321134,-1.7702860346772649,-1.3373293939067137
1.0684442080898942,1.080406133937828,0.6888675525031034
0.957464253829704,1.1902870759281263,1.8632170718127197
0.5362949523364812,0.2961390301938825,-0.2670712285232662
-0.3626048651708733,-1.0127691654933286,-0.8484982236963207
0.1830079670019183,-0.0204103077424117,0.7711058527718714
-2.167331946320558,-2.471427006506904,-1.224412129397391
1.2600506552550446,1.0730818476679298,0.9065177222348296
-0.2555082632826548,0.0043467836239978,-0.5167168921017521
-0.5719418769536398,-0.2726564628617876,-0.4865550908566399
0.1589476397946734,1.0570151322189485,0.8805560569822709
-0.30613600142152,-0.6598010910773363,-0.3323201968618953
1.8400914067868688,1.226602148378649,1.81651200803165
0.142468591596579,0.7101607653744564,1.3209534372306444
-0.5719075033135492,-1.1665249942298903,0.0854191907091553
-0.6008372440873418,-0.6630586007809388,-0.3395598766763282
-0.5686575495782911,0.293810830962694,0.0898670166737028
-0.8682378740713668,-1.209141652063468,-0.9932718128991498
-0.0437680646780656,-0.0599029400509773,0.5371868877984824
0.1787353932481723,-0.1972100716955543,0.4948528113138198
0.975547312668716,0.1171737747446114,0.6570220365540359
-0.471453510932483,-0.9768917688434184,-1.7440641309639455
-2.167331946320558,-2.883726487658676,3.110381384891552
0.0537665989772241,-0.2258633183602424,1.1642012788236098
0.3384412060790848,0.4530147422424519,0.044075277102932
-0.7744112267441534,-1.400484018401474,-0.8030262084289811
-0.537422665698127,-1.5438630650522864,-2.087900904161538
0.745468687958213,-0.8208877271975636,-0.3924327186191594
1.00593717971995,1.1170189977814269,0.8735026211800595
0.6604529751160855,1.0962293050503522,0.1097688698618615
0.7729723874721275,1.0078171619696938,0.9852518453471024
0.6863600862149551,0.7346734218268423,0.897383298871971
0.5043373539534646,0.4956954462940067,-0.8017266273711391
-0.4629614776607966,0.1072113341175369,-0.8424997260208679
-0.2499864882491601,0.2970146298199985,0.9762928226911154
-0.1816512797657365,-1.1036450429547215,-0.2146451671350647
0.571867441585826,0.7699284690640686,0.5053290024570366
-0.0428113914615263,0.5898067397040033,1.4734838310616265
1.3390095696044957,1.0739436475322173,1.336700500572008
0.6191195861105576,0.7959480707427167,0.5766430497665074
1.0635234190649552,0.7935047754195516,0.6944963654136275
-0.1607663001249457,0.0766371157309026,0.0131052333745631
-1.012220511540541,-1.9057737674469428,-1.3275183829459505
-1.2041662288847843,0.4347264065676265,0.2301491132028492
0.7679445339166796,1.0318993859814845,0.4697259274781746
-0.2041343291261523,0.0498766094143144,-0.8168977982952758
0.6826179343955058,0.8131168933261915,1.0866128314801515
-1.135690238914848,-0.879102550423459,0.1223053088036701
0.3491985955296136,0.93890795607518,0.3244125154376991
0.6420323361217228,0.2169696200378578,-1.0006148060088202
-0.1846962007816384,-0.1924982413727311,-0.200457449602656
0.3716226692012291,0.7050455726090347,1.1579570700818338
0.3537073925806602,0.7750568551735184,1.0892927383500572
-0.8624721573729612,-1.3255127528345565,-0.0583806817810226
1.103978198737012,1.0320159501321673,1.7593074237097617
-1.8396227728665375,-2.6069983826286114,-2.653637303753207
0.6951562502091104,0.8522629530593611,0.4636255961748194
-0.2272648063435259,0.4351735984712096,-0.1330425033304205
-0.7890242691379271,0.1833294731682218,0.3854642967000457
-0.8746734125311594,-0.7641426054089043,0.4786624119049702
-0.0059603058450885,0.5902270651348197,1.1594200347764947
0.0901663464596492,0.7054700430251926,-1.069813461910548
-1.8657667151550208,-2.2472079292233254,-0.2350925098839319
0.0618336845173366,-1.1880056267048262,-1.0100355990100411
-0.6718244871261506,0.6542840045283387,-0.4111040579419509
1.244044953782679,0.7766203237257016,1.2551634420728468
-0.5505315705385604,0.1140917474881414,-0.6114467441848481
0.4771353701818102,0.6125651412129951,0.9335034222195032
-0.2464986205000552,0.713322325333104,0.1827095890710478
1.6381419588652189,1.2136209512571916,1.5808314415646811
-0.2515188116104147,-0.513014535149102,-0.171670538052901
0.5484575111907458,1.0504311219780604,1.2788314183119414
0.9077449335270286,0.6785948810458173,0.2800667065646777
0.5613912979222886,0.2369840927615532,-0.3047312279183091
0.4822147198972732,-0.6055230282519852,-0.1322634159540543
0.1339737860720135,-0.2752721843987633,0.2116434942236839
1.5533361143734052,1.0171201030535768,1.5120623613660769
0.4126474921833452,0.6452440640384135,-0.1045460276410777
0.5150138247932914,0.8684221076248142,1.1956686265499712
-0.7030355589360088,-1.1115748712814018,-1.476909684128067
0.393296670576933,0.6006698973490426,-1.1645648533644382
0.2288694791414768,0.821259199403558,-0.2298375393915197
1.464767440799352,1.157715365677647,0.9790529255335804
-1.5731880242969902,-0.9461321660138052,-1.835794264081939
0.1361562900676176,-0.2386707190847561,-0.3293258456277014
0.1530180092207959,0.1134425434736113,0.4120079809990093
-0.3973363467880056,-0.6708666495155321,0.4006886883997509
-0.6719314721861752,0.3219513891310281,0.2756723879568341
-0.1372170383843795,-0.5277260495461636,-1.071515993555836
0.5203308895004127,-0.5417041696262197,-0.4014709100245695
1.4518483141761438,1.108710965171012,-0.0484882445967362
1.8400914067868688,-2.883726487658676,-2.653637303753207
-1.4669603041961328,-2.2527104689276407,-2.653637303753207
1.1020944946850808,1.0401686859586126,1.833371181786677
1.74862753225941,1.149348895819581,-2.5597385050012448e-15
0.4159462816823102,0.4199038467400969,-0.382861667562675
-1.779786455984992,-1.059088276022557,-0.5875531594914352
0.1550729980282389,0.8348798029239737,1.014235165380079
-0.0834621218785906,0.5150894184230482,0.1134509920391276
-0.1290640610999112,-0.2911831678395842,-0.5448425101852938
-0.906751615425563,-0.7697339625262438,0.2516237236568877
-1.782044684532148,-0.7480835668199407,-1.0022017647607444
-1.4623358731559395,-0.8046666830532868,-0.8823186601378658
0.9389902588412156,0.8102343080319232,-0.4509359142348079
-1.0820805184399929,-1.135861906918809,-0.6137685953113684
-0.4773841170011056,-0.4367522405875552,-0.3017714868035714
1.0667027126368531,0.9443940403565568,0.5605136607027237
-0.0447784744982082,0.0722324514870708,0.1991318183331171
-0.6636087236116445,-0.1353388502570164,-0.599466531068572
-0.0958140514987423,0.4489323216439632,-0.831359148752465
0.0717711336951826,0.4787469779394114,2.2333545199376124
1.5757333391854011,1.179276596555513,1.010049396763398
0.3882865742733331,0.3637258292564453,0.2527827091432323
1.5665044701029809,0.974431323795647,0.3503832305686045
1.5255413584342137,0.822915323258515,0.6382190021912897
0.0753579884820297,-0.4872978543887177,-2.0107348526910704
1.8400914067868688,1.275161974846342,3.110381384891552
-0.3751166343724799,-0.8427665428642135,-0.4334065558749646
-1.3412865626691963,-1.5573645530538731,-0.1908624483605467
0.0496952864586152,-0.3865925126625891,-0.5781149392836517
0.5051370423323653,1.0783418072276203,-0.4001767960718076
-0.0376591323047141,0.6082406300747324,0.3354333406966927
0.4585887391120616,1.0597506915006976,0.4995723559386765
1.2473516985634958,1.1963412218204637,-0.1716869812266594
-0.3412126318602548,-0.6392858507132589,0.0759355572966616
0.1583176280429105,0.61232785531473,0.7996362963812311
0.788285034371681,0.7499350090343679,0.2259614064124029
1.100706310307748,0.6373098129302571,0.6783837822019619
-0.0042310078957642,-0.2402603783703559,-0.4343015743587479
0.4860646390029652,1.1049325578344529,1.3605741806041562
-0.6811016187517752,1.176654378639623,2.0268200847310185
-1.117477268365846,-0.4910318203213843,0.2279583542529935
-0.2114672903199433,-0.2014248739292937,-0.4187727519348242
1.3267493214831054,1.1979110970354647,1.6357669341153964
-0.9615141368003728,-1.567312054281337,-1.1576256540070098
0.4787557580602076,0.8203547110191143,0.5017515345508603
1.28382205485619,0.6602220437456474,-0.9353780182845836
-0.5705477354366874,-0.8666645648875839,0.9429546776438732
-1.2086493255174355,-0.5325163445435269,-0.4044182683363614
1.2805389577764528,0.4713107600655896,0.1406532076059573
-0.3305059786726457,0.394310649253339,0.3930873998960215
-0.0443047578080884,-0.9343401673691044,-1.4503724825667774
1.6452707508815696,0.8975223924019786,1.6069988497438368
0.1497881620492085,0.5675013790861245,0.44811170664246
0.5207980013280893,1.0427096141953414,0.7913652275735633
-1.4044856011656224,-0.6890941365523282,-0.3898402207195499
1.716525635913761,1.2191481137104507,1.976371853829925
-0.9953109483007264,-1.6504762020360093,-1.4542023124467691
-1.4349407802106453,-0.8322962701683159,-0.9719603471095684
1.8400914067868688,-2.883726487658676,-2.653637303753207
-1.5464695669142845,-1.962614620069507,-2.121417199345432
-0.2414721255847496,-0.5107516128926574,-0.376884249498809
0.4465034189826766,0.3642602466343569,0.5184057426449628
0.6005163256761884,1.2350079102639913,1.880933698345352
-1.477142341075098,-1.0397876199814688,-1.9335759967625876
0.0848483787670297,0.9601294466715048,0.2365283490536555
-1.147100288800661,-0.3974906474364101,-0.78437401196859
1.664822156193918,1.1578365385003198,0.138251682873449
1.5555287955651804,0.783644858298846,0.899813719738261
-0.484665050793879,0.6118598081132101,0.6941250535449743
-0.8247584740482974,-1.5348820424882577,-0.9520718396309852
-1.2007899662241732,-1.4825028241552003,-1.2947067421322214
-1.103896924035651,-0.961117819309257,-0.9143400296837052
-0.2541694017786527,-0.2814379436906626,-0.2464747068687661
0.3382539482546951,-0.2498842047579077,0.5864618812480737
-1.1991804192084594,-0.4770476700723487,-0.4255444954656787
1.8400914067868688,1.2143536028361637,1.391007240721046
0.4773841519299263,0.8957039961959976,-0.6760991934894695
-1.29539704363889,-1.3779047985298436,-2.0615835992019407
1.0334363014220982,1.1454365203577928,0.1117719462747889
-0.3567742133335281,0.5608362269891671,0.5190389445722937
1.285907639310065,0.8545298571006945,0.3545917891779876
1.0761258759907384,1.084296127658671,1.9537707067498804
1.085859527860257,1.0709308253958931,0.7916478977909173
-1.2303346159193402,-1.9396763987121588,-0.3680100766333837
-0.789137749493914,-1.45815214441164,-2.2155040308256404
0.8857784753840965,0.8780270813555481,0.2256301940558371
0.7745151486820147,-0.2245071957237215,-0.3737234392884032
-1.5285890084133358,-0.049653486468668,-0.366587942728617
-1.570475059265092,-2.0883299091941607,-1.2556417739367975
0.9982545679827064,0.8999223335637322,0.1057244345263757
-0.7821616253351601,0.4577501482594642,0.5404214498708059
0.1238577899289197,-0.1496092448516527,-0.0166576237411384
0.9178497454600713,1.1099953747064704,0.411518439352927
1.1719172032758385,0.3554446083074978,0.538582978009755
-0.7370506461799035,0.2738648950527015,1.0067751292832463
-1.2772066717310548,0.0244665617218312,-0.520494202700726
-1.8011038246006623,-1.6238874664168137,0.0728624702945637
0.052762329778539,-0.9898235623838288,-0.7188268946195907
-0.8502209944199598,-0.1413563105869288,-0.0135118937395173
-0.9480740924240324,0.7248211253152226,0.5436811041329507
1.049651597274752,0.947250486225348,1.5285398368955514
-0.743849215039536,0.4057183275602565,-0.1901348000184613
-0.2130238255297187,0.8032114186987701,-0.0275129334077797
-1.1155367956867372,-1.2112475408870231,-0.833270081924149
-0.5798963420217496,-0.3230019556518815,-0.2664563356735426
1.8400914067868688,1.2661615486451188,3.110381384891552
1.1403667604466292,0.9961206340035822,1.2359114860105789
-1.0118073886982926,-2.074694130329702,-2.3757338090775533
0.262234621455685,0.0195035817584926,-0.9746556191285968
0.5274468103700047,-0.399392517170293,-0.4794627578166713
0.1239064147780156,0.540467942654783,0.6004593222975663
0.7588354263649881,0.6045388954068316,-0.5149836117211058
0.4098133267905566,0.3444721883899815,-0.3288310310696084
-1.27545617596434,-1.6263822560345926,-0.422436213845901
0.1859783415709102,0.0535740684285732,1.909876041332082
-2.0168234496406274,-1.6258213905417258,-0.3968557699069776
0.292472384251768,0.2499145474817987,-0.4000293507590653
0.9860858893260004,1.1197905338501273,1.6840736500980418
-1.2272227148999817,-0.9511430796164664,-1.2702570756792677
-1.0179928752891385,-1.3420356621751142,-1.2723493996512685
-0.8453265735535639,-1.1273701120143016,-0.5791701472604368
-0.0670841050602186,-0.6595234104861701,0.6900343832654131
-0.1900284263118181,-0.9151171666400876,-0.9028496787389882
-1.204278103458748,-1.6270694281171614,-1.4155936026255316
0.1683827625457518,0.5612530881303198,-0.029025019702234
-1.4130209433727223,-2.032159450081658,-1.6655637913962968
0.4388008279793065,-0.0588106068841292,-0.2888462168472084
1.2968275378076008,0.7547954041299463,0.3288088349382078
1.099724664386332,0.4977384621233303,-0.4408188993719902
1.1307886617788885,1.1403991897467136,0.7836380664190536
-1.523265747475164,-1.741835489956686,-1.8229249183524248
1.0264666246667502,0.2619813720467173,0.188430806580643
-1.5595932195470998,-0.6563945810571056,0.8033431312922347
-1.2149349119993254,-1.0274015403066443,0.1713417662251533
0.0372954052419919,1.0583643703406491,0.8078094917236602
0.0233552820444879,-0.4733044141442155,-1.2412069201047191
1.353664594509721,1.1273867506174484,1.5966627668972522
1.415812025089652,1.231693091303676,1.8118110320495848
0.5923213384684073,0.3518129431285821,0.0478592979321061
0.1274645361574984,-0.4646026223996496,0.6460093909816503
-0.9629562024525636,-0.3293239041475092,-1.6591042846116522
1.8270337360507711,1.178923249023702,1.7767023692536243
-1.3917564068463977,-1.7851277040470623,-1.4203545904944674
-2.167331946320558,-2.2929606771163047,-1.9255065802443456
0.137707499396485,0.2095869659608529,-0.889456364480941
1.6063499552563825,0.931619207776112,0.6105771343369949
-0.396092692746837,-0.6151482262605362,-0.4242645132937107
0.1970508355354013,0.7212419224170923,1.000801959580783
-1.7736024134799813,-1.090662093841861,-1.010328952359025
0.3101177514756518,0.4215248194416061,-0.286695379587808
-1.0117980256136003,-1.0891101233365317,-0.4373280135919508
0.7568519800759833,0.7653635640620937,-1.3285400275955832
-0.1212212598916155,-0.640900168023467,-0.6093930106886318
-2.167331946320558,-2.5726276244766555,-2.359695736322056
-0.0643102851930405,-0.5112065171388129,-0.4589146844643108
0.8253790976769452,1.130738954768113,-0.133770598258623
1.8400914067868688,1.0736185752296663,1.0687564436848311
-0.8453057507738504,-0.6221124443774089,-0.1284050318494395
-0.1861472702464456,0.8386552690495902,0.6759409414745166
-1.7281128516206026,-1.9772888085811788,-1.119655194376954
0.3665739872991229,1.0360597697870173,0.7621664692004934
0.1712210729562716,0.3963881205103767,0.0042098615356747
-0.5079014363729827,0.1805508497932149,-0.1520907951310024
-0.5406480746283645,-1.511171921765821,-0.8360955307811735
1.7998120041525572,1.131661399059071,1.109555440688288
-0.1160528390217466,0.2392324903167436,-0.9492243886620894
0.9830583616488736,-0.1612227975187417,-1.5695641088542247
0.5175279355255474,0.8880056122198247,0.0408618568148137
0.2167199036976523,0.5887720664883939,0.6018796000534017
0.1464209151070075,0.4879574416015373,0.1564160607331409
0.2564889025760059,0.7904235289460492,1.0745653912378557
-0.5406341869784382,0.6478853818426646,0.0646508579571418
-1.6633862626599518,-1.6690507341369054,-0.6137475822404067
0.3538789352230094,0.4678956654100151,0.4867301041885308
0.6093773805731293,0.5332520507275994,0.2670850691230594
1.083279905105511,1.031400163611648,0.7763477598050528
-0.9692992091560756,-0.7354932670443378,-0.9331156512924962
0.986114587127736,1.0081576758562356,0.5853264199587054
0.9694915718846124,0.9207343565752928,0.5016237718979876
-0.6561354413091623,-1.7052575407528887,-1.4077142649314172
-0.0167427529607183,-1.2177254355204887,-0.7871909182604573
1.702160882410538,1.2144221313513337,0.3145218613305819
-1.942871874264732,-1.372454572277269,-1.7501620117412295
-0.866273939903622,-0.9054177709585208,-0.7796774805133319
1.833290337189552,1.2482388069903485,1.398904080913426
-0.497215694812723,0.1739305012532586,-1.339318124040547
-0.2725421788462406,-0.5316444350093997,-0.9822834204932008
-0.5138418932500262,0.4026748858888359,0.3674673657107253
0.0585607971055279,0.3914851857223057,1.549076239067181
-2.167331946320558,-2.0218562495526915,-1.6461452674434365
-1.2686284897156117,-2.277358087676125,-1.4602348725717156
-1.3300906995140105,-2.1635601080170583,-1.3226191427884206
-0.9196392469106158,-0.3653395795777945,0.9288511067853
-0.3225290582314419,0.003060157393133,1.0529434416276184
0.9495314406968216,0.421815109318542,0.7182639577445805
1.6024338789482762,1.0782029098193584,1.9684012946448048
-0.3423247942434803,-1.0965441860235523,-0.4862485733071719
0.0675305369262819,0.7384575317594698,-0.1543672060255446
0.7642755141817893,0.5016210981233962,-0.3245182507914522
0.1478538340801764,-1.0716723897440958,-1.036411836970977
0.8388920947266305,0.5888120599608119,0.0420705682021109
-0.7323646838363146,-0.2995826459896656,0.4674306741391488
0.5513972009241142,0.6146313435996705,-0.2440861280095105
-1.1259761634439238,-0.065937646025863,0.1266521278171701
-1.7237877887669262,-1.1787799397813417,-1.2119293283801702
-0.4417748342745809,-0.7452499069846452,0.1984205847804923
0.892965835315947,0.7547653953155588,0.3985715127575322
0.7508123460693553,0.5902569613946811,0.1580221887256347
-1.0394462696850049,-1.769766993686224,-1.929069177635331
0.0123752504756705,-1.0252106299859574,-0.6497422080342767
-1.781111638045984,-1.3140896725719282,-0.5237962139988094
-1.1259539992414955,-1.992646655426832,-0.8088792007841461
-1.3848807222990065,-0.3358463366483786,0.0224277294452791
1.1263836510151706,0.9806966552401838,0.9197899917478378
-0.5490610274040262,-0.725290173109302,-0.9980615993828847
-0.471156189750782,-1.1546781156758017,-2.2531840028013965
-1.3627216441205303,-0.3147962758578739,-0.5851407100767635
-1.1258921411308302,-1.2820058570469686,-0.2468382922928577
0.4386428948739982,0.8032085101565499,0.2930730197999506
1.135660133866467,1.0305628329727243,1.278144828970221
-0.9322645566923504,-1.5683449328550203,-1.4513211590163884
0.1481891975998513,0.3899005150040012,0.402340234429941
0.6148806726997065,0.3466021873716994,-0.7317135221963695
0.4198799659297362,0.7792697781385037,0.2114555217362621
0.8657523707750477,0.8586783064931203,-0.0716080620921536
0.4905545583359501,-0.2304688028749037,-0.4040854373357766
-1.2262166076675365,-2.21381734821253,-1.0883444154216488
-0.3858998546741127,-1.168712418933288,-1.900808643947088
-0.3291543946629874,-0.3183717892452594,0.7935357000778013
-0.2668110417134987,0.6381803204240106,-0.801109810803269
-0.8647828929664514,0.7774877293607031,0.6128453326755421
0.6284020773857306,1.0581066581196394,1.3088554399625911
0.2760768562883528,-0.8797309191459903,-1.8348627444880024
-0.1874478589041567,-0.3730478872763704,0.4020523935420895
-1.1164773495402052,-1.1780786497510949,-1.317621995932086
0.619256021856867,0.8136976944869087,0.8836321640989881
1.1810441769729692,1.1363388200630429,1.3989294817308937
-1.4228015427343674,-1.214888564519339,-1.7214908048091635
0.0628369995347213,0.1070172200242849,-0.0207602843299275
-0.0695039183425199,0.0949280669795014,0.6778002899637433
-1.166593980510463,-0.733077185648894,-0.0271675655806262
0.4666835635672458,0.5871347013158589,0.5998497756410304
-0.4726407128333647,-0.925332365966278,-1.2473189742827575
-1.844116298903476,-1.5954483158841597,-1.5569714952635585
1.8400914067868688,1.242033300807575,1.1778193553097651
-0.1304638392414155,0.2598371220276358,0.7261426269918275
1.8400914067868688,1.1851936959539215,1.3783749052604433
0.5907590905947523,0.4401201856920702,-0.400686757967925
-0.0768342337520732,0.7121723022458207,-0.9504040033089852
1.1988184040115095,1.1108100542717063,1.647863343620487
-0.3753063276999386,-1.3485254707217698,-0.7254582939479105
-0.3716275529973626,-0.644019238486865,-0.5652788669493527
1.00419962061012,0.273670981133195,0.7947055277693613
0.1535008501809001,0.2557927739845918,-0.273406589857292
-0.7224702600646299,-0.7288714691086707,-0.1643191107884922
1.8400914067868688,-2.883726487658676,-2.653637303753207
-1.7622531348698425,-1.3297893205820257,-1.502025198253012
-0.9467034142933742,-0.129978154692288,0.037737796581648
0.2199070237876001,-0.5181089366222639,-2.412787093336383
-0.439179570901604,-0.825256148491158,-0.9478572775979984
-2.167331946320558,-2.193034246805632,-2.344380528516149
0.7718463350270169,1.0794730200467784,-0.1922832933015122
0.7842370337507487,0.822261865436564,1.022584852584921
0.5681242556126225,0.6775425131805184,0.3393901872940656
0.5057059630558463,0.5813194263250748,0.6726341746441444
-0.919828161014852,-1.444543661311048,-2.063297206809592
-2.167331946320558,-1.61049121310438,-0.8435097851848389
-1.1289872627532649,-1.4062705066869017,-1.72079603387435
-0.7985571743486084,0.4147792440135231,0.8183126075197268
-0.5151614181427705,0.2269395747963267,0.0039358330886524
0.7574885346557279,0.6470543519204872,-0.3160222600534884
-0.8720044812732228,-0.5513004117915044,0.4583313339032591
1.0464886097174395,1.114539123142642,1.022866180828882
-1.4493887765537037,-2.2416942014613657,-1.906719147757095
0.7113557844706938,0.8345020730755678,-0.2035363364907322
-1.47904276762846,-2.111512784388771,-1.08352010236672
0.7304267694008831,1.0490712377829186,1.2831482069651032
0.7976297818289805,0.8987113968974203,0.9349304950071108
0.2845564206287443,0.4108131515235493,0.0908832900645896
0.279483625249854,-0.0159586709056933,-0.3351795512363002
-0.0052926895333248,0.888534524994814,-0.8865827368046706
-0.8003541601963692,-0.6570978683662052,0.291827232430619
0.4925819877409235,0.1733909576542726,-0.3788959802630496
-0.7609967156034684,-0.8982134309111323,-0.0749734390442188
0.7167860369396697,0.9039143166184996,2.096094333534772
-1.7989256241793268,-1.6479447858901786,-0.6613962423756566
0.69195656281157,1.1803722561258565,1.1112642961939974
0.4012574215616668,-0.235945903895647,0.2588111929213416
1.5136318027250923,1.0188071018708604,1.2013130729344856
-0.0325311081263231,0.6890654909380082,1.7262988854208423
-0.0464190035654126,0.955739055852166,0.0453787482716987
-0.7562562162211643,-0.2042477343156051,-0.1768736118170427
1.0149245187344051,0.8395163524798082,1.0844944018857177
-1.4384191786325151,-1.8726563636740805,-1.193734387096811
-0.0384849966513583,-0.9028279500494304,-0.1679078657114776
0.7474548462984119,0.8739407360202359,-0.5245120370460492
-1.4816076321117004,-1.3713828857024135,-1.7827729296760793
0.5243224326359714,0.7802989217400838,0.5842004661355081
1.0012316966196868,0.7301045564611557,1.0754026207193192
0.3832588304421787,0.7085459501687382,0.6713842606438659
1.0248094709364912,0.7453476730414307,1.6405677254379751
-0.3876403148634235,-0.6200562860769114,-1.6336489559759788
-0.9163304768793512,-1.4684839200659696,-0.0469427815328522
1.1202479111567252,1.027347201901668,0.3882981138619672
0.9133081463988691,-0.2103947113474639,0.5615796933352006
0.1811376559447705,0.6606904726599869,0.3538415341969952
1.1218792818886387,1.0486672522752567,2.371311648990896
-1.056091270052555,-0.2333574507828602,-0.5702662205297836
-0.6194566756728621,-0.5683854971714961,0.4659894808554699
-1.4829256636757655,-1.2521070963340586,-1.0038745264764104
0.3941677026790272,0.7611926037851835,0.1151218799457401
0.590907758556897,0.7122022143398188,0.2794305747768109
1.208451831874047,1.170023444536901,0.9478171868531664
-1.4237914430648515,-1.7822292220836276,-1.3643125835011545
-0.6809372289049992,-0.3128583127479982,0.5929891177373943
1.159609830634862,1.1049568243089922,0.0748562659034997
1.1784332739571604,-1.3506312409362224,-1.1350142336319389
0.3411132027078467,-0.3592022170286569,-0.0450842116769198
1.5527345586366417,1.2295036468844376,1.1326599107443154
-1.8635937904751048,-1.7538275091211624,-0.5310210325344635
-2.167331946320558,-2.6822040685337885,-2.653637303753207
0.0931337162615472,0.8520322777426285,0.9231115406267748
-0.9236400547458108,-0.6944863622507133,-0.6344145956897423
1.0057141253762512,0.9756821681859946,1.235387042968569
0.2952900150257475,0.8253832181397988,0.5555567766303936
0.1168081330756187,-1.6166113321301034,-1.5084486006257507
-1.3408024373347676,-1.9864576222906667,-1.7196245964652164
-0.1917915573464397,1.1116412562081954,1.3971094344605468
0.4711810698235165,0.9165205010701888,-0.1026340772029183
1.0320147756927616,0.9088402225805002,0.7934861832744409
1.0750152194185,1.0328257126334135,0.0660769146360462
0.0512422245211025,0.1224896410174916,0.2732448343425945
-0.2458471366770676,-0.3866753000088734,-0.720107432168738
0.8266949670302028,1.0488622027123158,0.8937791967423193
-1.2026681189647446,-1.754045583313825,-1.0522893745962207
0.5966484353525447,0.8192563605511904,0.4434856701958019
-0.2223330974310322,0.8341044818585226,0.267019314121614
1.6511782844978675,1.151152365703919,1.088116593938899
-1.2834921608164898,-1.4259005382992715,-0.5228312036538484
1.359669141250862,0.942447628821081,0.3208627968468541
0.2891403332879246,0.9033518043942635,1.129991440880676
1.7240772553508863,1.133534794932126,1.4997819410176536
1.1969850443694658,1.1391559452603932,2.4489020710001563
0.2082335074117829,0.4363193954169775,0.5314961996689644
0.5791271419710896,0.6528742534245199,0.0673216451300797
1.0119384637613296,1.0913977742808867,1.930734552287251
-0.4283980126142728,-0.0747201153971217,-0.1386585183172985
0.352861690765348,0.368184620843883,-0.619740700601432
-0.6113977380750931,-1.3318514961358965,-0.3881476089096091
-1.064136319057932,-0.8090206626579474,-0.6515820829916333
1.0744236534996947,1.0390491451152393,1.2047977018814249
-0.4333886827940962,0.8840624938646512,1.8295120903798692
1.7528709873488977,1.2377379935377013,2.13083416920621
0.9206866836897224,0.996243229954202,0.3569324578148218
0.7632937183973698,0.8542106384225913,0.918592997034329
1.21161945702578,1.020358666761751,1.9612517974589951
-0.2364940228597224,-0.1983287444101932,-0.4864313953201385
-0.3950463210770616,-0.4348862479001762,-1.059433871566931
1.2145967952031091,0.8400416982888881,0.6490911155434634
0.414473788992834,0.1346105966522308,1.030851113409205
0.8832357319246932,1.0486032110589198,-0.3525085282335363
1.6974833755957055,0.912304193472689,0.2184792059784924
-0.2981682216988647,0.1633926465713028,-0.8025937421368786
-0.4025976580849061,0.2232697768009285,1.6694517180890271
0.0936580624622061,0.2109008765427273,-0.1424896960710927
-0.751883436952321,-0.1981649857029939,0.5855828730414774
1.1573058988020144,1.2186726834374972,0.0732022244319137
0.6036188271148152,1.1910506377031955,0.1405495657116561
-2.167331946320558,-2.0105974012204557,-2.3361107526274805
-1.1199060299415016,-1.427470164704581,-1.5913249109167331
-0.3040660947633625,-0.2980055792040693,0.0760355199058326
0.5866838633690901,1.1217239933832506,1.114867262973938
-0.5416520772664654,-1.1622229000598905,-0.3046176605670474
-1.3751360852012084,0.0941094131529385,0.6794831281273604
-1.1538733801769274,-0.4179311499476146,-2.3628249501160177
-1.7710317280844503,-1.5443529045431967,-0.0266679274291066
-2.167331946320558,-2.832320738056893,-2.653637303753207
0.2426085422808824,0.4363534321360954,0.5098714209842578
-0.6069791815378027,-0.9679010725240552,-0.204586338270816
0.8550054023710671,0.9076331627266142,1.2849217262424328
-1.0458775128373314,-0.4576337878749647,0.3900273550016102
1.0163338063087366,0.977388479015684,0.4261875738831197
0.9734431032844112,1.0234934322044171,0.7123220607681292
0.1119957094703374,0.1452429726159012,0.1867648787371229
1.173861382865968,1.1430389124319436,-2.5597385050012448e-15
-0.5722509163005854,0.4016547707864725,-0.0135129950212487
-0.9774656237487658,-0.3589140756715913,0.3046686306617341
0.2541237705369406,0.3680740328615622,0.3320155460928433
0.3792756821694792,0.3555107064640654,0.1756925162738581
-1.404563496946544,-1.4963392992922038,-1.1438612364075176
-0.5368393348574245,0.0178748112461542,1.4574229222747304
-2.149693165819832,-2.646011781878778,-2.336786980865296
0.5743049032054218,0.9344658795752436,1.5218714892463572
0.5041786646181299,0.8995690953392498,0.7757903744166081
0.6579939365398326,0.7759920677284994,-0.0394132127992533
-0.3467091236226995,0.1565363777190464,0.1766072056118638
1.8400914067868688,1.0488378353168266,1.2084497343050014
-1.2431021853137816,-1.9140824415360929,-0.5407371962814115
-1.56140374097255,-1.686155925983616,-1.0169991498253408
-0.0951062713936706,0.2018659940954521,-0.1565068997819717
0.1892415595734713,-0.1253028975319482,0.9572779935846588
0.8739056820611005,1.1064296160017162,1.6831306210633985
-0.1784453755797554,0.5413147364109666,0.2448324615945438
0.2929397642428525,-0.6729329607340012,0.4396033270166194
1.0774980670067824,0.9188332680285862,0.204455074561459
-0.4466912404546342,-0.8389785273088738,-1.0445378062532005
0.5574948800293389,0.3607027547288476,0.105078005248765
0.472878705653121,0.8155908480735714,0.6284794867149103
-0.266164122227688,0.6528975520902962,0.8238253614047784
0.0245794525263081,0.2881773052523272,1.080051804871697
0.3352400244649292,0.7831298685959619,-0.0469321264263473
0.2881700661263033,-0.1058561577347762,-0.1245196063658742
-0.9101079485687172,-1.3039948640771988,-0.6496647409766372
0.4783499071923066,0.8678969111078992,-0.2179145072671127
0.5442163782435445,-1.3159960354249902,-1.4498660236966046
0.0374834436242365,-1.379296697751728,-0.472707753597095
0.4007644161993969,0.628888134771119,0.6085834511141381
1.1217703906250889,0.9936075148377408,0.5040262276283083
-0.546763767079433,-0.1828992962046438,-0.3407965310342787
-1.0988009819477516,-0.8166472124704883,-1.0919576548426848
-0.2127022231551014,0.6781783177549783,0.0921676997695985
-0.2745048677233029,0.5830655151587602,0.755372088505533
-0.9144750853516276,-1.4982076585712385,-1.1995994506001235
0.7801409290790045,0.6702879535647938,0.5030331381065585
-2.167331946320558,-2.1696288797362424,-1.5121532179060002
0.810600428889831,0.7932288445446081,1.2235769209780136
1.5119069202674926,1.1271671350664676,1.2056233480762364
0.2738017155105798,0.4941945307067121,0.1328075278534524
-0.7403519566448671,0.2886857238637736,0.8248766945483152
-0.6489726701526999,-0.2607610395277204,-0.2856036848565541
1.7008856472316896,0.930469134552481,-0.2319271996104354
0.9394940199418504,0.9877144677598554,-0.0314891461520199
-0.8788830796634324,-0.595817033910217,-0.4645238424494427
1.8400914067868688,1.1732202132621583,1.2193290101082856
-1.117228616248943,-0.598208073181458,0.0105786681439886
-1.4734666409778163,0.7173065645555978,0.8507023854806014
1.8400914067868688,1.2331925576383538,1.2961120816279603
0.425246058126991,1.1519574108870518,0.912153005476554
0.2744940349097955,1.026281203042609,0.5402915497714869
-1.4763674981423565,-0.6492652575018445,-0.3420570004204026
-0.7835991923443241,-0.6391710098014145,-0.4932726676410304
-1.14070464602587,-0.7339970526083088,-1.170547479354032
-2.1669044101601416,-2.1676688400879,-1.7879531401288775
-0.0003135497823646,-0.380475022164188,-0.4063955045584383
-0.3741559184577243,-0.6586539056338396,-0.4977915495396929
-0.5876398497155163,-1.6295341299305015,-1.1510774835400517
0.7818060927675905,0.5209688220440929,0.2017762379964759
0.3995206235035225,1.0137210802424317,0.373843658313525
0.8138810698559276,1.1644315994506125,1.2657733231546435
0.4184243322975136,0.8733568480678386,-0.0119218189434177
-0.167203370694317,-0.1573613838358886,-0.786786312319255
-0.2745044117755267,-1.2198177526160623,-1.2534818576995796
0.1275702460897593,-0.9016037100255724,-1.7164508610825624
1.5774082290204372,1.2064379248273305,1.234941250364869
-0.3071221865375974,0.7085720754214402,0.4105277780347904
-2.057283011326496,-0.6532980369298425,-1.0209613513927736
0.2580513158275707,0.0114555880784178,-0.7981921081636589
1.3830798950031729,1.1189668358998588,0.9632614696547888
1.801684814129279,1.1882610691510946,1.092940095053728
-0.6519722960373607,-1.2117772420439563,-1.019014559077043
-1.618570937963505,-0.5829996180461182,-0.6614254524824555
1.40871561760443,1.2192052013935375,1.638751460416758
-0.4383026083989635,-0.3750320232059123,-0.6381606725314696
-0.4855235596536,0.4714950072581927,-0.5191798444724818
-0.8415853420033089,-0.71006904535834,0.8694423357306242
1.1398434843037528,1.1175513194095916,1.455985552045149
0.8201795870429048,1.0236317157754569,0.6136117421621491
0.1627345115465998,-0.0796050249666133,0.0118484092595926
0.1129876269259708,0.397436309790144,0.2112815307352252
-2.167331946320558,-1.2507214806740043,-1.88482536268768
-0.5684741767846071,0.0984589032553249,0.5241288290291115
-0.8324227751937913,0.2792587899856119,0.696823338763601
0.8668961549229558,0.9797973238017283,1.2798061758834507
1.0058132046841215,1.112564620036158,1.1037850781573484
1.161312189053961,1.136640109743844,1.1031207013831277
0.9544516422932586,1.0613064258625011,1.2135721956808911
-1.440907909340474,-0.1857444958127035,-0.7432853376031456
0.6720945554503628,-0.4229587911585255,-1.3360329146501193
1.2529553514438911,1.2117268988871517,1.1373839782780208
-0.2290709594235306,-0.8456926176549,-1.2607675184198093
0.6460187717307807,0.7171717942368554,1.4309528308347454
-0.2483442567729943,0.1039375329386371,-0.3339214491489715
1.338349375458195,1.1835885373092438,1.848972834330057
0.5431845528029646,1.1112744391704197,1.934908165047694
0.5815399397735852,-0.0083596774398568,-0.2435582993561675
-0.0133922721644982,0.5675555495211523,-0.2602476500045247
0.9220427883491,0.96583396970225,1.255396654465074
0.3272641994410881,0.7857414252742349,0.9960745400973248
-1.6582722847330744,-1.56791718455938,-1.4168082272624685
0.511880972926869,-0.2695135292731621,-0.8509836724296888
0.0068046157785384,0.359590423252778,1.3109560990294795
-0.8296766760432102,-1.1518075874967184,-0.8404788822779466
-1.0609633888016174,-1.120310045821005,-0.8340559737497214
0.0077013980315056,0.5776061798185989,0.9119733457166028
-1.113272989663374,-1.6665883376966262,-0.6899184328897053
1.0569194818631509,0.7174998807472208,1.0749142986072002
0.0215926176328207,0.118767727489858,0.02784332390423
0.0107645934767226,-0.0262617152100256,-1.525453219587322
1.4072611368067955,0.6260086382939742,-0.0548518462053899
-0.7670769606582707,-0.7634391574734747,-2.031496319000308
1.6123557150410754,1.1557937038083774,1.1527939659620068
-1.1702216770953786,-1.43738452235283,-0.1458130932797099
-1.6581752689480935,-1.9341982421799853,-1.5016703114681047
-0.4443598366766176,0.6478738583258368,0.6813252124741858
0.6470027749604175,1.0731339301495306,-0.8364794240658343
-1.1262323918378263,-0.3062985109533138,-0.7073066163698561
0.4053560868562306,1.0584004621905658,1.399881137089019
0.9793900054318913,1.128342205269231,1.1736209368546444
1.1389589270797813,1.0897195593787146,0.6990624446074855
1.686252858915184,1.1686834138631832,1.5404081886409966
1.450755279334495,0.9745409080658824,0.4611391473499844
0.7356029839914586,0.6242678564205877,-0.0801332201275834
0.611023216470804,-0.6773359217556172,1.0606805828535952
-0.4037638624900813,0.1464910430904925,0.9044148524870071
0.6609217913268601,0.0033231334168671,-0.4922047822820821
0.7197241657132682,0.1294976664313122,-0.5995611011570487
0.2812693158652586,0.5371524231277005,0.4962388053450693
0.0589157232555313,0.5240906123244539,0.0329439740857357
-0.501092791138559,0.1421955058464294,0.02473532692088
-1.2956075019035738,-1.3197257974300445,-1.5794384835053097
-0.6964268487414954,-0.7850060222637288,0.6047545723675504
-0.8264686606678426,-1.0834522298263785,-0.6037941179345897
0.3892611590429299,0.4702686277687151,-0.8351898117499926
-1.9530714404007692,-1.4418720798229103,-0.4060271327821716
-1.7276078369987011,-2.04012612833627,-2.464793607715092
1.7883070014554934,1.2461558681603189,1.729311599566453
0.721930903998811,1.0240940094549993,0.8353431634233657
0.621920172033548,0.5816823555940636,2.0376329458050404
-1.3586362188339207,-1.7917402365749575,-2.1256430796426926
1.7865788906179392,1.1264397598022169,0.7116650749929736
0.9166304034949764,1.046475205432878,-0.2116151362173494
0.7223710932999271,0.5286886030266095,-0.2911062858691802
0.4863395963379961,0.3239785545848181,0.45391215272151
0.6700113911053973,0.1141649754101594,0.4598113984972756
1.0716089654298215,1.0282899156066023,1.6654554918342797
-0.2729224553365586,0.8597345823308683,1.0226213981032708
-1.462514583414606,-1.0057531808154816,0.4419192943606082
-2.016629453459586,-1.3572821147173355,-1.1429191247586703
0.8302159210737294,1.022046717341514,0.819798245454839
-1.4352690067724776,-1.8840952571962015,-0.9076139936802082
0.7049522451827364,0.8028288886818811,1.2411846957727843
-0.3646804411981076,0.8736108074154901,1.30522307315068
0.0070235411639346,0.3290788656259789,-0.3150931181644931
0.3384331446149408,0.7953819426070554,0.5501542716684027
-1.4553083651346943,-0.860204096946048,-0.5870779690883122
0.9877017765701112,0.9619936487239832,1.022167160029413
0.4629404380347662,1.1132334282348595,0.3750434179214972
0.9772428682632848,0.5722576216570758,0.0848416741945373
0.5695463281016274,0.2922382418483851,0.5155671627549872
-1.0520106424343747,-0.6581608319223168,-0.5603232344462465
-0.7271890604748885,0.5400132923315532,1.6348536990236735
-0.862037448857466,0.0051501737405672,-0.4573357986333716
-0.3867641205997966,-0.9830492136647648,-1.3630414565025466
-1.9271244983813671,-0.9475762814990568,-0.5783156542360677
-0.3911291493418,-0.0055690641064063,-1.162049802992782
0.1861328414103989,-0.4636048250995024,-0.9086864789596198
-1.6894923946613332,-0.26839238880304,0.1777819505299477
-0.6464411763781165,-0.4829782841475766,-0.0057571743974409
1.0138339996987462,1.1966216982767597,1.0140409213475852
0.9667799552170516,0.9606169571674608,0.5885454476700596
0.4862326343176027,0.1538438092910132,-0.0493091242178859
-0.1233059579882706,0.5655985723542122,0.9498097165874116
1.354910425745125,1.1948031399371697,0.6371360069849715
1.8400914067868688,1.2751940692514396,1.3463550656583725
0.9495325912027174,0.4946487153151176,-0.5814073797211543
-0.4640649855404078,-0.6721019684864641,0.1104785912393501
-1.1962416935980655,-0.97192791285947,-0.4714255107500866
-0.5896538894961972,-0.018512093464988,0.7110850137811864
-1.5526736554624487,-1.038960707298989,-0.138355282255805
-0.4453446172854722,-0.0559533606174826,1.0572266330091735
-1.1741194276020286,-0.7382849522274884,-0.4553052426594232
-0.8111469286887409,-0.76599385690351,-0.4994161909177776
1.6600165587412306,1.0593221191973587,0.9020295901015896
-1.2591542047379385,-1.2804600546320757,-1.3059975908713517
-1.2350905130437346,-1.6589751901002303,-0.4840555818331305
0.7870132909250069,0.0978978413088954,0.2025132240948786
0.1309967235682439,0.0693815780667269,0.1202481486779237
-0.5263224916203468,-0.8595265097572009,0.6291773131081886
0.41894285748193,0.0213728794453337,-0.4756048935385686
0.5647524933153022,0.940580198388108,0.3497106592992227
-1.050876105607132,-0.1634943323295677,0.7194095292839789
0.3887072604001774,0.9209113447557926,0.9101142918304784
1.1698381408054277,0.2530616383401117,0.7421423960619137
-0.1596628293990963,0.2745182094217568,0.3494579319326263
0.9859357668431438,0.8608340051048149,1.0089912457768029
0.3612911131090861,0.9628843892317046,0.5091084034174492
0.637633552712214,0.5836340469204486,-0.5104575529810998
-2.167331946320558,-2.0276843015481987,-1.6979027477859718
-0.2903315061722195,-1.3172062771243458,-1.6391370269041037
0.3974548640999817,-0.2618726455993693,-0.927688278781208
-0.9829332264864022,-0.8675882751816859,-0.5539951020928957
-0.909491626223604,-0.1615592075047346,-0.854979594581763
1.278056532929999,1.0265233588397251,1.1864335861466768
0.0476462056422213,0.970443149615975,0.8470635925344726
-0.7043156202290659,-0.2364045092766435,0.3008421911817856
-1.2040472534551991,-1.4553619677719185,-1.4576531751847337
0.0243194098383267,0.0274430239266045,-1.3912231060131688
-2.167331946320558,-1.5968679774556878,-1.4663605907923545
1.0143508100966987,0.4362569989615147,0.4860486140200235
-0.4004635499713938,0.3163470376792442,0.3284804675640825
-1.2081128646700072,-1.4059562827129948,-1.542213735439666
0.0336421445647078,0.6505899079012041,-0.1799382812534276
1.379154770695879,1.1988346301024004,1.4241776845362792
-0.8562052675377068,0.1147866056241674,0.1182935476213501
0.2140351286669792,0.1513533999702023,-0.8609415249506969
0.0157574282359959,-0.6136450472074539,-0.7626837765503409
0.5689224766579063,0.8350877225761122,1.429739555035355
-1.413538205295226,-1.678436688350145,-1.7695017744857129
-0.2417242794901134,-0.7897281833118964,-0.4061052846694274
-0.5520223558349949,-0.4085609862365965,0.3991741118519838
0.8595303389370251,0.9234614406799028,-0.0325746980031302
0.9445673653715024,1.026264154727614,0.8466843692913651
0.3410098635845316,0.8515822569483356,0.5087518190607345
-1.6772671267106545,-2.031450267719489,-2.1031107700894864
0.9169898923363078,0.6322394903893916,0.94420677486065
0.7827086822934876,0.9856256107009947,0.4486760342373838
1.2294561275288227,0.9756117713255306,0.6642504811654335
0.4626553079475933,1.001678745296377,-0.0394084469437516
-0.0416342323184944,0.5959537097757347,-0.4775788170767204
0.0820881954947232,-0.461415582025568,-0.3638670093887392
1.4467714648063876,0.6530509749567235,1.069468291702743
-1.0478219245131,-1.0187677888894502,-0.7168560281520986
0.8263345898893414,0.7935264394535263,-0.7075731677538833
0.6421726310800389,0.9197774165040772,0.7811305414174091
-0.2154805431498528,-0.8737239128153177,0.2896271609071586
-0.1020642859446139,-0.7977631443429366,-0.0947183607148005
-0.0799018416116198,0.4525020968516583,0.2493252661403281
1.7622096329113637,0.8117622923739927,1.243066470039448
0.543181357724341,-0.1363002693449403,-0.39087118241934
1.518247449977413,0.8835616521880801,-0.0836074055001924
0.6801354874777019,0.839521112920756,1.1459072954069278
-1.3717789399309903,-0.9064302087213808,-0.1918223804500991
-0.8811656521738164,0.1938211673024687,0.682866233533235
-0.3820180756050297,-0.1565256801566396,-0.2154941954524012
-1.791555393160806,-1.285765502520579,-0.4541153474427368
-2.167331946320558,-2.0951918169136263,-1.4796128651828342
-0.6312002191574995,0.8236179294921292,0.8214452496262798
-0.8066334650342574,-0.8105887233243863,0.0361509123533339
-1.355177224443509,-1.918270050459387,-1.591705764940829
0.8339522005931017,0.9522606426916372,0.2996209252043329
-0.1168099351174725,-0.5650680790141006,-0.3526568919086791
0.919527440641215,1.0144817704017912,-0.6877112064194533
-0.2818565784741065,0.1247630794670688,-0.7980398383261675
-0.4277089593870974,0.4820598493355508,1.1972334388651966
1.8400914067868688,1.1971831889888795,2.0930027323492326
0.1702045771559471,-0.1867700033466823,-1.204239730847277
0.9052783184105267,0.4302282179959315,-0.2215523155287432
-0.5410233222056305,0.3905713366057829,0.7454414895449304
0.5266180062415909,0.5820281158408759,1.228347680775018
1.580100368682404,0.4463472674905989,0.5097101585475986
1.532498016653939,0.9611918640314966,1.3472785389066926
1.555672641182717,1.0105350013804046,1.0745626608242935
0.7233782725078787,-0.5174229483337264,-0.2487851397376815
-1.4899098218481852,-1.8179349955604407,-0.693108279497795
-0.3621753134167038,-0.1341635479487897,0.6649733756456081
0.2353774694072436,0.6221398755909097,-0.6669069489557323
0.5081449999861376,0.4600076576127871,-2.5597385050012448e-15
-1.024819272502989,-0.9158975090602318,-1.0228625515266885
-0.8825319752667273,-0.7131842897756782,-0.7764837388356076
0.634258409742491,1.121828715141486,1.308483562820912
-0.2350550306916185,-0.0254879176539907,-0.7816664939171636
0.3970224891025803,0.4326531093420632,-0.1838751570914792
0.2654068839673309,1.028628292923025,1.773704236579606
0.3681192872549702,0.4773424555753575,0.3835242206270698
0.8029203960944459,0.7759462755651797,1.8157646788853128
0.7291861788990676,0.9792309036511498,-0.0030157342151427
1.171842541868004,1.209433130035789,1.133167543855658
-1.9759302418500304,-2.083134319400252,-2.34338351109673
1.297009878489488,1.2683266312652417,3.084984559622397
-0.6833491753813925,-1.6318677124318135,-1.095008901949474
-1.7398172978028463,-0.8463616954647566,-1.2103775836482626
1.7694481088989424,1.1024905734496409,1.911079543170864
-0.8233890057925725,-1.393109138712101,-0.2543929995449034
-0.287723735559895,-0.4696639380337549,-0.7560054692430953
1.3414610488466774,1.0713358784589353,1.4317795866549583
-1.3293290863169491,-0.1031116969838796,-1.5191996478224037
-0.1936257973165054,-0.6101979510977537,0.9180123079711124
-0.559275366384804,-0.3329282616740962,0.0283945148281662
-0.1989329165424157,-0.2605409039802941,-0.5643088925482072
0.7050834902901512,0.6841255537628459,1.23040502971741
-1.0346411773492985,0.4991021287194652,-0.0531205608130724
1.5181478404183593,1.1728567807714363,1.6585772541301873
-0.0064532420911458,0.5744747270227728,0.1248225338154692
1.2835276332241912,1.040673304654905,0.507582506323575
-1.0739826868017115,0.2777297691036856,-0.5318638972141994
1.1816186124536985,1.0070059721434643,0.9763138069233234
0.1057056055301209,0.3965319436219808,0.1164447241385671
0.1646766499590032,-0.4756879748349413,-0.9235685909222238
0.6932855163960201,0.4429956402371644,-1.5025764685242498
0.3081144952920461,0.2844228330217268,-0.2430366760352839
0.6505914678628893,0.7144873797049963,0.8021760761538244
1.0172344462342986,0.2796814676079289,-0.048298891785277
1.5529414675305884,1.202081044482206,1.1675875507202798
0.9872773003108752,1.2394164606855045,1.2510776676124604
-1.3203558589184523,-0.5574201034773116,1.1365281474276163
0.4687044929511695,0.3431359255219689,-0.4771487842478999
-0.3793277908830673,0.0998395013908897,-0.3478975015962449
0.0441694045950734,1.0768207681973412,-0.2553226846291492
1.3356654023914802,0.694886726741361,0.577540565021842
-1.6545187538144384,-1.107234805249976,-0.8122940757434298
0.8404233092140538,0.5985178675782721,0.0723350833786836
-1.3818309818986307,-0.7813952946931781,-0.7030722254240341
0.2793684295824961,-0.300415534315831,-1.1802338639536858
-0.2173820367717233,-0.3185841556343615,-0.7730341690806232
1.3888635288490352,1.0328808716367672,1.189635229045901
1.2019066788190305,1.1745155566130472,0.8260473464461678
-0.5765094297598127,-0.9791010940050467,-1.2470593613168115
-1.8344116032188156,-0.4779051510556599,-0.9698828105071507
1.403519381407384,0.8182790567750462,1.338475833540977
-0.7238789803628005,0.410976851271045,2.3197719334439904
-0.3583158144799314,0.2935137246921294,0.8354190892552867
-0.7985910092851535,-0.4377367758669339,-0.7914344537097113
1.2678404253100406,0.9797657627392896,0.9683734789164492
1.1314782711058191,0.9890028992367212,1.4631272696938418
-0.9037431388488356,-0.7411409707460707,-0.1990155741269384
-1.563283514992752,-1.5477113198454917,-1.223391185395212
-1.1804293190091713,-1.394407118168533,0.2484692019859699
0.8026498487840892,0.8575715040323234,0.1927224361989798
-1.691622109639754,-1.662912010009477,0.3216858556688202
0.9621622419409004,0.7835483416752186,-0.0309287940092878
0.4402983901135445,1.0162256765523796,1.4380553201893018
0.5159323220150345,-0.0274968981219096,0.3813746432903617
1.8400914067868688,-2.883726487658676,-2.653637303753207
-1.412665643409524,-1.915216716118187,-0.2658759616901052
0.7972286235510536,0.6660673321108572,0.5956581437628037
1.5801435949509337,1.1366482928834103,0.8335405816433993
0.8216595341029265,1.0074593191505767,0.2650471210379879
-0.2012920605706974,0.2948577450844293,-0.2525320330625248
-0.6122626334100696,-0.2776252844661839,0.1700779959857909
-1.5822765423011935,-1.9429961092730117,-1.9901676390464864
-0.3096959458222956,-0.2156537525110493,-0.5915479416354609
0.89055580504262,-0.0490070185917456,-0.27166775913575
0.2943873270411598,0.7014255857321579,1.0391848914715374
-0.03495809919175,0.5551479225892667,1.0773173256144213
-0.7817132653045293,-1.3501532850335027,-0.8790629986265256
-0.8004410767186312,-1.1559136361298037,-0.6089718492235434
-1.0074144043058095,-1.1741631929274623,-0.262727391480199
-0.6608325028552542,0.7379239434213882,0.239843686141982
-0.8511529008751775,-1.105625951612632,-0.4789187453007384
0.211755908601422,0.9323154277887395,0.0581420941066628
-1.7631323384133242,-1.7058940352862522,-0.4263242966684225
-0.1139265957674237,-0.5943498158616948,-0.7807454686385397
0.0141373086192392,0.7160285472665541,-0.182683149841653
-0.475799355874653,0.791459813579493,-0.590797666569854
0.23879927941969,0.5331905237044612,-0.2144446286675341
-2.088792060652133,-0.2461624810163404,-0.7975002845382532
-0.782010242396482,0.4323967009194278,0.045294975209447
1.781383185736069,1.132453658276182,1.154443987096051
0.9289460703601924,0.4873411359462928,1.4122847854736598
-0.6188382093330191,-1.5029824079373202,-0.1553947594299599
-0.4159258956856407,-0.6474633168166549,-0.9106610734558476
-0.3464382706315903,-1.0459695179967032,-1.7605872360972257
0.9090427195671036,0.6853958625920622,-0.4640989053240762
-0.5094043539658347,-1.4159415854429058,-0.5885914013016299
-1.8161024105688688,-2.180717044442384,-1.481841865443312
0.5617389677589334,0.734761329805055,1.2460194251287642
-1.8548137862307816,-2.071523134830385,-0.9975839598589946
-0.3552590807713914,-0.8521530175987633,-0.9512988831460736
1.3598117288944542,1.089991007805108,1.6861865872071606
-1.3394978294536042,-1.7973080377384656,-1.2058463708567588
1.2512866740565638,0.625226796527139,0.752071474184818
-0.4220783469355565,0.2304976040544044,0.4136337886104545
1.754293105756643,1.0931765103267472,0.068156767400257
-0.1306262939668953,0.1734752460096336,0.4368896369315399
-1.6136761092971468,-2.115450098668088,-2.083035940581858
0.0340386003593376,0.1900039936192979,0.0800092257600032
-0.0959705709563691,-0.0736651070510292,0.1427628646131334
-0.6811077219055441,-0.1322927044444975,0.4238907036796793
-2.020723891440219,-2.3005708373223013,-2.653637303753207
0.8346638238282075,0.7842613663147728,1.5593017341318611
1.4726735219512446,0.8110444072781374,-0.4303629099196857
-0.5179236969142789,-0.4936652279222263,-0.1364470378231821
-0.0465046632502137,0.8990283048349186,1.0647624104767226
0.1076915867917467,-0.2687102099593249,-0.4588200319933814
-0.5143541940355263,-1.067169774237959,-1.3321553844846494
0.9493722399368436,0.6463403872817975,0.7913783640536559
1.3688660752657869,0.9090820030969576,1.4830554356269188
-0.02822797053732,0.1559856304210936,0.1343256995255879
-1.7554330220127483,-1.686393686350908,-1.110326663299347
1.0834148144310267,0.7154373990965043,-0.6752058892317233
-0.3427006464513313,-0.5607654734913267,-0.6083754505819088
-0.6931229922937919,-0.8859365566755926,1.1211366227237445
-0.1281350260993049,0.4581928756160738,1.030195484911704
0.2597988794668795,0.6598609839419874,-0.059281244269028
0.2016885157786568,0.3986398250219969,0.0638622375725429
-0.1229819758126468,0.8884058766022782,0.8407147969929043
-0.0135067086670772,0.1763566921090447,1.7752981417439435
-1.2011130080267904,-1.7948208923557252,-1.1887383425021598
0.6646328937736501,0.4848489259539715,-0.0327628554652608
0.576679525299834,1.0354800573699998,0.3637505759712696
-0.2970002912362671,0.5723634802313917,1.1415306597177588
-0.7921540126339809,0.2579540125380581,1.4508838878367984
1.1495781229005768,0.8847509922336816,0.422181467123448
1.0664035088868495,0.9355001745549748,0.0696005185725999
-0.6219741438610601,-0.0622421428375894,-0.1013920706229791
1.8400914067868688,1.267410344168935,1.3250552527500945
-0.5856170877424598,-0.0789863479356453,-1.0365652969146282
0.4266265227521055,0.4714697092374046,1.2899999574854344
0.2003726023482526,-0.5084653238683186,0.2066070037788968
1.5606425951063043,1.2340765710585917,1.490662566437248
0.9292899632188196,0.9166853970308564,1.3278063024992224
-2.167331946320558,-2.145750399948515,-1.4037359568731482
-0.0128079623780837,0.8012405460843239,0.2841315580116698
-0.2795637310079237,0.6828166289638036,0.3970121301088615
-1.2934372082921008,-1.7053713989094574,-1.2936980606847512
1.1983497892280404,0.9391362074705945,0.2532077251042367
0.2080112622415356,0.965399531001876,0.479994147504141
0.9597789952184916,0.8306262635411918,1.4111843132312736
0.5345709791194722,0.9998244784899324,-0.0971100289421013
0.8561714809755144,0.9549507753490196,-0.0773175432115618
-0.2579339125098562,0.1695814970610377,0.1495681260303934
-1.0494008605549303,-1.562676199820569,-0.5976000774803994
-0.2246955060229206,-0.7737334803173928,-0.5467862754667715
-1.2902372111059608,-1.0501283530202064,-0.75924038557968
-0.7705314260276555,-0.0079426895905385,0.7448447441598534
0.4053118815260358,0.5728116557209179,0.701430290168133
0.6435779976688288,0.6859433982304605,0.2798811679516549
1.8400914067868688,1.2311048434102665,1.597644470781673
-0.0188635535415392,0.5104007463782492,0.0450899729893334
1.1090008330663774,1.0349778037324433,1.976562954509768
1.2781800462460284,1.0146002396486,0.2967128501635637
-1.0837640012062175,-2.1300672116365056,-0.9241272584893911
-0.6647419704714745,-1.4247131561158886,-0.5230932971634378
0.7613701226220041,0.9199816830120502,0.4049377865167234
1.266435896677991,1.2031351689717829,1.4045190830699965
-0.4114701827074348,0.6364162844496084,0.044858523111031
0.7266734866957683,0.7429082484483144,1.9961374641065028
-0.7086304901007445,-0.5820179330535841,-0.7449847490584185
1.6536777595998235,0.9964212275608244,0.9666815229900512
-0.3613416429403953,0.398155969349171,0.2349878669697645
-0.835341985971874,0.1185054066662549,-0.2332992577001256
-2.165474919764559,-1.7926325232387017,-2.2623344518776998
-1.7092133511616456,-2.4712924522576074,-2.161288851473449
-0.5927431192390483,0.682912222620547,0.8786538320493871
1.17091892263162,0.931500110519305,0.5058083602639702
0.4078315213146384,0.869442651121369,1.9788438804470412
0.8648097066120938,0.9969928344400508,0.7166597407311031
-0.9296014708953926,0.4982680699768237,0.4515465006905625
0.5206983239819978,0.5853372660688926,-0.2179924303902311
1.5837674832481,1.1632896769059762,1.295715416942356
-0.000617298889019,-0.4580785118670829,-1.158761965956347
-0.1802791402275591,-0.101774010838576,-1.1483696381712558
1.2150777089392517,0.9799167092378788,0.4821269836622084
0.3589250144795883,0.0556909188217409,-0.060325106805453
-1.2891019926401472,-1.7325407344166772,-0.2546911808629236
1.084254589074931,0.9206725651022551,1.1462629834654712
0.5715759287940915,0.7423555228081702,1.2180468574147811
-0.6109975142774927,0.3282882424764896,1.0225912492053797
1.2305136628502686,0.8891374365331185,0.3742328611305913
0.9698240696299584,0.9942021599050502,0.7978807030913898
1.8263955774362937,1.2246831220712513,1.830345455800565
0.6471467941980558,0.0386982929278468,0.0285022357655332
-1.048287705293384,-1.0141988799651074,-1.224213606694125
-0.467789257351451,-0.8465090748405044,-0.865531093236819
-2.156579353978863,-1.969041838847922,-1.5012255041361808
-0.5628313024770814,-1.1261439281483674,0.4800554284186223
-1.38215435600817,-0.3101122500152077,0.5295935900537582
0.8129233213319534,0.530243331128783,-0.9972905757959664
0.8614808910435857,1.0112914565365372,0.1237055426736283
-1.193773609465156,-2.302896063565614,-1.0884974131382672
0.8361074143379622,0.8486387949106103,0.0828379260927313
1.0734267024063515,1.0704097105336725,1.0906148512822942
-1.1382722576570687,-1.1210458874313045,-0.5366994420565508
0.1540991837870092,0.8212303423480126,0.3388658406034673
0.9504548235957554,0.4995808003746665,0.2665511824943252
-0.1305211338387281,0.3224050396183042,0.6724083017455806
0.5725632271874734,0.4350773025286455,0.7223479495226707
-1.1351519214447845,-0.0916312185283888,0.3360010896232968
-1.359867831346052,-2.034438324117775,-2.228814426352149
-0.8244918542344373,-0.5694306674653573,0.0886501623909883
-0.8600723165173171,-0.8321608177548498,-0.6427159760476928
0.102655203315542,-0.0411703161137018,-0.210213020802086
0.7100350499441034,-0.0070750451594228,-0.1132964573132406
1.4269760971561212,0.9383541147595336,0.5703757612629599
-0.7716866801525111,-1.8165956633028657,-1.5954579166021403
0.4524954324131575,1.179700594715682,1.2033843372633326
0.3436144509343903,0.1892442888185265,0.3440761761639577
-1.6955336653815538,-1.569489086141896,-0.6208778704031479
1.0919779285173823,1.0226641141579502,0.3073224762436959
1.5565411030511205,1.0766025076169323,1.3355963188931963
0.5919096084325143,1.2501360252880611,0.3819999141102296
1.0322226903663752,0.8004669528470449,0.5853105708563058
1.0027665180935812,0.6142706338027156,-0.4020457116530632
0.0721107627822076,0.6109649304523246,-0.0375558712058082
-1.84385111725474,-2.2090754757194477,-1.6284870825131952
1.0345120030797106,1.2107689828448698,3.110381384891552
0.6326952680108857,0.754587928658747,0.8779379789772286
0.2661417878427147,-0.1856844397172616,-0.2386542330368003
1.199512228648126,1.1760469186717322,1.5403623929985806
0.4308107633939052,0.653738129712237,1.3421876572872862
1.8400914067868688,1.184278556225201,2.304600751998788
-0.0164550151687771,-0.0789396162137169,-0.1096453687102588
1.0011757402143109,1.2094218237929435,1.260675441659101
0.5360546088352179,0.916515041725384,0.7722579745431155
0.1042934051682856,0.6662385140247126,-1.0255993931349252
-0.1948454146180264,-0.4411465854540614,-1.0691156094183705
-0.3788619958674248,0.1177517495873821,0.4948821896888946
-1.4963846538696075,-0.908870815215904,-0.5524242191244652
-0.9547670529953984,-0.910673154999582,-1.6009725828504688
-0.6125734046507905,0.1788457875189511,0.2944171909936687
1.8400914067868688,1.2675633425567798,2.591126292886941
0.2514110851869667,0.846753679029077,0.2718811934673701
-1.4062151315435432,-1.1540101616777232,-1.5527080186273523
0.0938858041479834,-0.6065423729082605,-0.6784000486400625
0.9537890174727176,0.8712618525369197,0.36982239262435
0.5660525863608754,0.8146868099607392,0.4541704356735044
-0.5152867075088721,0.4944116059460317,1.168289787398528
-1.1269262151013322,-0.1586866037482206,-1.188985306864609
-0.0773430661211937,0.7348091542884149,-0.2775104803643531
-0.2679760180912206,0.3793428472644708,1.4675737452012272
-2.063220914632482,-1.4657365640034496,-1.922478362695809
0.1362155264564807,0.5980580827444004,-0.0102126973541757
-0.9302001425033328,0.166722126972684,0.5381106541678294
0.3280393625028568,0.7624543805876428,0.4609608031108295
-2.167331946320558,-2.0666562947882263,-2.653637303753207
1.00495765220647,0.9857965193833208,0.7528826469700605
0.6492704142913577,0.4949474443174697,0.876137068838911
-1.694884118309043,-1.2678370995190456,-1.012584145202141
-1.0327570106812023,-0.3208476393489047,-0.9470104893592426
1.8400914067868688,1.126020142540572,1.7278600999511684
-0.1297105058014315,0.2891220685194364,-1.090660984642128
0.0218877771766952,0.8214283711095552,0.4339886434519866
-0.3264547207427163,-0.5820121976490561,-0.5784716257288813
-0.7198002526029365,0.0165505532595991,-0.2743596067674512
1.7819668592621434,0.8372379103371623,1.2953762579801753
0.4598215228644832,0.857534123263396,0.7205814829127892
1.2032062169390008,0.3185103294707772,-0.5259379778299924
-1.0094013044352264,0.1509412045541396,-0.4966283372111578
1.7938580348348725,1.2250552341604173,1.21575759904444
-1.5809778366538556,-1.960541740032813,-2.2817647569396624
1.2981270863777292,1.037450920694814,-0.028787181051291
0.5798475025191042,-0.0189394982049272,0.6537334618947577
-0.0868091951816121,-0.0815783315816137,-1.1274021647102102
-0.3584890089188401,-0.3970483152857205,-1.129431036419886
-2.167331946320558,-1.0361320857335778,-1.1425150077368451
-0.9614175658433142,-2.0006696973221008,-1.3397743775759132
0.4639901372178691,0.9045870620065328,0.9536078058818662
0.6076547436265044,1.0567961055995627,1.740263010815284
0.8148058029152595,1.025454353160609,0.1645791400746701
-0.301592084527199,0.2572301196039233,-0.7440018332558528
0.4214349628845054,0.06041987191145,0.2186147251348899
0.9582322204740764,1.0135584799461892,0.136986118463666
0.032186018415849,0.8821960156044687,-0.488350893773228
0.8187944459599025,0.963816698259562,0.8325062599743414
-1.1031661910582318,-1.0390707531703134,-0.545715439577696
0.5492734963302324,0.9072109544600928,0.8102732947555824
0.4936346304162984,0.814358028484577,0.6645773659503025
1.8400914067868688,1.2544858392163514,1.75569173049867
0.194494134349199,0.743608895778335,0.3499755950247409
-1.1339150810517018,0.6627141859477942,0.7055435116599049
0.8955638946361018,0.3443881488198678,-0.0192905603948052
-0.2407787385693865,-0.2749134612710197,-0.1532237734633366
0.9337838029366908,0.997626947076108,0.5146864418021181
1.801714218370751,1.1533679675503123,0.2228324343502497
0.2627521898754264,-0.1217194539929676,-0.377372955072611
0.9627533779579662,0.9050780973270326,0.2117506461524348
-1.7246420256542168,-0.3003734117000697,-0.2308617400069767
-0.5693374688742985,-0.7565742070456656,-0.7912007773686662
0.8015394587483536,1.014248630212863,1.1919414785893785
0.6874597223692569,0.9287657254823264,0.0387017359080645
0.0771450955941464,-1.5411165219525575,-1.7053562908644984
0.9207960087188524,1.2054232815767378,1.5202212157223267
0.7629679570127096,1.0050953473834916,1.1826722797229186
1.8400914067868688,1.1173865309569746,0.2891429095866554
-2.167331946320558,-2.5011488363525016,-1.7287800186180686
-2.16337861477604,-2.605943071288303,-1.9005946468298345
-1.302626738569003,-1.2949965102197316,-0.600074545226654
-0.3862212337819288,0.3983521675110589,0.5702736672504832
0.8692196815694205,0.9322626205249384,1.1540216862653856
0.1237927883157741,-0.3260722242172705,-0.0172850767458558
1.8400914067868688,1.1366684227545925,1.2596137598782955
0.0283662629772481,0.6723711041082224,0.967857610433794
-0.0311662022880952,0.4233054362488543,1.686683485576821
1.6746302375764073,1.1518939266187,1.2016593740236683
-1.1835703819513146,-2.076989023013164,-1.205895050004208
0.1913239738559733,-0.4087890736392293,-1.5598693773717924
0.7788794822602091,1.060281674079239,1.4421775863355266
0.2633549996838079,0.5386175713211799,0.6645102387144407
0.5347910133034983,0.5188101645193569,0.6155263979644923
-0.0409982533975297,0.5600379413129836,0.3913635298220614
0.1060620464407441,0.3278420518597761,0.1759247294192268
-0.4194759155173178,0.3331214303631914,0.464389828405932
0.4493821875016576,0.8040609563805866,0.2793296013269631
-0.9787399479668916,-2.062298303728541,-0.9126502523927108
0.7346709944976495,0.8593438669943356,0.5181057251102725
1.245548970716977,1.1064314356152367,1.4774896152553945
-1.5502269830682032,-1.480513158150916,-0.7617169539700912
0.2384246758425266,0.3463907185129873,0.6607233542062246
0.8997341101061312,1.0178643587811798,0.0421466008578686
0.8052032019309415,1.0795802000194066,0.1431355325857778
-0.2391604517670013,0.7231376763330867,-0.006084237492335
0.1549101764894921,1.040070142273736,0.1645286071202814
1.667219701593866,0.9389205574916506,0.8161834263719496
0.0276761029275104,1.072877926139854,0.6112984919438946
-0.3412453852980635,-0.8456526859018574,-1.4376432362204568
-0.6154314826685379,0.4429772591336059,0.2718812408585915
0.2845192822219184,0.4476256469841167,0.050115594567795
1.4232037961383468,1.1391320170122925,1.8724248538994632
1.2940005798345968,0.7664232953881779,1.0325618242166466
-0.3110953684782874,-0.1565970299869991,-0.6697818602573132
-2.110337362516992,-0.940954144363213,-1.616284546850386
-0.3374526730065512,1.0743734287382452,1.7840597616370646
0.8757434303555878,0.7091494056632366,0.1706173640300768
0.1376283503579795,0.5404944602849436,-0.1749774482884198
-1.8469897808521645,-2.0202838154348206,-1.6515645785091089
-0.9033783147826326,-0.4984150705800728,-0.1564477416922086
-0.6434971094170382,-0.0892298614123065,0.015136338969489
-0.8360379032220782,-1.821705431350126,-1.6043424721627288
-0.7079757888770712,0.8750231839433523,0.8662484073233344
1.0165009899983632,1.111946189065982,-0.3287064378796002
0.2345669350317366,-0.0368467657173314,-0.368880817151326
-0.2634813344321848,0.0646721012874302,1.2863475636981283
-0.3371218172458295,-0.7856442306753384,-0.4410357509467584
0.3587538122599474,0.2570814309408324,-0.1348390708369197
0.9781303820844738,0.9352613254390236,0.5819207913967979
-0.3007055637687461,-0.383067067911051,-0.8103662844446248
-0.3723652379826284,0.253389913077816,0.1442227293192943
-0.1106559377184076,-0.1108089302997641,-0.2459943921006435
0.2115667204643893,0.5742398364061326,0.8550437633211971
0.840796730067102,0.9982964655955048,1.8520357070398232
-0.5294830546062798,-0.255543919028872,-0.4809944760122535
-0.5593911435586976,-0.1329149433390184,-0.3769196810543345
0.3595688475928336,-0.4506549313903222,-1.014470442953446
-0.0142187354013126,0.6085097980885178,-0.8958520497151549
1.240098986200929,0.8184490642834403,1.55336337448944
1.1362810868670814,1.1225937751224224,1.331712863503159
0.5523938363457397,0.8414952991434579,1.3767936789118886
-0.0791642568132642,-0.5216711725627413,0.4587230156027448
0.4028244377495972,0.6974539408541744,0.5193987591015085
0.0778332273653105,-0.1171411192639193,0.0227836399839554
-0.9794172535379972,0.0426942216717604,0.3427314186193875
-0.037896912108051,0.60326170831975,0.8905239079111718
0.8131418607556814,0.9841037107747116,-0.2528454680450438
1.0488117954624994,0.9319782720992552,0.7330260978280942
1.2901025144189315,1.179649454741744,0.8244924509860398
-1.4071048884838375,-0.6231930337203805,1.3724867490824406
-0.1380696541629464,-0.8358344116534083,-0.7258448573414589
1.1120567370035352,0.9598425124910048,1.296669180327518
-0.496403792378478,-1.9630473044206207,-1.0734004220126423
0.0022991907080192,0.5470404758050823,0.8805899441251496
0.6088155620208485,0.8824244926710886,0.9668403383980636
-1.4905905705393208,-1.602508489305181,-1.8326264286676133
-0.1125176906850458,0.4255985224250986,0.2929533449662835
0.6833523491431417,0.2271076774430136,-0.5940188449366578
-0.3212965524131966,-0.5912075091588774,-0.416426011852195
1.228857059463612,0.9683027995567026,0.6682207995380287
0.6590916806646322,0.1311606395373209,-0.9703953146942474
0.9915202559481372,-0.1252988143268897,0.2554467910186757
-1.150075428956382,-2.157667929827371,-1.2846537087815464
-0.8282318452568321,0.2455428924219848,-0.0325294613594601
0.3398929016421349,0.0133618466654161,-1.118697152871878
-2.118257302916281,-1.4286773099693912,-2.146916585208055
1.1100937481796516,0.9472790799164637,0.8340325370732123
-1.8597372974858533,-1.240580522089545,-1.2612894602924989
0.9219700367492204,0.9506436145238972,1.2781165509231858
-0.4099674510270832,0.5568640558767229,0.3823754386770385
0.7220940205632344,1.083526376950323,0.7903536514354405
-1.1065925587787635,-0.9429429504102445,0.3582081462038052
0.7182344356945616,0.6435148180927834,0.0675583854918944
0.4078431212390938,0.995750822550454,0.2123140038203365
-1.4308793893643028,-1.5253284464474506,-0.822432799269438
1.8400914067868688,0.4997386892374641,-0.5972894604084191
-1.7647114632037382,-0.2363902848351602,-0.2097048057491843
-0.2758621468389858,-1.110851612274154,-1.521049743057124
-1.5129914940032163,-1.0576785476632276,-0.2443902975646024
1.1484873597778251,0.5443503962740781,0.369860129308502
-1.3031881702171513,-2.2361584127469487,-1.2009112933646051
1.2768045905497831,0.6646706894312724,0.6651052243747276
-0.1132967697565274,0.5459510513318071,0.8398141165639259
-0.4745864350149405,-0.937731225768232,-1.1434963853426463
-2.167331946320558,-1.9015696005678853,-1.6159547241706993
1.8400914067868688,1.1800737411683784,2.1105559343164098
0.2415193721192166,0.279289697169675,-0.4546973509440136
1.3304090576127203,1.2095338087483516,0.726260966064165
0.8729695638979457,0.9996950395069808,0.6546841917785129
1.0460986347528125,1.093812056126688,1.4216397272461736
-1.56123184181899,-0.9849534985343972,-1.0095237993575097
-2.167331946320558,-0.65761844719663,-0.3503303585961411
-0.3579926816102825,0.3149599464867838,0.582816827275668
0.6526609772198857,0.5727716660033602,-0.3479348130301918
0.5715744365934579,0.8772497319552512,0.6513230591028891
-1.1145616885669212,-1.5549563095969727,-0.7923239383777537
-0.3642106253150593,-1.4235800378971415,-0.6682098323142324
-0.6949894429234964,0.3986810804538351,0.5575743368418856
0.329281158663162,-0.0324925541923796,-0.3338058034789652
0.5822577285402268,0.65933726008792,-0.3650362169571609
1.0020809371330306,1.2613431684087903,1.04083201960184
-0.7457022947050049,-1.7778172524081002,-0.3647361527905522
0.3547848749192148,0.28272559416394,-0.7812588178440337
1.6591197331235272,0.6075224899708876,1.7836435649316251
-1.4529660821921468,-1.717884475727127,-1.4272522992151158
-1.579948458695588,-1.5759960127992163,-1.2236263107622118
0.9752112795777964,0.2218827035083871,0.2718785178406258
1.2195696178928943,1.0699525400150078,0.7990571952231705
0.7095925759668662,-0.5292064130340758,-0.7764833673944975
0.5912826168773215,0.9142460205007422,0.932456266278753
1.6248781300710056,0.9965526581684024,1.2094466495148963
0.3469762439006109,0.089534108312069,-1.1445499079630927
0.7476692005113582,0.8220820710336627,1.677395935106653
-0.4658212761585951,-1.3443241713344614,-1.668413654481177
1.1093702168617376,-0.2826572090331463,-0.3100024279702724
1.2820631927493906,1.0008822408510512,1.1983844180578185
0.9675403063863685,0.2625830583745376,-0.5325405261018584
0.3154355026041329,1.0378069602371534,1.5006329018525937
0.7480317610388213,0.0213365599437921,0.4604011779389933
0.2701733220878253,0.8692316823724187,0.66392435176134
0.4060524950414285,0.4520143168449494,0.9454938092087576
-0.995537112858828,-0.6894908017070714,-0.8732099124189042
-1.961733894901363,-2.4069086974890945,-1.6706507526342786
0.3018879218831279,0.3243093780942191,-0.710165199787346
-0.431301095653083,0.6759955106883221,0.9918934608348992
1.8278642312752564,1.1385196595095932,1.067569529619259
0.6822900747011572,0.670520288066195,0.8939992626340681
-0.4803304305307688,-0.3452529777072548,-2.572398154593025
0.6328936086391616,0.8927965579631288,0.6378162234215322
0.6685023070187545,1.1212111757729075,0.7238139407553025
-1.585986382121346,-1.7901803864272945,-1.5798047187150426
0.5721192992984424,0.8885977242195509,1.6177842927418409
-1.173863553775565,-1.1655510736406052,-1.7046119019189838
0.1868259678782873,0.3218720250220145,0.0252065344286267
-1.59876598604694,-0.570387546193677,0.3347109541487982
-0.2359819973244376,-0.643082008689689,-0.2370536674903643
0.1572863387217875,-0.1639671775609559,0.504839386573349
0.5074011088806153,-0.9100943932405544,-0.2864610136582625
0.9063082983062952,0.222229243189553,-1.528131353735911
0.4121796132171443,0.4671308475261659,0.2353334907776336
-1.2117885901142962,-0.8874440768226207,-0.5448108690018056
1.5608180940413137,1.11733078834231,0.9650369861607048
1.8400914067868688,1.274303125990325,2.326135331772997
-1.5678503708305476,-1.9034600244732391,-2.0327837671512787
-0.0589751486527148,-0.1819939584002713,-1.6893269297062397
0.8518049960947917,1.006037919301147,0.6175721220477165
0.9462349420689804,0.992676539691019,-0.2342362006467783
0.4859118305110753,-0.3432389405561617,-0.8173184834532027
1.8400914067868688,1.17184517550401,1.9442358848014865
1.303949601513699,1.0278269889696037,0.692877359629228
-0.8986481573398737,-0.8697579367587055,-0.9669983705667496
-0.7035950907583571,-1.7824455546817122,-1.1237979482526896
-0.6891314750430988,-2.037042546637261,-1.4623757729837006
1.2367831118707189,1.0837979200379069,1.0908807611593194
-0.5471747480963449,-0.1291629512462465,1.3515217617041513
-1.783465543806034,-1.4923654612067616,-0.8960450503022694
0.2471347811282782,0.605941626519566,0.4205748119369822
1.1789582961184346,0.9292554140488296,0.2027714255101811
1.1710959885376804,1.1266775280900008,0.5217980449507496
-1.897891238252864,-1.885650493808956,-0.3824499213032922
0.7313726442935544,0.5205152391149124,-1.3287245748939012
-1.024503575282952,-1.4586459697221892,-0.4415768040216792
-0.6690290325081452,-0.4945397295242152,0.5201379720383595
0.158948983760877,-0.1645028666691255,-1.2523303875814498
0.1211995934463413,0.4014280117929197,0.382432133061878
-0.6028168690592569,0.5417319747961832,1.4978242674746949
-0.2640019608596578,0.3576187696618128,0.3088700216371455
-0.5334785820870963,-1.1060071113026786,-0.968639569177392
-1.4763257716636535,-2.5134129862016854,-1.6271370903277484
-2.167331946320558,-2.387599149431354,-1.5870972555727323
0.7415019513927796,1.0145382442346806,-1.1518220328124298
-1.4574273863387992,-1.754916222492552,-1.2340329454564207
-1.165668915102863,-1.088934558692507,0.0233205127195985
1.018964806637626,0.9799976166767688,0.7768028468443272
1.8400914067868688,1.245923850963722,1.7289079569917398
0.6916324313175887,0.8692004966225529,0.4763792679584644
0.1178567520429147,-0.7896912414025357,-1.2438799759258476
-1.008932610633748,-1.076522110433423,-1.1766273555183235
0.617967830505635,0.3141311354957067,-0.4493048853488877
-0.2315937606268997,0.5631997097622671,-0.0994005708730143
0.0257426097088865,-0.2627300980110606,-0.2416041293840676
-0.0610629903642911,-0.1686947533932616,-0.5075833258954839
0.6991076287895499,0.7922578092732715,-0.0893308462960179
0.967588926212487,0.7332227215519911,0.4182910260246209
0.6343205197018268,0.7857984223874406,0.4680959139851394
1.330186377703162,0.4818943449785638,-0.1082293768535287
0.0289722534762551,0.7382698942321425,-1.6215689617942075
0.6038855484981467,0.6299603131682484,0.2524363600368571
-0.8630032569668165,0.1247402541352713,0.05563042815589
-0.5744974727749983,-0.5869368896911737,0.6342837475832099
0.8286650620912551,0.87493645589416,0.3687489485295006
-0.0086420129800699,-0.6289211743343232,-0.4680538917729726
-2.167331946320558,1.3017991140786909,-2.653637303753207
-1.2464446517212149,-1.400229236024353,-1.2392565937188709
0.9964509458187832,0.3605995938085592,-0.6021029331208823
-0.1666252355627526,0.5429507611607786,0.235775982429136
-2.096293084336936,-1.8786503058206288,-0.0344236620073582
-0.7906744431645211,-1.2037173506748058,-1.685226627390513
1.1358157744729602,1.0654059575548558,0.067198285487011
-1.831205182789773,-0.911343224238462,-0.1070953750983509
-1.9548872243984745,-0.5231621286944329,-0.7759958322589077
-0.1008169067334115,0.5276748729074138,0.4693824330591915
-1.2658767952838408,-0.1962474089407231,0.8618884453181664
0.8320964827359323,1.0765071846723335,0.9617438254331956
-2.167331946320558,-2.222460999481606,-0.7212639871145534
1.424506617825621,1.1328527567475093,0.7620084365697081
-1.0944891328832105,-2.22201527137653,-0.9301634482673744
0.2915088896854733,0.8644721378694639,1.1002853471883445
-1.3914987849218905,-1.2345076769597336,-1.3010772368413743
1.1345812638032324,1.0299854789238756,1.7095600155579305
-0.4380606708366715,0.451179733125715,-1.127737529237332
-1.7073115186812042,-2.11937329565084,-2.653637303753207
-0.0932771054415406,1.0234567753402162,1.82295363387843
1.662258945257327,1.149256528378896,1.4901594629395365
0.7512496837148851,0.6951775401628244,0.7442689332811918
-2.167331946320558,-1.4788370647575626,-1.8320982915332849
2.588586866059877e-16,0.8932013068716221,-0.0851029729628458
0.2265971802065166,0.9857351633126642,1.0526857447782636
-0.3963945666222704,-0.181916404364601,0.686899677448085
0.4323988166177172,-0.911744515225988,0.2176657148654137
-1.0377777572577154,-1.5750318681669273,-2.0938458380366014
-0.4321562961418012,0.1258853058849799,-0.4556575341929349
1.088932274925518,1.0667331225652477,-0.1823270844978247
-0.062164363855972,-0.1733018871113678,-1.1927868291507393
-0.9231891096469692,-0.9095834903351738,0.258477728290106
-0.2755711333150551,-0.5938423191158031,0.1542868218773057
-0.4678877456712514,-0.760409724622235,-0.4302613047064422
-1.1078577768071185,0.1298760838009716,1.0162396119205326
0.5969658207273129,0.5512240904408544,0.6882980354429811
1.1551331510294829,1.0893888807045051,1.080689530459795
1.0810165557177367,0.4653805559828188,0.2333580674767275
0.7910867953873483,1.0313460848376217,0.8246615875000611
0.4163894331946207,-0.5030745882985692,-1.1109989564487015
-0.5435991167849751,-0.2691916435914141,1.4918464506753626
-0.7247675467126173,-0.5808198349725168,-1.8255593025412524
-1.7298312793461827,-1.5028233470575143,-0.9235964518816968
1.8400914067868688,1.1697191757786571,1.0859885841890056
-1.2762663013247997,-1.5425070140062216,-0.8985128162907101
0.9232952871701686,0.7094912862598914,0.2933159018154717
0.5383491501545933,0.0,1.3399268874578028
-0.6304986334645089,-0.3592350448279671,-1.3109821459087785
1.8400914067868688,1.2153837426064942,1.1738596394663134
-0.9925537713671596,-1.487519536043952,-1.5478787343076494
-0.6041942564191128,-0.58393240969798,-0.5054810511436083
-1.7003907339345807,-1.3284774831206616,-0.6163789391926285
0.9548995016542088,1.135435847968498,0.0519952041572761
-0.9208104126246384,-0.5489756978548677,-0.3084955965346357
-0.4607325599790962,0.3951472224024774,0.3416705306424811
-0.3680326796270838,1.035123993064618,1.3972514815550776
-0.8099666914394527,-1.0507443624615516,-0.1317442112869934
-0.5138870591600943,-1.520165740317652,-0.8936066222984773
1.2210245051893895,0.6581408190160354,1.0638312844635638
0.4634850178044407,0.406618838003861,-1.0503717840879283
0.1207330435528354,0.4065309642550775,0.244307922123455
-0.3315013112343871,0.1668194384719935,-1.1326548975093749
-2.167331946320558,-2.064571282895898,-0.9481987264400236
1.0458179365914717,0.4722065650104898,-0.6703859426132543
-0.4566522444825297,-1.2892451291068605,0.3000710664405545
0.1282329403443162,0.6895687615444397,0.8772986338620273
1.1740549823392092,0.8275155453221125,1.1142255132551395
-0.4314292132729996,-0.9942740187139496,-0.601138422322923
0.3433082860258595,0.1689629700785379,0.1482811737266428
0.1579560475876833,0.2985461587513745,0.5321300782691053
0.9645357720574776,0.2934414342093375,0.3624547788510194
1.4618200764969391,0.2514931974789434,1.5607396315086917
0.393861504702077,0.9293803235816578,-0.6918580151962346
0.6201100632628199,1.1044793785148486,1.6714697186612448
-0.2107494618044271,0.3806248757599821,-0.1720080976581523
-1.5895283013249206,-0.7264119261420197,-0.7655039769272626
-0.0481776225027102,0.7817852992341585,2.536554568700973
1.099556709120091,0.8333883448159312,0.9631310975855498
1.8400914067868688,1.1624761628742817,2.3760738568603537
0.6193431019206772,0.9032526883203612,-0.200268907074319
0.2226818203332071,0.7306502065760009,0.80154395554026
-1.7777202784500152,-0.2649696281550312,-0.3204540997645221
0.145569958430205,0.4084011991095121,1.3093817452500254
0.8303887846952503,0.572666179861034,-0.6056573938687909
0.1874990257638289,0.8022116270536438,-0.8478853362770923
1.1947061270000492,0.7907610371158806,0.4034115660147151
0.967058763955122,0.9599854960361316,1.6028443252084088
0.9668865583314944,1.130711891019554,0.555629976463088
1.0283626638572143,0.7289661174916949,0.2339675290004718
-0.9676382703450728,-1.715270663306788,-1.481626553855899
-1.1443301519773406,-1.8420345485723533,-1.2244238450834428
0.9202896507577194,0.928821380718778,0.0853457845258878
-0.909120115764476,-0.753716866714906,-0.5179973861057183
1.8400914067868688,1.0892196692567242,0.4968916856203162
-0.8403856625676828,-0.5408633943946867,-0.5329437354605293
1.189760163918893,1.0415193856209886,0.6997030416716887
0.1659611223542503,0.8216362698640555,1.5482275729456476
0.3509780662207472,0.8917189323749393,-0.069740383289364
-1.3511214673760257,-0.2169203681875859,1.1669219586797788
-0.1820158144351699,-1.0481187414546191,-1.2470178446847764
-0.4681685314753195,-0.4448855184442763,-1.9589302518914933
1.4866318387091346,0.72193151485132,1.1541307387979929
-0.2072089789765556,0.043811774754777,-0.177210535479626
-2.167331946320558,1.3017991140786909,-2.653637303753207
0.8538968858584796,0.6379441554418182,-1.1015847806243697
-0.0333239485723711,0.6407944238786486,0.2624388984058119
-1.051272927681502,-0.1269098289165708,-0.3274847082134652
-0.3233519123146582,-1.705485797787566,-0.9999124186728824
-0.966407668359306,-0.843720015157884,-0.6729087163416851
-1.1929014353172225,-1.2694723947209006,-0.6268444146578257
0.9085422447515196,0.5906223649122837,1.2061783732664035
1.2483010041682598,1.246180314906769,1.7335776900046096
-1.6422078427976308,-1.906721852743644,-1.1836316370244877
0.5241546556349528,0.4245232615434454,-0.7632503375659374
0.0347242286065872,-1.616275720892007,0.005780289445602
-2.0941430004185144,-1.118700282573547,-1.2586779486220998
-0.8247524661874711,-0.9597619058402428,-0.1153031112413887
1.360305560160243,1.0602112765831857,1.140271192081014
-0.7480790900706623,0.5399248872625397,0.7362444671939848
-0.9851072335057596,-1.0807773679025905,-1.249642611486586
-1.181284359696603,-0.9572043769470228,-0.5406991125066065
-0.3840755468275691,-1.6847951219829351,-0.8249346023887759
0.3660985513089125,-0.4484988823390929,-0.4413600655812351
-1.0293876055712468,-0.5951068273969412,0.0949875226003441
1.5343030503025847,1.1472435420074207,0.781279355649755
0.6235664819265173,0.2650689396428394,-0.7180821067104248
0.7001787536745795,0.9991271687035932,0.7152797026941928
1.4880401218752417,1.1064034298289025,0.7731089944875651
-0.6533474108468157,-0.8378522828913327,-0.5036575754812006
-0.2632644594915936,-0.9913080971744496,-0.7616604761265379
-1.7564513915146776,-1.156623626117934,-1.430682580445903
1.1252808087938322,1.1797784329656595,1.5682060908952709
0.4539036308493581,0.91525478945607,-0.8786248205032676
-0.8912574185553161,-2.373445555012345,-1.6491924897322048
0.8007097774574111,1.0530082154632925,1.617647785021042
0.18937498895022,-0.6129328281420825,-0.434082455695389
1.0480358858202954,1.1389531101656822,0.8541182504480993
-0.6623185003566947,-0.5465767434032762,1.0873415113990788
1.0077659845115314,-0.2253472910163482,0.1035530312105386
2.588586866059877e-16,-0.1718613218090894,-0.3875071621086525
0.3486053045875125,-0.3617369365945544,0.1128877585912681
-0.1886664049955057,0.3878683233789355,0.0334593722694607
0.1206504438165097,-0.5946341622407395,-1.7734434829097827
-1.2122831481715952,-1.5936174260363298,-0.7070674322333622
1.8400914067868688,1.2278897346570106,3.110381384891552
-0.0239394146417589,-0.3335890855902398,-0.8109244741233779
0.2401350478999186,0.8657718587065059,-0.7207217500132126
0.3190969317171843,0.5453110166375695,-0.1080230319845509
0.5382795222657615,0.5662632628651352,0.6923441998964969
-1.7355785532818948,-1.205842347834276,-1.0404604635069925
-2.167331946320558,-1.172631526189619,-0.7419921182903538
-1.394738831281756,-0.1681395645566466,-0.3338912082729793
0.6574463536656204,0.948133977040101,0.6222888314938978
-0.5058390274418513,-0.1948651328869776,-1.4969246707664972
-1.135602916280945,-2.3474157983014323,-1.7149084102031973
-1.5407543198839482,-1.865580231306348,-1.7042017876463518
0.9371856763034224,0.5959103211261952,-0.0773542805796888
-0.5397560858184758,-1.0784291199757223,-1.2045721457730754
-0.4832371515157996,-1.427557546706823,-1.5118200098287542
0.052083413045651,0.6583101561387635,-0.8508256811047279
-0.1162957964128573,0.8979594143747427,1.2025973825601337
-0.0125159617972046,-0.5147896144370642,-0.3073109828102061
-0.360539208514148,-1.7972405167140644,-0.5924317749447211
-1.0444845325460013,-0.5474715627372256,-1.2818243656739885
-1.805617821766928,-1.799402518933306,-0.5919050144206
0.4628019992578456,0.9314166817812356,-0.92560582469339
0.3844374460826964,0.8100022625249966,2.1020372748908507
0.9807070718811955,1.194370199721808,1.32002286660486
-0.5646649559925944,-1.0461991018632757,-0.1122192871805102
1.228854666696099,0.92242708595587,0.4903649517327099
-0.9429811408428076,-1.4811921211311905,-1.7278066381638946
0.2710006205105458,0.7130179960819768,1.762826677616883
2.588586866059877e-16,1.0248034692838717,2.1900521281057728
1.2203777336437325,1.0476444664466376,1.1028097370226086
0.2630534556180414,-0.5881012657453604,-0.3275912842803634
0.1763331532685058,0.7745500945699672,1.498067800648274
0.8098050473800312,0.9525540149147856,1.1524570496092432
-1.5700616409204498,-1.06445889465128,0.4092834457127913
-2.167331946320558,-2.2431405323317994,-1.8093988716173368
-1.47210277686181,-0.770840289600689,-0.8234567566095873
-0.8801676817982526,-0.5230514585493446,-1.038048858119521
-0.3337504433203513,0.2584410371009799,-0.2193268022121972
-1.0077607718412926,-1.9481123006920675,-2.292015815858124
-0.6531609258904436,-0.326718125021195,-0.805609422347544
-1.6156440236315353,-0.6981419979243491,-0.45475914139461
-0.8670886687405878,-0.5826213586822186,0.3453819077276321
-0.1519887272353185,0.6335258015020664,0.799351844201108
-1.5225298908954827,-0.0192265123675607,-0.0343908745932406
0.3386295383677398,0.0421741963073868,0.5479034408326395
0.0073022796483829,0.5248915968352631,-0.6131457453574493
0.7664798118257184,0.8107061180533673,0.3125807756468631
-0.1345179434298721,0.3679754231075614,0.0254194002670032
0.4157348158559721,0.2834489122873209,-0.6684755084972969
1.6915102686968868,0.9461249774321594,1.623663920230586
1.7260377888034577,1.1399105488950982,0.8672521878001817
-1.4789007335406998,-0.8333131162816293,-0.4817743496813197
1.331433034178397,1.1289043716279663,1.1070532932237345
0.0539862181072914,-0.46539096480582,-0.5756718750645953
-1.7072272965859538,-1.62700078307127,-1.4389603734789131
1.475658635604663,1.1786358834658026,1.2324527207894478
1.446240370076167,0.8855853644609986,1.1660198507854822
0.1550442067160773,0.9654210023596752,0.3613691726202483
0.980196644119963,1.0330185277883948,0.2134654970062513
0.3177602423372405,0.7515033609412766,0.4734506515294944
-0.0041060818243609,-0.1753084571345902,0.5383223297411399
0.0973942332264258,0.8195002832597231,1.4266872680695493
0.8520268434669357,0.9206233674289188,0.5931076878455782
-1.465134383542932,-0.7922724712469842,-0.2632918301055416
-1.4596764961040452,-2.1356681386781013,-1.6558799523269636
-0.3229172330614411,-0.2094242367180399,0.8227247264468803
0.5048175824541676,0.8562480691892563,-0.1224004130027217
-1.2409645541733467,-1.4588071081393983,-1.1126474385526506
0.8898541991365285,0.9242599259095404,1.307275232868666
-0.8874860429780681,-1.1181239558972706,-1.0222795993594749
-0.3996113207688185,-0.9861399200821286,-1.7955981105446692
1.1726403742938454,1.022685438751403,0.1300666095565024
-1.7257462610579952,-1.0377919219670415,-1.4440102391546348
-0.6308681119428675,-1.0984099634098423,0.3945659858233378
1.2744582572395222,1.0974353402252446,0.1966911306764624
0.636968001261662,0.4365157775474902,-0.7912301112070785
0.780763613389039,0.975126398683172,-0.0761502316410029
-1.7909956225394137,-2.173995109942414,-1.567886127371913
-0.1540795234223702,-0.4138928233452482,0.1120529550867065
-0.1670964012663839,-0.2549076187131211,0.5617927823788251
-0.4507155154108967,-0.3532066997645752,-0.4534175983325202
-1.3917669613679062,-0.8152604243271834,0.0339901783054018
-0.1852776302393671,0.7887018984640879,1.677632858162969
-1.574488040104317,-1.4290365922040102,-0.7972167208434242
0.9178184578355644,0.9047455620010756,0.6602461419161167
1.7819209612472402,1.2071593329317418,0.736714577702842
0.99620127723652,0.2582343008396383,0.0176042135849716
1.1044785600025684,0.7067560708139891,0.3372355090493921
0.5665554879871281,-0.0191785231091615,-0.3896276032960751
-0.1950859195588276,0.8350381803436867,0.2289369922057975
-0.0510997700766534,1.0099034790945616,0.8431879266463913
0.337567487883371,0.569555632092956,1.3965948851488597
-2.167331946320558,-2.062448901738197,-1.2377754464218151
0.4337137284575526,0.6486185107306929,0.6879065472867444
-1.3571052413523286,0.0946503586719016,-0.3744297133001223
1.1840579982295445,1.021224772952618,0.5684587286497129
-0.4973186972814515,0.3833995360991877,0.259596793845429
-1.6298125049670065,-2.52910895348108,-1.929198286603776
0.5236371625270099,0.7497752379927961,0.3602667172227387
1.0332739254233094,0.7452927453443146,0.6400859580149804
0.7697782269751511,0.8362557440008636,0.316412533955573
0.1346138045446458,1.0520710726411548,0.7721857949108559
-0.7892086439724029,0.199657965237763,0.9505637865949874
1.81592543945412,1.1420838452815674,0.7020826502394676
0.2316053178231454,0.9358984262783172,1.097405248820767
-1.1347521216701346,-2.3366874461758878,-2.1517138954434456
0.6804477403309409,0.4987994131976376,-0.1431703684869587
-1.711808367182992,-2.3172287892416787,-1.915892847364348
0.355191416533972,0.855022603597553,-0.0185793511974293
0.73386679488141,1.027318452822538,1.3916840604696297
-1.0489480993086415,-0.5118380095114661,-1.0052413046195752
-1.3582464848195577,-0.546046061094618,0.3216365144194937
0.6811029944014353,0.589962009555945,0.8846652092075117
-0.4243124597118383,-1.0290210084255378,-0.9014811415756884
-1.5133339474957803,-1.7062394404262626,-1.7921423311696252
0.7800719241404094,0.6983066913368792,0.3730344638146426
-0.0448113879285038,0.798540363099517,-0.0982594390132456
-1.0516204990935922,-2.2699834219646213,-0.5962842728514274
-1.2656339728334982,-1.9222381897990133,-2.2807358222721086
0.1672328468801956,0.4300356804591704,-0.612977125494651
-0.2153454974127099,0.4077453752992324,0.6253025196052348
0.1789867861500928,0.6252932491051373,0.8434884716350819
1.496174500301911,1.1728411219520998,1.1259928194720077
-0.0975861945527536,0.3958229056478717,0.7100084233442465
-1.2188760879064606,-1.2207410760375337,-1.6856550385623563
-0.6591333391838603,-0.4649218166738568,-0.8962432301409544
0.3290205423242073,0.279918344809187,-0.4404224644310179
-1.324535428366544,-1.6576990605958906,-1.2965602180124285
-1.519913602858838,-0.6446665278052098,-0.5110773228134712
-1.1082500612606885,-1.3083452393059103,-1.969340432747436
1.0789203714915003,1.021698358235569,0.9896472791176608
-0.8476056888445272,-1.3576125172093536,-0.664276756527265
0.0326025764330827,0.3778790237865794,0.2388141131147985
-0.9486279284318728,-0.701780573190014,-0.7685131270145459
-1.0891602801455342,0.875515927142247,1.78245343304786
0.0603433716080541,0.3988735128886705,-0.7396555471458035
0.3964066567831327,-0.3000326811985234,-0.0763696512476318
1.1684063350589242,1.0702194479413312,1.3258834544571063
0.9364490014279756,0.8136256950034495,0.1822096724264268
-0.4790761792247923,-0.3812873900419112,-0.4299625774839389
0.3737101431752881,0.5881556950662284,-0.5403197720292673
0.4771719222173215,-0.3147254968553477,-0.3267905757191918
0.3362534079505459,0.5892362680423132,0.1754651945502201
1.2852156966185022,0.8062477764777795,0.8970126942351896
1.1648954699345966,0.8461087811486511,0.1650097999677363
0.7733604122731438,1.1672971578282845,2.0514038430762875
0.6091021922673608,0.9970849912688756,0.6374001876456908
-0.4658043799139026,-1.725182883127389,-0.3357530990721709
-1.084812951528347,-1.7726372229567748,-0.2735109329666587
0.910426611169815,0.5009934533411885,0.7543770797286458
-2.167331946320558,-1.750810541009708,-2.653637303753207
0.5927981185274114,0.5085648709610784,0.6841112849214988
-1.3333784437870977,-1.8773106981760288,-1.7962491740018354
0.6753134565506418,0.9578908880637172,0.1746043925611292
-1.0552067908885128,-0.8949905409118424,-0.0856885520129855
1.288045510706794,1.1283389020206616,1.125125146618633
0.0099226732233158,-1.0492269427276442,-1.147408554623397
0.3802474580445474,0.6692759366077591,1.1491144853113706
-1.8921607292709104,-2.0360241898829634,-0.5842949924610316
-1.2696794848960662,-0.5574502343178855,-0.6921687037879077
-0.5469794967061679,-0.896712607022312,-1.1564675357251326
0.2435644691587729,0.2666782931432749,-1.3480076206837777
0.714404834591053,0.5333062485950346,-0.0601394345853942
0.678516339342219,0.717706575533967,1.204597337416468
-0.6213157850652254,-0.3585028081287982,-1.0723621656815885
-0.8804854297720376,-0.9209185849409348,-0.576896162581533
-2.15431863011337,-1.529868102416234,-0.6708463142631179
-1.7380391744613002,-2.078422856847552,-1.4459819027970406
0.1927470427751442,0.1011297066017711,-0.3908202911547084
-0.4893395286403794,-1.3462397504646333,-0.7572014870736384
-0.0092704005360295,-0.5832193218036151,-0.0251188751075061
-0.7756259334200656,-1.1707120330930316,-0.5964522160934348
-1.611144915874136,-1.7883761632154924,-1.2265454822406905
0.0276137075850145,-0.1191573832874404,-0.1824564094242703
1.5706655101070996,1.0851107807906468,1.1931622881888722
0.5929511925120967,0.5124090562099398,0.1943458575013941
1.010972838361871,0.8062146522265056,0.1463331267277127
0.8111379717551981,0.1984007985907984,-1.3456269567013386
-2.085567070775748,-1.638238003027502,-0.6646310307852165
-1.7149818648019923,-2.567054459803777,-1.814333299691696
1.375109966713748,0.8167955555704819,1.5539680454232698
0.8985869188915897,0.8436349956349543,1.0234034198461903
-0.3121622320819063,0.6670604996613728,0.8455133507625504
-1.6201711016836022,-2.663689252468247,-2.4670590263092618
0.6105861611707126,0.642762548914168,0.9290292764130909
-0.1911938333297598,0.2532707301339871,1.1017638557883973
0.8148378445639024,0.3850876087447444,0.6843093136974667
0.0659164892540055,0.2337575875399142,-0.643876583219548
-0.7693894830035043,-0.5177588493919045,-0.3416621436624871
0.9420941204395996,1.160391847704943,1.4634219187294912
1.4302881918090222,0.3367987188177818,-0.3489362686047295
-0.1669205877584484,-0.9132286993455474,-1.7350160730625892
1.58714158884766,1.0980121782154575,0.1234592060455619
1.7813843857215552,1.0734695983436022,0.744410513510492
0.8640787156816916,0.5730606994240841,0.5109120120315126
0.4878299909690016,0.4898421646746867,0.1288520234864007
1.2591446742875223,1.0690168345297184,0.4943784545572999
-0.2769409642273873,0.6905567069135325,0.6362770807194906
-0.0771690792015948,0.1504613030419799,0.0232841506910761
0.5735825651558317,0.8532442521333929,1.89044934381602
-0.987135094147644,-1.714850252264666,-0.9849946069466452
-0.7772148108472433,-2.018668160230671,-1.42495478876397
-2.132760231051099,-2.2227852632691434,-2.240042019395319
1.0355970434754764,0.8713163209953959,1.118519786291031
0.4706433909642994,0.9591428057378264,0.8582711998018304
0.1800885157696761,1.084062936617021,0.5488082658672225
0.0893357257020667,-0.3280733925482178,0.1529658953705066
0.9291963825407734,0.2234482559650077,-0.270549138512057
0.007954846566249,1.030428979479042,0.196424034133819
-1.1205511068609773,-0.8533318102608041,-0.0465978632574034
1.772864241620335,1.182132631713732,1.3464095154915368
-1.589756589420167,0.3224127274089436,0.1964614950022563
-1.5618562755089973,-1.2219790401487418,-1.0943784234003968
-0.6004581804387328,0.2482663026222264,-0.0805411100058924
-1.365086599350405,-1.9776464074177087,-0.5377601171240073
-0.1940762557427869,0.794106311829843,1.5934570542061464
0.6651344248976637,0.8605277280374675,-0.195801869635449
-1.499434977050817,-1.8753410907815145,-1.2346517004662962
-0.2505880167219074,0.8944846489136674,-0.0102088308043641
0.9016980746854394,0.989462167549322,0.2314565817643247
1.1188477103560246,1.1701039842096703,1.41186445551168
-2.167331946320558,-2.399128849515761,-2.122680617501566
0.2908333621985572,1.131378676525682,1.1921335485237257
0.752556401694482,0.9234830160654746,1.389485391243944
0.1475930925895578,-0.2593704401381981,0.1611329943615711
-0.5423623829022172,-0.6908813838308818,-0.1693043029916786
0.450887742614566,0.5366388276118466,-0.2980103264869149
0.4645342760588107,0.8601444723333205,0.7788784772562595
-1.3155078871516173,-0.852716597135025,-1.7627645358349713
1.1693786127023629,0.7090094378105394,0.3299583900351946
1.6559510375160675,1.00051332558347,2.102239447460021
-0.5772789226112004,-0.4894925811359842,-0.3447603672574531
-0.960487131011201,-0.4660498746284314,-0.2249484299147982
0.0938658564468516,0.236695896580146,0.985089266174882
-0.3494522691028162,-0.0382840490927786,-1.2343971265134166
1.2158921741070767,0.892053141874773,-0.3304795527061871
-0.5187939912756584,-0.5718781189529921,-0.680235704018141
-0.9626199043421396,-1.0234274942269823,-0.8492874100043776
-0.6177236282538802,-0.8491061306161372,-0.4600379168893371
-1.711235165739162,-0.0610652016623491,-0.6172498123935257
-1.5544605818552626,-0.9954935383043656,-1.2573507873198084
2.588586866059877e-16,0.9850988989616282,-0.3794992568048879
-0.7381232077740174,-0.76230587792901,-0.1100100490370444
1.128879014003044,0.0694358136710201,-0.2996984079224117
-0.2162856852098244,0.3282667671948734,-0.1765015673527448
-1.186137578536282,-2.412863473500706,-1.5919241698037483
0.851775370875325,1.0406588399358117,0.6637813778478339
-1.356650047512705,-1.5351333695104274,-1.1722183724734034
0.5844762566046168,0.9233518773662042,1.031392060005086
-0.5166203715858414,-1.11855586769768,-0.8313019171273659
0.1916104587837992,0.4651324243812259,-0.2396165381907156
-0.0034053249752303,0.2029257351130916,0.7801869593269749
0.8248816834079415,0.5636077079222194,0.0664805553693346
-0.482323570043885,-0.1578932097558872,-1.0675891553873968
0.0788583928154591,0.6605151352318489,-0.1226481481088928
0.0489360457540765,-0.6910481242815364,-1.2212477133677655
0.0857668792318494,0.0732605260870964,-0.3949016057696864
0.3478068902722954,0.4543102865991858,-0.3725338708730581
-1.2049685053251673,-2.166270104826174,-0.8364657867133766
-0.6839235413420336,-0.3942148654483949,0.9739133444021212
1.7170770181274797,1.1464402724396223,0.0273854913255633
-0.0137247570769307,-0.6354764165932638,-0.7287900143445745
-0.6506863833688562,-0.2317699101239181,0.6160509159211632
-0.4436895280896163,-0.5040384392038808,0.2876282698388396
0.2489937623553518,-0.2699538311734288,-0.8438748990104665
0.6454871535506739,0.6631224094585416,0.000653096395886
0.1654449619507992,0.6801464454240812,0.0528664064815508
0.1465128100972262,0.4550201741564126,-0.389041664922415
0.838539116294406,1.0889688704351694,1.1187734359131547
-0.8141598729653798,0.2376999711925093,0.4297150163598485
-0.0976212707871885,0.7869623517217983,0.0743734121303189
0.6208343608892476,0.1589616386676604,-0.1877294407523472
-0.2726195759667651,-0.4934550164989716,0.8769875991974839
0.0339126292053025,0.6950112254171446,0.5011068214023167
1.0128561990062193,0.6729111307460193,0.0745095026543261
-1.0484036440342006,-1.8720195807727569,-1.1036554752720829
1.0893957830366718,0.913764152908064,-1.046740973237595
0.1282826518029754,0.5651644428388988,0.1519873825457225
-0.6644837917423057,-1.4767598430383255,-1.4705115383613694
-0.5771157999566665,-0.5164983678997739,-1.2088328247847366
0.4980988333705842,0.5590728651643939,0.2144314513873804
0.0762605133509418,0.7748683281731557,-0.2698624727953935
-2.02892150341638,-2.0371485953491897,-1.0179533355619113
-1.12533907233236,-1.7872662124703027,-2.62128026703331
1.1610138545309785,0.8666799977772656,1.445974133292563
0.1096359539995354,-1.424964723157112,-1.1261418320271566
0.6502092694885886,0.6588605715402401,0.2365638626915784
1.8400914067868688,1.195259421028095,0.7822450211370789
0.380570670642926,0.2147565652518885,0.7938871848532809
-0.1365080085296671,-0.2280473209530628,1.549684934953116
1.4317836175375624,0.860289384424495,0.9338997189020928
-0.1755184110847052,0.2545252419708056,-0.0614325129313669
0.1763954186720845,0.2903315349072817,-0.0704455252593786
-0.8219740955971783,-1.041508558587087,-0.7404662499329258
0.5447603053045632,1.111450610415918,0.9223819868977085
0.8278174130633247,0.8124719191863805,-0.311638452610986
-0.2608340056019641,0.2239853134480798,2.308099713012047
0.4334558980325645,-0.0534684192736792,-0.4013649937184885
1.8400914067868688,1.197527001849522,0.8295739157213303
-1.3957621502727229,-2.630401800756101,-1.231633828386364
0.5496687862877373,0.9553828267646796,0.1409330862571839
-0.091121639828454,-0.1996615356224779,-1.445604484673323
0.6749766129481405,0.7263628950748637,-0.685183931909014
0.1211839583452973,0.6167220245490981,1.0195317160216373
0.3224819790591098,0.9431601988718344,-0.5162307184853034
-1.9706618981019484,-2.366876572202236,-1.6883688325626391
0.1036431707002511,0.4532220137125775,-0.8891278971094843
1.0684136570350464,1.054562169819447,1.238787422610398
0.1789036405871359,0.6056670806844923,0.2130394191078406
-1.8829301906376947,-2.507334368920572,-0.658789208856864
0.7714223775423292,0.8444609393048299,0.2182303366293389
0.7665380182929873,0.1473011146603959,1.257338408439388
-1.633203617503639,-2.166108428443401,-1.8020451787513811
1.1210757192183225,1.1611818410081816,1.2143232250332618
0.3202464546943426,0.5480602459775651,0.1570650893570145
0.5256029838317974,0.7014305347518653,0.13906637436028
-1.2243187015563235,-2.090638379191636,-1.85131261401968
1.3578309040109862,1.00932336368005,1.37084601686521
-0.9013427091967884,-1.0451764068498006,-0.4850335940569277
1.016643193841848,0.8664756589040744,1.3281787241558585
-0.2806360585644116,-0.5081117887684726,-0.8749558960877339
0.6543690269994824,1.140320280603274,0.9054511937598504
-0.0520770535158927,0.809147674664086,1.6840955131172215
1.2644392767487973,0.5873353879983517,-0.8733813569286843
1.348411126351141,1.1446740644687114,1.2599064853463495
-1.2148356996962002,-0.5612646458987239,-0.6034475204276114
-1.1844870817125084,-1.7084023379889446,-2.013739168569551
1.8400914067868688,1.2417330541495488,1.524149617544066
-0.4812464267636642,-1.5309518848899697,-1.233543507957797
0.0864055163365367,-0.875404994761145,-0.2107131139258279
0.1760475408768062,0.3028710981613229,0.3867626583726375
-0.9473802184244704,0.112372152841576,0.5909227486308218
1.02784492416989,1.0562117099672654,1.3324044234122092
-2.167331946320558,-2.2038291773096423,-2.203477503632519
1.3814836367673162,1.0983591946114777,1.2338033906085664
1.8400914067868688,1.221746632636257,1.633204393546407
0.8026533352145222,0.5192317253406928,0.0375824707646623
-0.5777685289399426,-0.1904329382334027,-1.7195889326310505
1.4501960533433815,1.003089464957595,0.2947738353139396
-0.4946387975024245,0.228905376523858,1.0276968133832518
-0.1787977848029006,0.8270418127306682,0.244477829309326
-0.0110939236686125,-0.0134464605107262,-0.9411872716835707
0.3910002999212357,0.6626065853185799,1.283683048499359
1.0793722144524,0.5555473170449765,0.3887047197623874
0.4122534645501921,0.8129438470760555,-0.7468806353250951
0.2022544020616187,0.8350355035595772,1.2941893794002068
0.6903612670695971,0.9256324399904658,-0.0622295204262966
-1.6122703168298471,-1.0919613681935054,-1.7046359321644136
-0.7598912423488683,-2.429365600040774,-0.5843764294051621
0.2883296634799936,0.75651889439763,0.9620355387106028
-0.0025840178871886,0.4312730983094132,-0.788389581664367
0.6029728240639618,0.7383671374349169,0.7604969698271788
-0.3699672374441049,0.7495634079485514,-0.0084911546164244
0.3918765724822059,1.107236420455969,1.6563437757715636
1.3849885567705345,0.9728263624367604,0.1374288833359584
-0.1673727785252749,-1.3244415165596155,-2.15537688777462
0.8417511686158945,-0.1400258836266073,-0.4855860592238292
1.0823840126310826,0.8489298206026329,0.809190869109458
-0.5319667157954516,0.0459505959453147,-0.3425822746748653
-0.5150172587389575,-1.7343711675806155,-0.2555560124059358
-0.7508933692147425,0.4102045241230904,0.2536635325471367
-0.7975123861147323,-1.549408237846846,-1.3717079884389325
0.3040916208555765,0.7541234598221392,0.5158382963362732
0.4088059572078165,0.9613276613930084,-0.1839322340200079
1.1348940810332535,0.8887276231927159,0.2662607763835625
-1.894681475033116,-1.75577222668759,-0.7608334540177395
0.285609557673147,0.6599380810549694,1.5060579169549562
0.6118094628255026,0.5324301041815931,0.6864286321275048
-1.863469141739545,-1.664109777580101,-0.9919249766694213
-0.991244702382676,-1.9357589268249435,-1.5687136244351327
-0.9664670007841606,-0.608522907339369,0.6920113240966972
-0.0920495954360213,-0.0283480713836748,0.4987718814120465
-0.399511980456503,0.13204594154171,-0.2180202692141785
0.4493556795220151,0.5684264361983326,-0.2167979921037013
0.040288548668493,-1.7438784756038077,-0.1327857770371256
1.0250950554749154,1.1262528578496602,0.811206185434011
-0.0304418380629763,-0.1107117126111752,0.1794330996804308
0.0636313480220987,-0.5224304718494047,0.1235725417564027
-2.119765320305661,-2.1535702970045665,-2.0221466566618296
0.3452564298611554,0.4344556615105188,-0.266703392225345
1.8375292058683264,1.1451026135035836,2.942117944980765
1.171710683066488,0.8882301817874703,0.0592166875096615
-0.251418807045492,0.2269817532504108,0.1122469825220785
-1.2774045027640988,-0.4949592045489303,0.8864626723407448
0.848438353801238,1.2149787532504253,0.1151054884289356
0.7379539152667091,1.0243994214248664,0.8975634804142
-1.2805486521456593,-0.2877826297232929,0.0300480884902673
0.8591876630713676,1.106143504621863,1.0723295217505435
0.7386734688994695,0.8809131805312148,-0.2697496688633363
0.9825403627572824,1.1467362508905714,1.336770223694352
-0.714748676206085,-0.7407179998743991,-0.5497783496786977
0.4613186936407802,0.4775390170247363,0.0662568503065657
-0.8932624981944591,-0.151465095269054,0.3944386643376822
0.6597019337741306,-0.1483815878691977,0.919007493956884
-1.1944814270173516,-1.2666270411594691,-0.6727562661735188
-1.4160670499947865,-1.3487664070489749,0.2457435795128495
-0.13360351371999,-0.145702907544752,-0.4800596697885524
-1.2862235101555932,-0.8745805695357644,-1.2369016110771955
0.0013567812083821,0.4637524594734529,-0.9263445863821133
-0.0486755556258361,-0.655598236515403,-1.7804759937284915
1.027144046382471,0.8249056416474201,1.1445953991041844
1.8400914067868688,0.9755217539742916,1.5152341246107013
-0.4769776477860763,-0.2030791370935422,-0.321523545859782
0.5489562972200283,1.0087013363213069,-0.1979828308428954
1.1122309832509605,1.1376148234899215,-0.0112084570232168
0.1050921038937919,0.8996667968353211,0.757059532690937
-1.125815285257354,-1.2535356732379566,0.0347577931952992
0.8409142458737638,1.1858443171569126,0.8090044816291894
0.2742406178092446,0.5404143894104502,1.2127671144695045
-0.9215051146177214,-0.0326783934693976,-0.5159619769525017
1.2104634290273202,1.0205164447888169,2.1116146707957406
0.4394112047945755,0.2717789025425547,-0.9574751586251602
0.4964185179788808,0.4315798598620388,-0.5402269316016822
-0.5934745268146406,-1.072642138394004,-1.2092834630383855
-2.167331946320558,-2.6733365300969982,-2.166659864911563
0.878582666706571,0.5197532224599102,0.7832395528451264
-0.8493576669416236,-1.1945565685010828,-1.103490654088715
0.3485982499443387,0.1366132936184444,-0.6387221296636758
1.0637987827992217,0.9702778147484278,-0.1022948053941485
-1.4497419278743124,-1.8449174484881736,-1.289533765478926
-0.4083428253199695,0.8668536634566036,0.8917306845182718
0.6589823970415046,1.193177522417137,0.324933011089462
-0.4774350787092624,-0.6658111769117768,-1.3210353364413967
-0.5134637197404418,-0.3925785872465159,0.5190952027447354
-1.3864579266020272,-1.724653069234927,-1.4335472487286884
0.0676752044664871,-1.3541306835487372,-2.0944789031881657
-1.588806981267834,-1.773214439493185,-1.579417261069048
-2.167331946320558,-2.280557793114333,-0.3813658598664563
0.8641791673495334,0.7122914094321635,1.0971982676910916
-0.1007414906238945,-1.1016764393197227,-1.0373586417160487
1.1265608112127252,1.202664158492116,0.1781818108806757
0.4248621702694692,0.8758933133784054,1.1053880775138776
0.1307905755798646,0.1731981869173116,-0.6455451701645553
0.7360189343372522,0.5825840963727849,2.316397397332574
-0.6718258268649598,0.1085384953687833,-0.4503730285297281
1.099852997258851,0.7301788482732215,0.0899634924448897
-1.2447100844531342,-1.4605730418973195,-0.4356128312529886
0.3454952954760903,-0.3822568163499811,-0.5471272532764321
0.1078147344960219,-0.957608520912347,-2.2806014310319283
1.232838015859671,0.8902394029181298,1.7293320930051508
-1.5645427232051516,-1.8256321083901863,-1.429722681942495
1.426374198054399,1.1351196761606166,0.5668041470679986
-2.0489062584580977,-2.410193349682628,-1.8815365542674007
-1.0872390312355351,-1.800205699228242,-1.364825789932444
0.9147881184433758,0.8401857507027036,0.9662232004412656
1.204068468602934,1.0852882393195358,0.0270850870294721
0.0959506919392113,0.6794001342036065,0.1162584830126018
0.2451976442039357,-0.0292165069097418,-0.0811175681379922
0.5300525955489407,0.097438544161003,-0.4215558379765453
1.8400914067868688,1.2405369125384302,2.804811987535112
-0.8550301499536527,0.3538343005166884,1.315997310775851
-0.3586122909787157,-0.9365540969715164,-1.2233414675519962
0.4931744591014859,0.6621565367573887,-0.1204715914761798
-0.042210866762898,0.5612131968654486,0.7036896240547618
1.7417892931570496,0.951047156328284,1.3122022828361288
-0.9389175599061704,-0.5302397759503239,-1.3861308038879203
-2.167331946320558,-2.150775623462382,-2.2282298450291127
-0.4300924508926952,-0.100067522693004,-0.0960324051962673
1.3844985270074444,0.9379997742249708,0.2729909134300488
-0.1500101877186322,-0.3173906710245203,-0.8826396816960963
1.5604051219096595,1.1566740997988532,1.4137946774934174
0.5498588477965393,0.31876577346403,-0.7528289247383041
-1.3639254802399956,-1.4494520428356603,-1.6411668888985969
-0.9593075769295872,-1.2794018115806192,-1.005097082666046
1.8393732545169243,1.2709659671822024,2.098507245582515
-0.3750398588283019,-0.4815199371843116,-0.527052546841553
0.0528752988887304,0.2171927938274204,-0.2730629917726469
0.952375724089194,0.5757587285401327,0.5885989115013589
-0.473945484509002,-2.0309507372621374,-2.0976105590394907
0.228810479198031,0.8626552781349234,0.7400907162470818
-0.7694986243595182,-0.615937367889003,-0.3422718028918558
0.5830849987345551,0.0226606764012436,-0.2056944335797293
-2.167331946320558,-2.5462461327042902,-1.8938131735925283
0.6017049847916803,0.6065738272081188,-0.2269155094453531
0.2706683726764556,0.2410698546831902,1.0712289910765331
-1.1842989606205023,-1.284630697466569,-0.5590664290548237
0.6685359002821765,1.0932897069877237,0.9378642676663052
-0.3581974129043327,-0.514191031048674,0.7151888612577583
1.270966068907775,1.2043819208890338,1.552813122769047
-0.2325749317127013,-0.8299315760176419,0.3020496786340791
0.2887889879901191,-0.3501873143149308,-0.6452010268123184
1.363029840566396,1.097612584482668,2.096315417592076
-0.3974281597055381,-1.1624261791867248,-0.2148679821410163
-1.0305008127660926,-2.431872983233262,-1.5079476287245104
0.6884444685553724,-0.0173851048086591,-1.0466486888221682
-0.4966873765739604,-0.8089950763950954,-0.3255234265490297
-0.828276520613814,-0.3591636693428973,-0.3219191435816855
0.7851710374387584,0.9558557941010256,0.7598853288858545
0.500415061122814,0.2468589062004179,0.3539538536131014
0.0291534367253055,0.2500566779360103,-0.1636291155365103
0.769666176446956,-0.923568441105961,-0.2768168803132024
-1.1780697534883813,-2.0283875942866203,-2.0136276131649726
-1.00048604471219,-2.0485112070680658,-0.7180430599895063
-0.4717435681671938,-0.5726264376876793,-1.3798585381795971
0.3422156720229513,0.2536706557766425,0.7293567490072534
-2.067151438554052,-2.7347331985705803,-2.237213552911173
1.2167511116565533,1.1184647136615002,0.6310392678195405
0.7429119659126654,0.9807568093502846,1.1499185100124265
-0.8536763627396429,-1.6758588767368354,-1.0392544592921935
-0.2330983618031644,-0.1428786909744089,0.1087236513390703
0.0665127166931519,-0.1853622291249512,-1.2761336897919282
-1.630428425928114,-2.1383876436352534,-1.183038660093551
0.6510722673668684,1.0754077037089165,1.2441301898875967
-2.167331946320558,-2.323526065089225,-2.653637303753207
-0.1962399755499398,0.2202043785056628,0.3799838623801097
-0.5644595692137272,-0.5812427340463183,-0.5592031586694475
0.6755460020247481,-0.233613361798031,0.6599626837131696
0.3183122530927607,0.7829839094914315,0.8918227829595093
1.2621699042165688,1.0009162529229525,1.473602702489976
0.1702847427436906,0.8016727562228291,-0.6743953816235332
-1.2630490369264276,-0.4790864189720424,0.1226732516812135
1.6506330803768083,1.2009090012447234,0.0128446781805128
-0.4426426109450686,-0.3105101248414711,0.0816909034167406
1.1676541213072256,0.9679261979806816,0.9998475863263808
1.4622524726167914,1.1684422045144067,0.9020372418692896
-0.4507810238371251,-0.2516870444560047,0.027027519477615
0.6422866172542837,0.860749729087722,0.3812989716800888
0.5374277731787416,0.8077658743032023,0.4294748512103226
-1.9690762859686624,-2.008977742498673,-1.6646043941873965
1.498170449760375,1.036305369432916,0.8304735586591858
0.9938036538867884,1.071872769829554,-2.5597385050012448e-15
0.5470432693767636,-0.1608181345064668,-1.356049130324498
1.3318578459981134,1.2270960033052738,1.8798722971768629
-0.3530451573165827,-0.5476395547766565,-1.550795610468828
-0.4216104507859034,-0.4049738614518444,0.475541489631573
0.8110333320589775,0.5927834905112137,0.7401609787979238
-1.3911117113062286,-1.3271284317442094,-0.749474900316957
0.3889337731661429,0.8509164986310263,-0.1008071655367062
-1.384962549174684,-1.5121996619732443,-0.7565189461747771
1.0015997659662776,0.9363213934625196,3.110381384891552
0.3435475024577828,0.1091483661890151,0.0532703528987987
-0.52754048308214,0.2203655686640796,1.4286162876558068
1.461751696202526,1.1773420033979396,1.6947489568305143
0.5293233062887716,0.9170922153273964,0.9832460449554552
-0.2002522622649886,0.0745928923776315,-0.3249306346120051
1.4600055548224071,0.7933014500862602,0.4378523839611798
-0.4016350491328982,0.1208043591730852,0.3823254376496013
0.5789061167700448,0.1139226949514619,-0.055442164006275
-0.2292653665499237,-0.4556728644254842,0.1907247042305445
-0.4759879713301226,-0.077433207170416,-0.7095996052128405
0.484583232946509,0.0900606617883463,2.0845448400007807
1.8400914067868688,1.1860663342533797,1.093534810947999
0.0542409621715908,-0.5590786472944111,-0.2381607120691053
0.1049010715709594,1.1071448165457287,0.1479496931083604
1.3810620714493196,1.1135840404837296,1.8660878573890964
1.2528504992279992,0.999922691272826,0.2388734181282454
1.4506306964440006,1.235358177548383,1.746776181080265
0.2634041665049256,0.7917592016785459,0.7939312739658105
1.156471299497267,0.5042962502102326,-0.3333893262845609
1.0520622642027349,0.7353729856912159,0.3899499227745321
0.4710231097707414,0.1835251622834178,0.6144875702080068
-1.286849861105971,0.1044670334948384,0.5308632001061355
0.6154968749762667,1.0536327309620623,0.2077533322643946
0.577329250414459,1.1382433620408112,2.5538504865441487
-2.167331946320558,-2.64153048741549,-2.653637303753207
0.8306657646503579,1.062176503653141,-0.1152251566600593
0.7357025640267318,1.0731984424401395,-1.2132163194841248
0.4341627544187792,0.8507370185414219,0.3492446976501046
-0.9520836715300428,-0.9140208247886392,-0.89907398655304
0.4186073551967766,0.6330884566017295,0.2571362452959355
-1.3764955550346691,-1.671246161139146,-1.0491191900096406
-1.2051734264697858,-1.2736274141934067,-0.3985244300866539
1.106643753920765,1.1590440559277018,1.879367861751148
0.7434756558786884,0.7493430375890032,0.0208668760346496
0.5311622075903409,0.6093220261108501,0.1359069410494345
1.58360577305567,1.233433278108816,2.176493049457125
0.8020876584578978,0.9538899022418712,-0.3441264008213035
1.4468005913841044,0.8422997293958868,1.0000614851659606
0.3925348752389246,0.3426746418534179,0.2306123696409633
0.7834823092439593,0.7469008264288571,-0.2313410835309253
0.0522533850320508,0.28216926591598,0.122757503604447
0.5095457184819691,-0.6199891190968916,-0.9680030392300644
0.5144710035367821,0.8659980433355992,-0.2668019727126822
0.997953580756991,0.8691376254234847,0.3350697131994796
-1.003076568866884,-1.1517126096666948,-1.8541779320197345
-0.8575983019692026,0.0426114250270633,-0.5804893423751931
-0.1847903259825042,-0.4707213680900917,-0.2865287041140071
0.2644745806707859,0.5134411119750992,-0.5550175508908254
0.6594876876722706,0.5889303538233454,0.1692796794415446
-1.1935823758127773,-1.8442232885743208,-1.3450469444540596
0.037596706736521,-0.3882325652896871,-1.3035078264785291
1.329943324827714,0.8523191450256216,0.7691391938804855
-0.8858401828965555,-0.2281396345154145,0.64291861943582
1.0277196929455703,1.1524243010612656,0.976151007108719
1.056193950056031,0.4298694782423887,0.5111650471559634
-0.307135864433528,-0.1350578702656462,-0.926735685495441
-1.0447591262662208,0.2030916332755179,-0.5488983269563593
-1.7079890678665,-0.0628987700752338,-0.4824606994354092
-0.2875714078110062,0.1267478936100843,-0.707926624812463
0.599532866738864,0.9354831502609664,-0.5166841126280379
0.8880116789560005,0.8504570706261586,0.7240763513028863
-1.1386948262945191,-1.431767109176655,-1.7065709676406924
-0.8262256221730555,-0.7682973767926599,-0.8378272442465527
-1.7992324570298088,-0.6109394945317248,-0.3033530313056033
1.722956016031999,1.2209419593296993,1.3479755121864057
-2.167331946320558,-2.4576823772274974,-2.653637303753207
0.2121008794182848,0.9000261453529572,0.749642374268704
-0.4325603128608729,0.2632788002483032,-0.1169268379234939
0.3288405486266027,0.8698110085355559,0.700828244923393
-0.3531360877441687,-1.695192634895096,-1.5874775492696909
-0.7811851609244933,-0.7095603447199169,0.5573554101847629
-0.8945496370196642,-1.1023425714398358,-1.0552607092900526
0.2376182698078514,0.6252825623033262,0.031059962380086
0.4723623650960695,0.0611742387356755,-0.4142951770337179
0.3921272182450129,0.05677665144596,0.0770384340185744
1.4541189660196672,1.0374331762910498,1.133805658898145
0.5724878247927583,1.1256376233038343,-0.0092752787567016
-1.377169091810629,-1.176428749399802,-1.2970616420006076
-1.838496504875273,-1.5491769314950932,-1.2095116885843975
0.1860571387525377,0.9338476254786708,-0.3284123259151447
-1.0617478700538543,-0.9431323444454712,-0.2678852637458035
-0.8044650095780804,0.4010937730103617,0.5722268217609282
1.013958979103679,0.7928409408553992,0.092777618362984
-1.3360540824329874,-1.7369385254158107,-1.375707064405967
0.486299290132498,0.2891847635252931,-0.590486256616609
-1.020296996668593,-1.8310157740417292,-1.3161371647077762
-0.8700124186834872,-1.7853529183900378,-1.117144770780326
1.1547685546247015,1.0954363480164528,-0.2654139672450818
-0.4694032623526035,-0.1977925181780308,0.0509455886766092
0.0729632660902089,0.4707395890716119,0.0326112577150534
-0.6928193714197084,-0.4465422443628072,-1.0966499191608992
-0.3957831592350314,-0.0987036101853362,-0.9579735377410674
0.6486044573275089,0.2723563810885774,0.1857983307885168
-1.820928201396963,-2.146656736236928,-1.785697745854313
1.6161045145301696,1.2048485886906208,2.436765887214094
-0.7692150976438132,0.082389224241911,0.6262716317613856
-1.3238127700355848,-1.7039361687946035,-1.7376685091002515
-0.7960096842018496,-1.631637660730461,-0.0913247405304473
-0.0988517694092809,0.2149118873007077,-0.2434771725980186
0.1524553795407014,0.6407585648413022,0.8630328474039177
-0.0984311998768308,-0.7811387293821259,-0.7281404090214451
1.1357209256866336,1.015165802471243,0.7210557282569544
0.2535444127431343,0.9132921874183768,0.4061546210615273
-1.0187401800593645,-1.3397229853781494,-1.0664039573748394
-1.2809236011921186,-1.1829550902631705,-1.12983296294695
0.7343056431840383,0.9543633867479756,-2.5597385050012448e-15
-1.0574538498454045,-0.3103025603787774,-0.8447918662854498
-2.167331946320558,-1.6924160423464614,0.0199116325694127
-1.6578899441742998,-1.3127183116778085,-2.23714605367765
-0.0729627073898518,-0.3951904491298796,1.1882827761920511
0.7869332643103332,0.9552909877827436,1.3147039141548542
-0.868127817259839,-1.030439635429923,0.0436497084012124
0.2296518363270114,0.0047698416451723,1.0989559404538891
0.9785222057644114,0.9799792497789972,1.4083772370317194
0.1671338925765229,0.1675135954163835,-0.3940986832636714
-0.0885981931334412,0.7048273599954902,-0.2387425103656991
-0.943208070913578,-1.8848551974981531,-1.1437441323260067
0.3374626971691573,-0.9124916686361718,-0.2816292626976953
-2.167331946320558,-1.652008373825209,-1.3509313820001525
-0.4938899662041519,-0.1980713403838868,0.0009942343861136
-0.0422887599581916,-0.021843703921232,-0.1656062932674846
0.7155784212053198,0.5952383548132635,0.1096027918744588
-0.034700192381003,-0.581843569368113,-0.922525536610666
-1.1785181034358665,-0.5485293896495127,-0.4124191938531429
-1.819368214667,-2.408710584175002,-0.4927414781034205
0.1758167792699217,0.8886934099799112,-1.158273227964225
-0.1693981466872226,0.4803058352560087,0.9235417118420828
-0.9486647648396316,-2.511712730350692,-2.1149274442108807
1.3998329062667088,1.1100901373034409,1.027503722325254
0.4880935836291279,1.0211108260697122,0.8240752842101949
0.3049124136933258,-1.1197614883475344,-0.8190599036903985
1.2425991483415189,0.6443015709486488,0.6489377409837321
-0.6928722635392729,-1.0652718039573612,-0.43156426084054
0.7401705634195496,0.9406804723713154,-0.6522628984148574
-0.4776811913916726,-1.3975843466485445,-1.6344912971547156
-2.167331946320558,-2.3179630347697557,-1.9789395673470984
1.108194408602247,0.8891023148422631,0.5493419156539784
0.0816649151439156,0.8458285104315103,0.3047160958560541
-2.0846263518140398,-1.9302883208566497,-1.1258532955917488
-1.2263637006657166,-1.8424374625543751,1.0876034963326036
0.9043055982663738,0.6706839664014751,0.1530082178453525
0.7710661080556666,0.4815539971145784,0.5426041747538451
1.1770349400215512,1.115697208446668,0.0549542488985426
1.5966780588659528,0.8631113105632365,1.2561973395244312
0.516188765231127,0.6706534407294809,-0.2159493741173081
-1.7794812071818578,-1.2835651619253592,-1.3562949573107144
0.9669937361690422,0.7342985325362946,0.3194577334325919
-0.479492052843278,-1.22873620439385,-1.135833942525306
-0.187299386617579,-0.8011574760598809,-0.1501176958556647
-0.4595314901369274,-0.7335710828615788,-0.1558277374044132
-0.0088439341818019,-0.3815423458473404,-0.277606333131869
-2.167331946320558,-2.6748470577591017,-2.550714512155755
0.5082370023034309,0.9258991919021432,0.861033202174385
-2.167331946320558,-2.452393072643144,-2.6122784424481256
0.473322743339315,0.7423755594607276,-0.056090766680838
-0.7059224654684465,-0.7324402811603369,-0.847478336627551
-0.1886630175796,-0.1649309397616869,-0.3970721589861808
0.888405025194538,1.1670427161219656,0.7688295199482964
-1.4023587861973577,-1.926717216364556,-1.6317601481870905
0.408462320995904,0.3398195805486566,1.0663588148881118
-0.6113548588121348,-1.6428478936103792,-0.2932598198509875
0.8775048205316678,0.7126679109918942,-0.4242180068269989
1.604031740947039,1.2083585131003889,1.732965113708811
-0.5338578358664711,0.246751400783293,0.8242812245214354
1.527667971380132,1.1616279813786978,1.118763560475018
-0.7003413987601935,0.167209765702392,-0.4569261372450547
1.4422631096752991,1.1492702366405814,0.3856817863003463
-1.5249459090543456,-1.7156128937466115,-0.6626122423738815
0.6777374607256094,1.15325790222104,1.363826010824296
0.2554454880552038,0.3029447410487046,-0.1952595650016764
0.9299275792779176,0.8621109900154607,0.8510859046025255
-0.7715810094337985,-0.931474313540404,-0.9623464969235052
0.0781844984346333,0.769733287705267,-0.1794752132584116
0.6884975645940585,0.7325872632911381,0.8318812981703959
0.2015409215115123,0.0031617870845821,-0.9112431772241756
0.4708499067296143,0.8878156087946141,0.6453903881350003
-0.3603903342724068,-0.2759481454941345,0.0227534440066444
-0.2206992623986687,-2.2842949256486342,-1.5195831229818324
-0.8031485954788116,-1.8714873401261616,-0.5949231422309106
-1.0726788430514216,-0.3925032100675569,-0.6014212840379083
-1.182080538103684,-1.9888857908021973,-1.1263285174865514
0.3591515193966219,-0.3639282680290208,-0.1470618099029116
-0.0276776473370571,0.5549837799405603,0.6072122791136757
0.8481807014651382,0.9519837972164954,0.1193059783322377
1.3275805250649442,1.048757128490346,0.4488782744128396
0.8424253811852676,0.4372165133930147,0.574710181688065
-0.2493157633247025,-0.5007109506986664,-0.1997693687875235
1.6007118521592238,1.0861881933442892,0.2995592898321713
-0.5439136496271649,-0.5867697728349629,-0.6541157984207128
-0.8226457225846326,0.0617795311838373,-0.5384556585892375
0.3393691809475455,1.0424755570904891,1.3688278372344718
0.6838054277178239,0.930119484060054,0.1403151797874505
0.4414806065008144,0.5845187688339382,0.5520773088886048
0.8472547616059224,0.9237543844674102,-0.0601921712610973
1.6216246006242063,0.9227305061736992,1.356078560458663
0.1156143839900449,-0.0949291609592196,-0.1957143790782438
0.6044786940212593,0.4712368426253702,0.2419735603068039
0.6888203099406448,0.9300353020741552,0.6342899174291978
0.4266437739496875,0.9591595084557356,0.1520978396965865
-0.2529137222897422,-0.9008857575706936,-0.8005660125461086
1.685148676803993,1.1914886180400512,2.283742981080933
-0.963644651183089,-0.3405734230493452,-0.8309059544388576
-0.3336509827346087,0.4981743953163698,0.4827495666767157
-0.7442602666607552,-1.0194854176833517,-0.2833694040449381
-0.2898867809948439,-0.7583755854203827,0.1071391358674504
-0.4944857939265134,0.4456509474490154,0.2673009476878437
-0.7406229814747998,-1.844616118422696,-1.1004928408398955
0.0098057737723626,0.100749534137242,0.9512963936475276
-0.8360904141847509,-1.4420787495195695,-0.7288724001262283
1.2123498264097237,1.017516746857711,0.0663950086724589
0.162240149815865,-0.8145706488095062,-0.5625771367475867
-2.167331946320558,-2.7432107490903053,-2.653637303753207
0.5936066745410724,0.7126915590616438,0.3145040756844124
-0.5000009417145607,-0.6494517926756372,-0.9681348822959648
0.9241497483639476,0.8630660277133817,-0.1847054465360748
-1.478678639585114,-2.091529949597437,-1.5229776471452363
-0.998141330890598,-0.4607940041801863,-0.9215618064086472
0.3346810041964743,0.878827173995359,0.2089721379281115
0.3958438371629241,0.0939211026730002,-0.4871686911333848
1.2857828626885643,0.91477850918253,0.8365027848468288
0.6930149392431468,0.9827419404438962,0.3511113607410094
0.232977879498519,-0.3795989593103204,-1.4669641757367888
1.184622815338513,1.1038276599621444,1.72230585150354
0.5657497384206698,0.7980341761219025,0.0697963211271573
0.0573934365843992,-1.1003620391299265,-0.7950649660170926
0.4540079114708721,-0.5705904444669511,-0.3345114076381877
-1.140105973918969,-0.8035636139838795,0.1045858563275812
1.8400914067868688,1.2244837632509282,1.6946547531158178
0.3820584972412774,0.0,-0.3991505970659554
0.1654465661056892,-0.2802577590590245,-0.1303411887319834
-0.6980338957400329,-1.7271608215893748,-1.50325094453198
-0.9536700782310132,-1.106896006500481,-0.9826269529757105
-2.167331946320558,-2.5121459567136224,-1.5561198284580913
0.5602142443847569,0.965462921785488,0.7901087908985294
0.8717209622962041,-0.2327352997854944,-0.5208065950612465
1.200514610629212,0.5150779451396095,-0.3580703113069295
-1.0841528301353154,-0.533338529275754,0.5481508654459984
-0.1033814507411003,-0.3483647598562163,-1.1821381709074
-0.636633205740495,-0.3569306994699311,-0.9831712028923
-0.4540711120562273,-0.1018308676488368,0.2014843208539073
-0.6539848513630145,-0.3127919897345105,-1.10495745633016
-0.4394638744389118,-1.0303054002515395,-0.5128816434700585
1.719769036494068,1.0678456807999015,1.3888907075470136
-0.7542643919316344,0.0772173237654574,0.0973848670712781
-1.3645777979037177,-1.7430060315904292,-1.744892374271285
-0.7131927870062441,-1.459211298731486,-0.480374672796776
-1.0157320005459642,-2.302291069500584,-2.1445389194734954
-0.1530215533343843,-0.8395714648097855,-1.1794418490055496
-1.7707493934354652,-1.934290228939909,-1.5065897674035555
-0.7307304987865825,0.5330562764696712,1.5099760944400211
-1.5056238480887447,-0.1003874412752043,0.2914423280957232
-1.7761569853667225,-1.1284176074610677,-1.1801374573287844
0.626544367699369,0.5812169247125712,0.5830800224617874
-1.4956717366861774,-1.580336322957111,-0.6448553221211791
1.8400914067868688,1.250781013564627,1.6312559882543811
-0.1945270992959471,-0.1623933571589341,0.5708702068765555
-1.1020635005682125,-0.6995806324635444,0.448654765343998
0.2752592774570816,-0.1584464438897568,0.0060424952953745
0.6578511861847458,1.0598866655900847,0.9917309100560536
-0.5692630274064554,0.3956330907813848,0.1032819788895234
-0.5374067982555008,-0.4093437199049757,0.784160858382009
1.0689432358660942,0.5338749021664129,0.5581969470304975
0.7467710193405335,0.8341193882125844,1.255303650240687
-1.1338600420143283,-0.2866021967589593,0.6243109463907738
-1.5452020717847406,-1.4342026480442729,-1.5289708643848314
1.3899413930775122,0.9037343642702572,-0.1729512079589386
1.0421410466793084,1.1020163491493289,1.112641628151374
1.798463745444529,1.1292059763394848,0.7742149364913794
1.159453139338572,1.1339696016928298,1.1589155711467871
1.1908161766693746,1.0052116964845017,0.9067279849653818
0.5034064838490162,0.8953873352354952,0.1503521253999851
-1.0269822025436433,-1.7207094787623225,-2.105983447812318
0.4655939569686366,0.5810981571310236,0.2955930204285866
0.9452950634491968,1.0807321957788296,1.456447222314411
-1.0126742559073296,-0.7940959536685769,-0.3119128453873253
0.2890418012762003,0.916740015181027,0.2120391592240418
0.1898756764980727,-0.0160711671528965,0.1973702839161077
-0.6832056736275999,-1.1142539097266464,-1.2028037128327045
-0.3998201103471058,-1.3924404834849595,-0.1513046850080276
-0.9852741797297884,-0.5337914071478437,-0.7162366861482494
0.8023365077788804,1.090812552426907,1.1456238452275296
0.2680353226622045,0.6571324607026743,1.0140662799827378
1.5427734632837795,1.1087639624868528,1.370072231873438
1.3876272987833158,0.8584424418072542,0.4670758438766058
-0.7500320186968635,-0.3474059815665712,-0.3017589195689962
0.2565624795631461,0.8422800698295605,1.96997471137952
0.5714526408477771,-0.143769017334643,-0.5798296290967292
0.1654997756632466,-0.2191021751123608,0.5955633383831226
0.1722686625265448,1.04080002973055,0.8161081584774007
0.8484990872936564,0.8789303442769733,0.2430830673683187
1.1498542236056304,1.0059500490822306,-0.1066676508619362
0.7867653015959316,0.859516773026179,1.076956315939925
-1.1991465926965086,-0.790298810346893,-0.3483365796342699
-0.4365040373897869,0.9586234826319714,1.451365035461599
-1.2668422289542125,-0.1808672701857208,0.416835907551513
-1.2931921904914472,-0.42302178445367,0.4166175129672084
-1.9618841789884027,-1.068057579383235,-0.3312726582657054
1.8400914067868688,1.263192346756814,0.8818725630602557
0.6913112640858519,0.0592019464492871,-1.1506266189054333
0.3026918001513453,0.7519321908125272,1.1533600027781823
1.114570875205986,0.7594662773588091,-0.0818111831099176
-0.2049063523144905,0.2088861767590059,0.1792257872081232
-1.1097179151802674,0.1323354257720281,-0.1907964894382091
-0.6844091608495715,-0.4079929593448468,-0.7185289495069829
-1.720770394218034,-0.9901620274670818,1.1995445972177103
-0.4880000422162586,-0.3719086741890606,0.5083923016664313
-1.5082111777259288,-2.3174575574903007,-1.8448775218500872
1.352619691639893,0.97447184343292,1.568233837683188
1.1796005984802604,0.9885088637189638,0.4091506779873007
-0.1537446911603681,-0.9056447576066742,-1.0654007307615008
1.3326795421246136,0.853674965353561,0.9455460362024406
1.3591448751250064,1.0395753265826957,0.3048559805945015
1.4639475586670665,1.1709562882562037,1.6609072381214365
1.3634513734010567,0.1281209367887338,-0.372535794356968
-2.167331946320558,-2.002834033476949,-0.7782119073326927
1.3468424322939172,0.7893675785515878,0.8131603447515757
-1.2136463704781222,-0.0778236126464321,-0.2063001360521407
1.2578556102528953,1.1744231307885786,-0.2871532343773641
0.5920445597284233,1.0439263859494337,0.0750504970087406
-0.3088039932934173,0.2374602159901965,-0.6668158927069664
-0.3957467994930627,-1.050312273717319,-0.4251021451976671
0.6711127993385242,0.623502636130986,0.1570682692772862
-1.8279221245552189,-0.5439755882508858,1.193540058571767
-1.9570204489474687,-1.4740965037766056,-1.7631696805563284
0.7409210777058698,0.8765704136279797,-0.1584000230059483
1.1285140902242712,1.159860497570926,1.1574828904310894
1.7208845695221395,1.2087772374340395,2.4269716349418373
0.9458770071739758,0.5656228205888677,0.5464398580385847
-1.240533592132678,-2.431226271811981,-1.752292548289533
0.1720452990622745,0.1983735202851902,0.3379559861792396
1.6528247839201322,1.1034963781687257,0.6532648805476355
0.8706746931334691,1.0301469802921392,0.7715522960379239
-0.3365784740200168,0.2511581066180282,0.956806857395476
1.3094328503763493,0.4122503229060802,0.1020375856102545
-1.1896845867559669,-0.2464917053925749,0.3915461515230215
-0.5225542607293135,0.191457918149013,1.5205435231917346
-0.8060143336080444,-1.3772580835786874,-0.6620345947066559
-1.5330348242203915,-1.7038562228072496,-1.976973780793324
1.3377617074806578,1.240033321919808,0.9723091244228412
1.102075803178925,0.6525643869898572,0.586386539928826
0.5872682534190725,0.1277004884451784,0.2342300705949664
-0.4038791303014059,0.8009594357585536,1.0899771839729273
0.2752549324884012,0.3685422873905227,0.3869109632863131
0.5989214600678314,1.059152229576311,0.5054483645197011
1.394106648273156,1.1839700807062368,1.8290198707103265
-0.0883174302684327,-0.0680000012107936,0.9446297266692116
-2.081540237666681,-1.785458236789092,-1.1725407940529105
-0.9293459658794478,-1.0524934133938144,-1.4649912582464597
0.0600408627855357,-0.4695646525143653,-0.1770105178648195
-1.6382109626308048,-1.2713187021033605,-0.0273281518736119
-0.6928552648573346,-1.1551360412263432,-1.5033567477843992
-0.8552167334049059,-0.0121993408544302,0.5018557596309225
-0.7241674053909202,0.6940115796376566,0.9975827436653568
-0.5590566778236356,-0.3138696897157588,-0.5989766441359736
-1.306227284283811,-1.4767936697973951,-1.414936606079913
0.2137949488012125,0.7274620258136393,0.1922415486610049
1.5646331371984092,1.1547352738090553,2.0500097449193158
0.9727778760773969,1.2090555759861423,-0.5369962884587538
-1.2856001425139745,-0.7374917310920884,-0.29744688875863
-1.114043202032463,-1.7954878538952828,-1.6829690739804744
-2.1065717041203422,-2.017657631342675,-2.653637303753207
-1.7360934959242338,-1.0090732134687772,-0.4305418307704099
-1.3186612249498275,-0.0241049792602942,-0.461640468662721
0.1635457028547108,0.4649836385363833,-0.6518524543721248
0.7954995942698977,0.9713649054803666,2.413448618939483
0.0909314459429197,0.6330698096011179,-0.7275332702166021
-0.4121605933959355,-0.9771119940228832,-0.5484305916768638
0.2328866792627401,0.7562392682385322,0.5422479958914503
-0.3933017332253763,0.1909094454808291,0.3297992453368307
-0.0872420658714962,0.5438081747443664,-0.6293543862106747
0.0420009372109685,-0.0122346358637195,-0.7773426804249477
-1.3985915193913845,-0.095913629721773,0.9537897872847556
-1.6309289831269798,-1.2089638901907371,-0.2463415056155058
-0.3704873674448693,-0.4387413548285903,-0.1776878903313162
0.7308800811586412,-0.6308771037544314,-1.335568775413383
-1.7006547956001468,-2.613718200593594,-2.548819375522726
-0.1618160021975318,-1.5395605822541416,-1.282172038864294
0.8551871832552426,1.187551410420667,1.0002521453547024
0.1134290848053001,0.3046880143508146,0.0324632960905888
1.8400914067868688,1.2552963075717711,3.043175165242454
-0.7452287406753682,-0.2577757272439097,0.5521179895441122
0.2542376201497827,0.2266956414875992,0.115667486744822
0.8540458995862193,0.8326399016283943,-0.2114638957944376
0.1897839285859964,0.2308625018872006,-0.7907676533296208
1.113428654362672,1.0789526057035042,0.8981953693148261
0.8751986876585719,0.6617520370862384,0.4577212709682902
0.7612104796331541,1.0250109801413965,0.6567613713379451
0.2318507857311972,-0.5312050624209517,-0.3582185082657583
1.2401058077532632,1.0928733501816998,0.1596754503674585
-0.6075410165903069,-0.6358171333315632,-0.7642179834592333
-0.2986138090701543,-0.8072347888107833,-1.4248479841918418
-0.8293188004268647,-0.9117508452091352,0.4245290738888266
-0.0871688213080578,0.3765394680414251,-0.5919144478923385
1.3931756672040878,1.0906621988810608,1.3044738789272696
0.0371433901999543,-0.0436098063813266,-1.2283460916325049
1.3415467164667378,0.9354175835835696,0.4432811276713806
0.282493772412259,-0.7388948223218499,0.435268792463044
-2.059510980412282,-2.532805511545934,-2.653637303753207
0.6278206561915204,0.5858370854645661,1.4663862410638009
0.6455986365121265,0.6520809784160855,-1.151687794985462
0.7628148349893283,0.1409112395737897,0.2960969957397797
0.4609136783531741,0.8283585803601705,0.0892344426722254
1.3068932221593972,1.1478078237327964,0.9927601813880514
0.6648668098462904,-0.1469152911555054,-0.7481620373316472
-0.693039687753786,-1.803753857624862,-1.8840141732822853
-1.1462073783087618,-0.927913103899694,-1.8320518564350676
-0.5852182351871021,0.1644510946750485,-0.0696323772422711
-0.2319700207777264,-0.4026210905805917,0.2928823291283758
0.4088672813067257,1.0141789378269983,0.5686462965301866
0.3799100585453868,0.4412521659557122,0.8207160600175508
1.364335883522729,1.0138083752658646,0.847231444832767
0.7837178600418347,0.4764760955831412,-0.0449573390761083
1.2122601576486312,0.897674668679332,0.0969205475918397
-1.2387949293792704,-1.3427493600238651,-1.3630531945834663
-0.6259860220944774,-0.5076587045230284,0.0876256397352677
0.8664544000827359,0.9146075406324762,1.097630095388033
1.6336355866237742,1.069617369454114,-0.0293143637610318
-0.5916814202560772,0.2015807863228828,0.0140625546591293
-0.0253164552085605,0.1005694550857434,1.0384423532484213
-2.072586157908308,-1.7248853480316912,-1.995616755695511
-1.1989878354884127,-0.605640463783154,-1.2268243825135086
1.1843229216227575,1.1918731032187706,1.740053895492229
1.262639337391117,1.249448962459317,1.1866558097048323
0.7883469310117769,1.0407024616384972,0.0149068723069733
-0.415374914567086,-1.6860212291925505,-1.1693060182056716
-1.9414175829047349,-1.949588959574894,-0.8287162483410542
-0.7338681041029309,-1.0013739351010034,-1.079158705392601
1.213119136119751,0.7610811219276131,0.9333120801302028
1.3805672629852372,1.0329589355879143,1.3571454947793142
1.2342731797651136,0.8192794169640233,0.3226383788482693
0.9749746893425828,1.15538361208613,0.3256702352619014
0.6094315554564133,0.4911970009726411,0.2017307497381542
0.5536297726700379,1.192100280337943,2.4206689070823884
1.302477371964755,0.9904951365136672,1.2339547611002335
-1.502065134484405,-0.8384758671279298,-1.2559650796021016
-1.2790795460652122,-1.1125920903671611,-0.4489325816347732
0.190568671826719,-0.3271217899255819,-0.7221285505161005
0.3311373073261817,0.610031587670789,1.9461781635279531
1.1841733802636627,0.9375985563831382,0.3622035559034927
0.3249038687025581,0.2488496951399605,0.0498726172357572
-1.1893196570663953,-1.0937318169754493,0.5987075574241598
0.4992786529968128,0.3672707728273326,1.2004846345426738
-1.8798216715599516,-1.7522727030781315,-1.1144760719113602
0.6981936829267026,0.2780928117110779,1.0055914336331622
0.3421309377730881,0.8770188885520921,0.0486483461940772
0.0277549356638942,0.4056054852215763,-0.2508567720507014
-0.0182301117511933,0.1320971783413289,0.6183328425855306
1.602122219270884,0.897342966725471,-0.1375808743895109
-2.108041269136091,-0.7594290364633056,-0.4639191020838296
1.4215012367468791,1.0652511506221414,-0.2202896428229152
-0.2460224780565557,0.3085111675571764,0.4022997847198906
-0.462824808921939,0.4989434699133492,-0.0958781814752887
0.0191499351738116,0.2588084303648999,-0.7100201794371811
-1.2970628570801377,-1.6931583014304608,-1.2598576789360252
-1.0997356566843564,0.0715814730673753,0.8624949498770871
-1.8496044674589704,-1.7481402549526806,-0.4995785583569503
0.2362208254429489,0.269280730618785,-0.4521080296485986
0.6204328273627122,0.7647353193247002,-0.3272617031554612
0.1905666653624452,0.7074153561976222,1.7274868967157186
0.4623542305998082,0.8657705015132021,1.2740047509038082
0.3104733666839215,0.1628399860261304,0.1190331358313037
0.3626416306748852,0.4624200418457557,-0.4580754026962491
1.3497336474453885,0.903597413668821,1.728747574205253
-1.2465923186099142,-1.5990597759197105,-1.6746840156030336
-1.3160198980826388,-0.7657877865986066,0.6901921277650085
-0.0966454781556094,0.0209169925486039,0.0933189819283748
0.374690748318235,0.4866809050175564,0.408926420773944
0.2794398211567729,1.146713231419058,2.6227804868240447
-0.3259189248000183,-1.2493846374915645,-1.6201632784492506
-0.5933110419221731,-1.0156043376380255,-1.7852298493468568
0.3626552626124169,0.8471881377253311,1.5099945854208354
0.5873895547548718,1.1248714184203734,1.4846086211489329
0.8222631489139347,0.8598192409052606,0.8974067593088841
-0.0172573813412749,0.8457437614190683,-0.1159637337712147
1.6655487136914051,0.9607698019359396,1.567823756844673
-1.57373599165022,-1.8070875638151904,-1.8961473416211043
1.8400914067868688,1.103586542212675,0.7006489796451345
-1.4549903714245822,-1.065141910845623,-1.327943802172257
-1.0244495485701248,-0.705156368652742,-0.3710084680913054
0.1812342959619887,0.6306785765958262,1.0710632886552232
1.3087753094597727,1.0423258044411998,0.3459033279226962
1.0220193194285077,0.9339807174747218,0.3066678481776668
-0.5870853284680104,-1.6687765167290718,-1.3204791796198514
0.6010818771416538,1.134930368499173,-0.1977319971304037
-0.3890090965325297,-1.8632320440675123,-2.11859142586889
-0.4371920617452033,-0.0425954951791616,-0.3037345317673847
0.7910751596070336,0.4931713223567964,0.4891538796268197
-0.3195514703125603,-0.2518736719289243,-0.263269281036971
-0.5749583694842225,-0.1537246283498932,0.3326684746024408
-0.8556571208114436,-0.8338437785851578,0.2671605240747129
1.8400914067868688,1.2479691303468423,2.018198526066276
-0.0130896455313254,0.40549083220631,0.5208042909108471
0.5119388621583733,1.2001745437868483,1.017687015675003
0.7960216521646287,1.1235422386975518,0.5691791261940625
0.1213381035407086,0.2123114242667137,1.154843215016377
0.7422381203204848,0.0122177963727525,-0.2109558154440964
-0.050185485663053,0.427770820513904,0.2518629893116306
-1.7038395688179586,-1.3830447743812984,-1.6001001460637847
1.0677998310899384,1.1834294663407303,1.4623298201103505
0.5836405007880487,1.0466952703819852,1.6296457166805136
-1.422856915790347,-1.8079957073720467,-1.3482967247339164
-1.0424972973573896,-0.3527945282085491,-0.2799921924862899
-1.244516098302231,-1.0274489421540367,-0.6975030034458802
-0.0970870522158469,-0.2656781739867441,-0.526676767824048
-0.3248990956729427,-0.546143825611512,0.3949716551667618
-1.3542273192165342,-1.3874831748243304,-0.8602857781780899
-0.6917128572107495,-0.927702242381038,0.1219133225893497
-0.920836541757494,-0.7750672216800097,-1.489855469522406
-1.1234780972218477,-1.0215409841512029,-1.0299207996915658
-2.100272178332676,-1.8653605853573465,-1.1368745291874065
1.4495325619414974,0.8886036955727965,-0.4244117566037903
0.6539156767568275,0.9890635887966712,-0.0671155173212164
1.6222733010775332,0.5820020403402446,0.3592893333984568
1.0342050526642084,0.8911939852198029,0.3129795567676257
0.1767424608752424,-0.6284990786648825,-0.275168471307926
-0.7447345031213566,0.0651252599421986,0.6493788230937453
1.1768177663599215,1.0381788220803072,0.4329256449806838
0.5747466098939147,0.9614415723621,1.1293893321833843
0.4455838787794595,0.0567265736642333,-0.911864221451394
-0.987240036279478,-0.494474468856857,-1.3783589646430403
1.2344704591489069,0.9901288975174852,0.9311332817074296
-1.1173460071598835,-1.247520866038162,-0.3321535510834544
-0.5621467044778198,-0.0345308597727909,-1.3067796386762107
0.2150161513185554,0.1539798664479235,-0.5468587667000822
1.0341914939458865,1.0219568955959089,1.6837761390311
-1.2282234589008103,-1.6842090448539158,-1.8060646813796972
1.417493409164118,0.9472960528132512,-0.5716539924248264
0.868959297727857,0.7860771012765303,-0.6177760391997411
0.7035412251448908,0.565426969145737,-0.5273340411413466
1.8400914067868688,1.2497571533693796,2.146738623388849
-1.444267683862282,-2.06404075929693,-0.2902986678483588
0.610816335089538,0.7548179396707092,0.3781345961942818
0.1749177033517534,0.3042252055376587,0.341253003529874
1.7602290037529225,0.973782306467822,0.8716930745839633
0.2141048525502204,0.3882793303923731,1.1615241906495166
1.454230229392149,1.1203798480033418,0.3811466910863279
0.8516808273216188,1.116877340536809,0.8034029662919622
-0.5194664036541969,-1.882203487288711,-1.539896316080685
0.9759776854643872,0.7391972688466674,0.8197077366302729
-2.167331946320558,-2.582288479562696,-2.0664283686461142
-0.2953366387728278,-1.3445372467236745,-1.4123271337995864
0.6388118382670915,0.8321094808866122,0.3161144067543002
0.6749192360973921,1.097198410736773,1.241516488503062
0.964384672043646,1.038833233178504,0.8928853009944853
0.2115867409306607,-0.8064315959799175,-0.8377294969352541
-0.3183615510366447,-0.8483444961365225,0.709838794012392
1.7831616417376634,1.1215985117367668,0.9067228800238264
-0.4414209843375223,-1.218078241833582,-0.6573003970660559
-0.76349543057643,-0.7873222329860303,-1.9008784340544964
-0.0324067330570069,-1.0033488889292064,-0.6437122377229173
0.6771665992674233,0.5638725975245449,0.0068005139564181
1.429118578743774,1.2416519725947524,0.5275004177240148
-0.3785945385281393,-1.7286916398476055,-1.5192422348765848
-0.2978017978442016,-0.3740681320188093,-0.2687635056245672
0.5130300054685041,0.6188921496207548,0.7352466308892196
0.9447914709770538,0.913028914812367,0.6663179548772351
-0.5109287409669137,-1.3268221082497185,-1.3513833498814931
0.1250285710795588,0.2061672261121082,-0.6065922745068395
0.7367151662648886,-0.4700634089880816,-0.6738725405896483
1.0506037844053655,0.8873055194802673,0.6038820954145528
-1.5802130208459777,-0.6773735215466955,0.2459243808158066
1.3863391084338668,1.1735064370028812,1.569803800016104
-1.110621972582723,-1.091637661859615,0.0287648699632399
1.0393841432116335,0.3317382332348547,-0.950713856084626
-0.9069521999876158,-0.4480151827192902,-1.05615551230754
0.9077214133282726,1.098220377090191,0.4106035688979612
1.0008518229149217,1.1063698249216003,1.0570534608094726
-1.4316803802683742,-0.6995487455349174,-0.6785347119005638
-0.9949516672566968,-1.240971198565084,-0.9732284970780104
-1.0760725101163768,0.289630927766569,0.5838709617537601
0.8687221023870986,0.7814130092458734,0.0219429457560827
-1.177464087368278,-0.019561036762567,-0.3759359567174138
0.8468544060746769,0.761468496535815,-0.3475644990769796
-1.8193152346538948,-2.242834091948043,-0.6886242034566317
-1.4173256601474251,-1.5571039528787418,-0.5190916006790423
0.5844020149461809,0.9019797207505766,0.5800678367473625
-0.811068909214641,-1.7588684819373763,-0.6362168050741132
-0.1846624973817047,-0.9740470901624512,-1.2476929363136946
-1.1674255301902263,0.0052240508640749,-0.8335232500208359
0.8860394654234764,0.9863402421339728,-0.7362432980003637
-0.5172183919993122,-0.1380419944089876,-1.2302663848753976
0.1742544211244863,0.9858110106229636,0.9832787181127804
-0.8565748556472991,0.2505190041848136,0.0940345596625093
1.8400914067868688,1.2016780917777647,1.13810888757914
0.6688309222219387,1.0230180528258015,0.7777257419620014
0.0521872623801179,0.252810825796554,0.3915989442879937
0.6109650500633858,1.233428797310761,1.0485033317373358
-1.5193194292127028,-1.898457563142261,-1.0511463076474097
1.2752304922332631,0.4634903409854572,0.0270483257448097
0.0435166031382383,0.8428563715297467,-0.4381260328826213
1.8400914067868688,1.226807203837944,1.7707048220724908
-2.167331946320558,-1.960315655150337,-0.901360904720877
1.2797593129055094,1.2077724143911888,1.732692940369848
0.040090997722727,-0.970274378378595,-0.4902009873283507
-1.1404887490376387,-0.9981563955734468,-1.2499478168333853
1.788234184798673,1.1871401213321524,1.531388035645577
-1.3897726280370917,-1.7519941837354227,-1.1727422736984128
0.4672507301125515,1.0084580273398964,-0.1846764435765444
0.6560224199927315,0.7486899998318722,0.9354454147152148
-0.6986293421913132,-1.361511493156034,-1.076845941393604
1.4320882712911127,1.041354833967781,1.257083565475902
-0.042342635896823,-0.183726786202881,-1.7888195878642883
-0.4689925125101959,-0.011937551351183,0.1382427179430501
0.3342613864865845,0.3651875342978566,0.1446175278568381
-1.1003402825898754,-0.5987222814265462,-1.2759129089633283
0.7964394948551335,1.1225781147643528,0.643097312908687
0.7517948188174837,0.9033427884851366,0.8365906773785214
1.4373650258292268,1.208017956664472,1.34379773960731
0.1317341256904576,-0.6136489182232903,-0.3291817621197771
1.129499865324333,0.9457704633897008,0.632521300697795
1.6210791090710637,1.0583468518599708,1.3356407589414467
-0.4987601087376276,-1.5543044087023226,-1.4532702542698803
-0.0849321291031175,0.8889922531860914,2.3975394414189752
-0.7603888879824301,-1.0530856713787298,-0.7544666793967727
-1.1078017606154795,-0.5145158789072822,0.773398147524981
-0.4825612720782609,-0.3182065749981768,-0.2283552903542401
-1.7214616347023488,-1.9970637479694255,-2.5023464512214653
0.2347328982863086,0.2243666481589932,-0.1083379834454439
0.9220774213964515,0.9386800259991928,0.6653161876222152
1.2268818018240435,1.1234200631902402,1.3796399505578405
-1.9909612451224483,-1.3854492168111856,-0.8662598715829931
0.3918450976748235,0.2249251969280844,0.2772587974644947
0.1473052327361208,0.3832534721877776,1.12483172145898
0.8124510847119383,1.0896203504525768,0.2481612571745498
0.1604510985605109,-0.1623410473991826,0.1803438421729967
-1.437189834546933,-0.7690508116081151,-0.0501942730949188
1.003989487018546,0.8616823874644836,1.1722963225110716
-1.1300670839023024,-1.0753426412991671,0.2096780071698347
1.4351912265956663,0.9881360443297926,0.5984334530622739
0.8399677357615747,-0.1993941664696789,0.0342726708955127
-0.8343943323491404,-0.6528238547433725,0.378385452591683
-0.1686776700429369,0.0107655026202131,-0.3233913152558691
-0.7586006201307188,-1.3776416722354778,-1.3089408070715178
0.6727775813337192,0.1078162335390059,0.0551168903785815
0.062752293557332,0.3065179463198311,-0.8222646845179371
-0.1748433130970958,-0.3752434177874794,-1.226717552899351
0.0230750661866978,-1.2291719889569332,-0.930686395174432
0.3036947437522598,-1.2754580989157087,0.7157256715768963
1.1114789279267476,1.2272898810454405,0.8941116503945397
-0.7286841800810079,-0.6274005741601447,0.2707969550057769
-0.0172286345875589,-1.0195191576383245,-0.862732658372415
-1.240786818411359,-0.1318732414200401,-0.8345244604440567
-0.7512282111232246,-0.0640169843828761,1.4026281070211568
-1.3128410712341254,-0.7599748148635815,-0.962714394134602
1.0425076780514964,1.117437262914743,1.1813917268070442
-1.115429778378073,-0.0872710453017617,-0.0935082979227363
-1.736015366702569,-1.081124294635448,-1.2354770143881617
0.7778989746293773,0.3107341693535367,0.9071077543675612
-0.9005489380695313,-0.6634704205942669,-0.4285124764513758
0.9595479544121926,0.935963802753054,1.419578843001101
1.2262664820327311,0.8570530004434326,1.1823332484272324
0.1570712032905991,0.5039078329597279,0.0248564560414632
-1.6033725519136814,-1.2873639183469776,-0.7273721411176918
-2.1554507761678905,-1.759946191659297,-1.4427201066897846
-0.5354131143496457,-1.0393286573786154,0.1474428303047988
0.6236141480842854,0.7713157019007847,-0.6140307984935529
0.2572129826408479,-0.3747457247614807,-1.28643151499745
-0.3085682324462358,-1.8816466997255412,-2.2563569717965963
0.4290446125214726,0.8978952925345389,-0.081615311731392
0.3125239415836869,0.538848640104132,0.6807559536703431
0.6167161538951641,0.700389188875464,-0.6569654787337823
0.874093163733455,1.1748183197611173,0.734732422339726
0.3348965084111904,-0.5287541509263796,0.2435541992385237
-0.0640942953564017,0.3545666856671504,0.2809115130739361
0.9697041449751452,0.6839294282326726,0.8332127775904943
0.9940620416587668,0.7897472563949569,1.443356021725586
0.0743115905917342,1.0034596581941229,1.357064384643334
1.209518239505066,1.0368449179203325,1.1511446549737254
0.0586865574816413,0.1386646992990627,0.6140063295602305
-0.1406345455568027,-1.561480444599009,0.1650357299403475
-1.951267441656448,-2.628569690081329,-1.5467065093405756
0.6799972729276733,1.063076116857601,1.7566813591066863
0.9821889296537638,0.6370977219920517,0.2094855860520917
1.7092485316854056,1.2224231708830913,0.911761773526697
-1.219249254081855,-2.066014778389962,-1.7170083460731431
-1.0811568559545477,-0.4637219765233543,-0.5800603959524704
0.4899737380044142,0.4149578133160942,0.2198198729958784
1.548565653358536,1.042769846542367,0.2516549242682186
-0.5204799509845487,-0.9191204566504538,-0.2166952848882599
1.8400914067868688,1.3017991140786909,-2.653637303753207
0.9104349428483224,1.1018505382156878,0.4467290295038754
1.0534650690058538,1.065166449398097,0.3102418410782706
0.3376925843553189,0.3419096264352576,1.1488730469349318
1.328144845546105,1.024416034533346,0.6818892776138143
-0.5024009810644264,-1.0655340909655586,0.4670206468063251
1.026324613621314,1.0512831663226578,-2.5597385050012448e-15
-1.908188582243701,-1.9620167569449167,-1.4358124851815632
0.4091239481706746,-0.6152364088031347,-0.0769559582533424
0.0260870928192816,0.2354691855975175,-1.160358317890345
0.2491079756956358,0.1282899791219934,-0.3401785210515205
-1.6322890360335731,-0.3805840247817125,-0.89499917441195
1.292297608189747,1.2446130225396197,2.0931749325269453
0.7049265923846585,0.9026606664571888,0.6496263233584838
0.4395352686707535,0.8292060326147379,0.9183820430830516
0.4113523480608613,0.3665419772956943,0.1710846926771824
0.4314896544416358,0.8466809025578171,0.5597502986794558
1.129584736208498,0.9900618693212488,-0.26348325432332
1.8400914067868688,1.1935922559804,2.036133719993072
0.1371711258396834,0.1963879716043515,1.6557284287384242
-0.7664575335813179,-1.338607211043756,-0.2999498105493135
1.0684800555774427,1.198150808073522,0.7962583088492409
0.4571641606457902,1.0703958611785132,1.703968297061762
-0.3902909268606719,-0.5696788282785914,-1.4945946254483624
-0.1819553788267919,0.2734140578376619,0.3741415013832939
0.178537425778,0.3837699859932169,-0.0490647347107822
0.4894251418548101,0.9242588065405052,0.2257033231863578
-0.473496055696705,0.1026523480405041,0.4704604796529313
0.7818749434898313,-0.1127137092250717,-0.0358464418087124
-1.0083891578052344,-0.9463897698021064,-1.0271147348664396
0.1013880437074053,-0.4273015664120773,-0.0237552844691284
-0.3757883251831642,-0.067888916501943,-0.3916859263647942
0.8320927345803819,0.7183563596529492,0.4553564325290472
0.1266352283900924,-0.7482836937703282,-0.2214720692595364
0.4155671936890046,1.0088275297932692,1.1103631261991724
1.2618263076666716,0.9126247139843084,1.7735586178990124
0.5508439578380208,0.2584606867456934,0.4537465423689796
-1.4822729471959453,0.0484334620606893,0.5737846815298154
-0.1453872977516267,-0.7812229692310252,0.2050319559624904
-0.382410281566204,-0.5956695401307401,-1.1971836671391731
0.0082593155868433,0.4214387027952379,0.5185113356208281
0.0593573155812108,-0.1453967486534303,-0.8305694062679377
-0.1765838128893231,0.4174835283292633,0.6732596198114162
0.7794537877149216,1.1697763461929391,1.2291666979463352
-1.2553580117160694,-1.763627122014798,-1.838425881597453
0.4362879609159363,0.7972465585848659,1.4378876560521734
-0.3031191604182481,0.6159378660191939,1.1582225086844404
-1.0885137995808802,-1.704798067254626,-1.6890714630808663
1.163892811069141,0.96565925628045,0.7085661461976289
0.4899274713923579,0.6040092242926511,0.420548085422199
-0.2297656095792302,-0.1052749373793974,0.2028080722928638
0.4832339481104155,0.9963977963723548,0.4579667241126816
1.8400914067868688,1.1282867500375668,1.817555508399792
2.588586866059877e-16,1.067150847164101,0.3988320735803272
0.8095248620114248,0.7906911155564961,0.538217713598205
-0.467758223570153,0.6080606335218354,-0.3755942820731246
-0.3511292376517937,0.1121350248938589,0.2846875534202289
1.5181275847348006,1.124407426691172,1.0277204686710153
-1.6155090368102203,-2.189192478700702,-2.2600352786700317
-1.1594554364424037,-1.145115379048055,-0.4114338375608872
0.2760732298458051,0.892188268397875,0.617391702900533
1.8400914067868688,1.1896749793223262,0.1367526597347531
-0.1355642659259617,0.2287790842095528,0.3971662678463525
1.2227492978615355,1.1115873038355737,0.6835043800141234
1.8400914067868688,0.0,0.5862620438224706
0.3584951335578284,0.6673083709648105,0.7597080095869229
-1.8589114805624916,-2.3755158003908923,-1.6936404599905808
0.4209230187645655,0.4340185179390743,0.5582103106529488
0.8309629076695363,0.8583951707045062,0.0672482822156413
-0.8356126869814233,-2.019690509957872,-2.154116910726222
-0.5943714178067672,-1.3911581594824465,-0.5825138818361002
-1.2420943556530577,-2.3148592306282194,-1.980981037784184
0.7122256557763245,0.5018433022955172,0.1721370886869267
-0.6142442283669965,-0.6307454959462651,0.4703431029443259
1.0151566803457128,0.980839025619023,1.621952839056124
-1.3458974426466643,-0.956537930149188,0.3470530134945538
1.7222648189227827,0.9281885855590492,0.6736342239611687
1.1126958821688815,1.0737057870445954,0.2805883285763729
1.4589530460062587,1.1007614317985572,0.4179804874118152
-0.8173319748184253,-1.1477456508884378,-1.0081863098713888
-0.6318107315874062,-0.8649034692573474,-0.0024896510869652
0.6983169731024415,0.9536453994068372,0.1802321014406629
1.171477920398619,0.9970090563616824,0.5335930854627771
1.2068139933698103,1.1300102593053356,1.2024805448265048
-0.7748781917913083,-0.8697212189404312,-1.1710089184013417
1.0253360611588862,1.2545561772871574,2.407568349013314
-0.6055846139089679,0.3817821274642574,0.1911266548504507
0.5388416998270635,0.0663973786793168,0.3750464083250884
1.5284286749310445,1.114541720190375,2.164000280414802
-1.050982435818274,-0.9951379893034836,-1.195059812023164
-0.4786812439873891,-0.1111677252167721,-0.596360162466901
1.3559557174853545,0.8406186470881035,0.8174580432358034
0.7568585287748766,0.6591128517987472,0.5217768158290909
-2.0176266393320748,-1.1858006073695992,-1.5399570592158949
0.0319470807977683,0.3926705955617153,0.7768805096012426
-0.6275552003179234,0.0001960528014876,0.4498965903507551
0.666865691395754,0.8319505640785828,0.0279919934244012
0.056918784956378,-0.2751167143661992,0.5136101984818408
0.0998764907544731,0.8588904619887009,0.3485985324161376
0.191299409527544,0.4311567180048906,-0.9492370180434884
-1.496754601693296,-1.0544944241334864,-0.5538676878729338
-0.3051042910462325,-0.2292233248596248,-0.5099583706121901
0.8605691326041774,0.3902281617573143,0.5226772368889355
-0.5732628718848952,-1.22106234605938,0.4897654318007796
1.1976662128002733,1.1383869173400398,1.5403886373945923
0.6420431150164515,0.408782880136561,-0.0089710979732297
-1.360121568919839,-2.1111321027953416,-1.651395143100676
1.7916276200942738,1.1944469326598628,1.3537663287712616
0.2670210645726527,0.541863324302803,0.1847110074573706
0.485265050726651,0.1420422560577933,-0.0182356133994563
0.266186365947306,0.526549937173521,-0.4226876362200795
-0.4824282281429295,0.3655542371960691,0.4644288943298936
0.396186801547281,0.6675031291205519,-0.3375663444605321
-2.167331946320558,-2.262021729279735,-1.9354618403638328
-1.2057545509523664,-1.4745880496890218,-1.0690374095768198
-1.629155020122484,-1.0565399278515075,-0.75205947288555
-0.1193787869951347,0.0822155482373373,0.233234386073492
-2.167331946320558,-2.6633216212912227,-2.653637303753207
0.85588668288091,0.3858722195284542,-0.3047860190428726
0.405107587225946,0.9751752773801554,1.8128151969967825
-0.8340514735462972,-0.2653795554132065,-0.3805054372688236
0.3363846240309689,0.92813327661477,0.939748795258182
-2.148292041024648,-2.1476630016406437,-0.923421170799648
-0.0290747098350981,-0.3983818108243325,0.2827164269764382
-0.1050802240330641,0.9536378855826936,0.3691179802692979
0.3639211030079852,0.4418217362608602,-0.5253906375929303
0.5404977494645076,0.0940033210883861,0.8554203774317826
-0.6872271095271849,-1.2845401620572483,-2.321404380617212
0.3191020593772063,0.2673617384345004,-0.2694551415565557
-0.3487708193591962,-1.1927515727882418,-0.0391298943860448
1.1812575488083044,0.9880093047272138,-0.0566409148596063
0.4022418657942035,1.1405761242240406,0.3449119435012827
-1.4630763368373223,-1.6170544368863822,-1.1504429058162104
-0.9536224277801734,-0.2411056168460668,-0.5191576771027766
-0.0130516961215133,0.1954135901129685,0.2310233670350392
0.7001214825794277,1.0359337544358016,0.709631719287445
-0.1666305286232716,0.3467570200486896,-0.2658723191566459
-0.3071661142246495,-0.8056274869581741,-1.3248093952005289
0.0487839240938995,0.6684155551188845,0.5251236727912939
-0.8773275521954238,-1.706749925438609,-0.8588081935850705
0.8157090588477903,0.7544148797691725,-0.8607287025520888
-1.0053252330929554,-0.2031627730925316,0.5630734757657101
-1.1679734895091989,-2.2652917466427835,-2.1614866563841533
0.1028328195477029,-0.9061522665046868,-1.5077198827126452
-0.6018181884978829,-0.938122882063863,-0.0436884041839196
1.4005303933163449,0.5079550998560217,-0.0451344612557236
-0.4587545889643468,-0.5385481345426235,-1.2841120535245332
0.3149132056508173,0.3216871806115002,0.6027252671218596
0.1181293403171394,-0.1328720123944036,0.0097188792352534
-0.5367631010640006,-0.2475417841058211,-0.280481851822972
-0.6725633345663629,-0.2445592676952138,-0.2454208334571652
-1.2748927678483937,0.1565912147928612,-0.7134924231197939
1.8400914067868688,1.266879419200596,0.2759566373371279
0.5677165919730912,0.5837157300369024,0.3568440870383583
0.6868873127677761,1.0271383497922804,0.6320927416620145
-0.4519872130717536,-1.680784953894493,-0.07666458827473
0.82667387691801,1.1006168322319532,1.102763256655697
0.5300652946734165,0.7445921271648724,0.9879279828246312
-1.317567716122299,-0.2331429322555809,-0.0925969064295493
-1.4870085055952065,-1.4962998320209464,-1.9609248491112268
0.2083855940954168,-0.3844654151356236,-0.8943879881522714
-1.9028441814495312,-0.9039311316959197,-0.5158355483162946
-0.472428844206508,0.7877012827012086,0.4467100598825881
-0.6895312893459908,-0.0811672039095811,0.7465602584459865
-0.2686926433986991,-0.0040396834344227,-0.3419130534811727
0.0507749591953406,0.8002526279434399,0.6208847647715189
0.2236168454765316,0.7829455780009399,1.0580632798704377
1.3620009682049596,1.0620897702089775,1.6206010642432822
-0.0400988013653241,0.3522350874608898,0.4671257714001945
1.193771419617621,0.8450823809476499,0.7651611506701943
-1.308465186718611,-0.7722776206623981,-0.2365728326985632
-0.0090080105746704,0.5336417192872832,-0.9977751772324008
-0.4747787474500865,-0.0318375681807197,0.6364361260509304
0.9528767632901582,0.6355084685326742,-0.8785002326647895
0.6837722111407354,0.8365149636771904,1.152061261180025
-0.9865443601736936,0.6436390649044219,1.8261993066233195
0.9128892071161416,0.9630046750406316,0.8817321385639333
1.2302717667472705,1.2062107087386458,2.326356959781969
0.351197853618368,0.9226438337269623,0.7437806579461388
0.6782034947932939,1.1545210276593458,0.4217314060112626
0.2122756711530363,0.5381187347909698,0.9509058164397212
-1.4321805963190484,-0.6402238193192102,-0.131489184501065
-0.542481559973464,-0.1494499243975075,-0.7169763386671074
-1.1148520560420598,-0.6189754198160291,-1.0404743681581443
1.3718689140020592,0.848734156588394,0.928927301633592
0.9228577983552672,0.640212054144196,0.2796132291898008
-2.134255514962172,-2.4844574874238297,-0.1277402689571542
0.1595060331497244,0.6173741624731729,-0.1683905207917275
-1.6543754946077314,-0.286124003432044,-1.346424926688174
-1.1860713038416018,-0.998028828632588,-0.454804936478852
-0.1357827448194177,-0.1238982347863279,-0.3331393539823588
0.067332448985845,-1.6328948825037528,-0.5703891609838725
1.8400914067868688,0.0,1.3644066739581449
0.2775151356948129,0.8234833208920048,0.7782211976565767
0.0185441630469099,0.8291942397903778,1.586586566486759
0.3056922316035273,0.0534536878464053,-1.822044927689089
1.134195467410608,1.1298332623637852,0.3474550669096061
0.5378764930595296,0.4028091967023788,-0.3259371836886089
0.0073137906383577,0.5128244524710542,0.3669238219694625
-0.7058848922471227,0.4176413195482271,0.6653018323799997
-0.2738533652523315,-0.0598044556823607,-1.018887326573102
0.1577246823373147,-0.1651738453658336,-0.0017700882628036
0.3700246977642157,0.2665019369506675,-0.0151199664325875
-0.5119142083827664,-0.4770902245774247,-0.6384943516748739
1.577569590848138,1.0262199575765512,1.9226042346533585
0.8902444868340192,0.6370892178112078,0.981471575941952
-0.6503264368377872,0.3043685770428281,0.3590284006817161
0.9697255026855828,0.8374601446024212,-0.1522054600035501
-1.254355736655533,-1.9648978020973271,-2.363273748412873
-0.6349796403384061,-1.1881515455203828,-1.508989153902685
-1.174381709115786,-0.2600199205999727,-0.3214956089779505
1.63893413097809,1.2233484018714584,1.3975691669354608
1.607408529941364,0.931556582313948,0.8514094308870148
-1.999521181601916,-1.603316260688714,-1.5101243062416985
0.1651105388351363,0.2276526376403796,-0.623967969793682
-0.6887546379532152,-0.443072490373809,-0.9867435682608764
0.9486828029442208,1.0779843114240482,1.2928894186065092
0.4980512415597801,0.6918548940566909,0.3934435187757311
0.7660062733767764,1.1538582574914389,0.4568709789775404
-0.8433017726301292,-0.9247666373850596,-1.0138040150692442
-2.1176030378362243,-2.3416980627698054,-2.4153153263087472
0.23208541299146,0.127141174757538,-0.2232553310257148
-0.3752237025517181,-0.2499155333862188,-0.2815254135863778
0.4930613442945551,1.0523967843642752,1.147258919500984
0.2646481082092304,0.4278929080860306,0.8625340512722794
0.8585779994444166,0.6938586527796904,0.8990912408056129
0.4224545378639321,0.7518202444161568,1.0485455649980686
1.4387012683872082,0.9233449692275116,-0.1995535334252455
-0.6586068745628566,0.022618956039355,0.1693567262759573
1.054843610430314,0.8551282734689124,0.4034116541320416
-0.5496879900325733,-1.015666363547668,-0.3533775734865049
0.953726456805866,-0.9168857463173076,-0.7974979859500914
-0.7194748381695797,-1.521579117065557,-1.8165440038227496
-1.1332516556007526,-1.9349832077572904,-1.0213938361362929
0.9411171013286206,1.1885797421539332,0.6920257934447599
1.285931743148872,0.938163474010484,0.9048843446687588
1.6323241068573096,1.1463883716684469,0.5524894780785705
0.5774042756597569,-0.4370229466778587,-0.7012286260237364
-2.0157583692258023,-2.6135286364994443,-1.841753054651302
-0.8167991260474772,-1.4385096072802517,-1.5003270204197583
1.4640574851710677,0.0,1.0746340102637542
1.3394355215352305,1.0852170241967602,0.9033424090758766
0.1355560572624276,-1.1484449947739288,-1.9326759101853244
-0.5382432059294682,-1.6294605473850348,-0.358312234104975
-0.796428693181837,-1.4187030272919774,-1.0915817262430232
-1.189277135520737,-0.8903923120492662,0.4960909364031787
-2.167331946320558,1.3017991140786909,3.110381384891552
0.8376508285019343,0.4553698631500162,0.0098865479357916
-0.7491776011702064,-0.3559745686446505,1.022504390829245
0.0828090095573741,-0.1027011869348607,0.4119076630924101
0.0057040272946792,-0.1877123219302902,-0.0324856122585793
0.0664501001530986,0.8828642693186306,2.429607381487608
-1.0372352206327922,-1.0059022948465122,0.9316042720332564
-1.3062896765024126,-0.6674200869971696,-1.2565752469200993
-0.3311490696456884,0.008286578932761,-0.5303200974129546
1.1756738956756412,1.0248001961272022,0.1010115797586504
0.7532387794777489,0.6416933034554699,0.4350238894984876
-0.9141945387518836,-0.5078985632200257,-0.0927181131133961
-0.6533395472953872,-0.800714964340805,-1.5977209815370923
1.424007662759083,1.2272453945397432,1.594021210123737
0.9703256891647768,0.4322618843071857,-0.719931329635346
0.4323072555898397,-0.5560947464532634,0.171543410708585
0.4696641499618579,0.0605737100822685,0.0803166255475417
1.8400914067868688,1.3017991140786909,3.110381384891552
0.4757743489202176,0.293452608148112,-0.2501437796108355
-0.2395897810708712,0.4771656811473773,-0.1692202673060745
-2.167331946320558,-0.7887052631449571,-0.0283795435408521
1.1322397230563763,0.9932609201328934,0.2490237508600395
-1.1170435095215296,-0.0970860768687047,0.0009158846537071
-0.7169306943672492,-0.887387086181129,-0.2377631136782912
0.3318549441500118,1.111584891624104,1.240052991202553
1.032381200982592,0.7558043061918946,1.4299968945692276
1.6711145717714857,0.8746349485220622,1.050886961758677
-1.427874504254102,-1.6630228592972327,-2.475523513895668
-1.3945788905555967,-0.2416826428795055,-0.1449356906712102
-0.6308643888260039,0.5121168467476475,0.6071321943733141
-1.3771153204531872,-2.0500545670011032,-1.5682702272150462
-0.7110446274506185,0.1592815696371247,1.0286337953065974
-0.6914218186205096,-0.552233228472981,-0.213460916001672
-1.2965009421249336,-1.0242597353923528,-1.5261902352588137
1.398421538732345,1.0998655454345527,0.7179572130935354
1.2319506964764482,0.9235660165506177,1.5394049510733567
0.2084178507233057,0.3783428884845433,-0.0551480104730511
0.0461988699676928,-0.7636582685105463,-1.2177179495681811
1.0956847181053135,0.8910018635370222,0.556696900220922
1.373513530892677,0.5341525258398012,0.1892197775777112
0.5420430416341131,0.9150421247544586,0.3453809531562432
0.1133693854067797,0.2558868712242153,-0.92120644564452
-1.0826412774454195,-0.2626667416510867,-0.0413148335953975
0.4494884196502467,0.972595803432348,0.9775485536171804
1.8400914067868688,1.2495306050722974,1.904573215217057
0.7249102851411843,0.298509544281211,-0.4483633408855316
1.3589985260468576,0.864284322976982,0.2123716544726298
-1.845546956822729,-2.433732069580879,-2.259571714356476
0.6493099100467336,1.0546327436917158,1.764509362969556
-1.4505247970062771,-1.5791866606930032,-1.07947992713801
0.8760487739759275,1.0539046065648312,0.0030440405789679
-0.3808819598877558,0.5731312271954169,-0.5991554704336999
-1.8373704303487457,-1.9477223443825669,-0.99362785280604
1.344455508415514,0.2744881896482398,-0.0695639871637719
1.6038859615706644,1.1289213208134845,1.86075857589318
0.8773692364945633,-0.1847307570530217,0.2405059468031828
-1.06502586903666,-0.4739044768767532,0.4502597776211144
-0.332377909415489,0.0689472432716618,1.2064695044084357
1.4790895174211784,1.2222426649344174,-0.0205110031403759
-0.0819259090159707,0.4130099423524574,0.0453848668634563
-1.6797696262685071,-2.163990480058887,-1.2653296122673925
0.5691571932989378,0.2412866876297663,2.0180915540641395
0.0354706954506018,-1.2010069942916308,0.0654475020305479
-0.7212999061669181,-0.7509141397101098,-0.8348301779672542
-2.167331946320558,-2.145362585689912,-1.82467021637574
0.1319427690911216,0.9423392278259928,1.0195805421562467
0.6502373061024341,-0.0044748871398646,-0.578846940355143
-0.6697413133606291,-1.168103030679928,-0.205707889930364
-0.4961704385416361,0.4534140249730228,0.318058481950962
-0.3903419004797212,-1.4348862921387522,-0.3551507577921764
1.4983219625319777,1.018191245668861,0.6837880979491932
0.6670422312378714,0.9079285275891532,1.8931686340679377
-0.2332966504533598,-0.4843618622474674,-0.7369533415912156
1.8400914067868688,1.280372540568065,2.170742076366821
0.5175354565016909,0.792418419420063,0.2635701186969549
-1.7166539593779715,-1.912852832629077,-0.6168610034985369
0.4443739873851887,0.6119732936646424,-0.0182512339023148
1.0052899099785615,0.8588335987011511,-0.3836060292274845
-0.3260404479636843,0.2480132202714416,0.8049380273276975
-0.523303461295327,-2.133213928051964,-0.7383178704412582
0.3003670671572377,0.4171235406207086,0.4479866662990813
0.4601735441737982,0.8693562301468492,0.6946206695543468
-1.857746328218108,-1.9628263367512644,-1.1748625765463243
0.6001488193726363,1.0721704960056544,0.5270248764401082
-0.7721619608969988,0.1612888489655117,1.0671536970237443
0.8370267734470148,0.9673993656298026,0.2364424209569584
-1.1175020561510405,-0.4884569136907654,-1.1584213034995334
0.5481453013934893,0.47098998550321,0.7057739283356601
-2.167331946320558,-2.301191196079387,-2.273730483901198
0.7180034514680308,1.0902170859087783,0.4073241671890241
0.3182814009297469,0.4636247459561281,0.236190831416259
1.3239216352347596,1.1111070958222,1.6181140878494171
1.2875310783119729,1.1844662802112105,0.592689512843256
-1.2235017035789204,-0.8879846051022826,-0.904145549007483
0.5233013505368715,1.0416434215195596,1.086707394036892
0.8845397893894784,0.7076270041520202,1.0341499776468588
1.0140902103543488,1.0506864205248176,-0.4683962511984246
-0.0963611831883656,-1.0414127438037812,-0.1247271565103602
1.3488725234201409,0.8360423237990439,1.2635205997005687
-0.6307601572836369,-0.9025322123956452,-0.7894087628127956
1.724555706704467,0.7763017027192668,1.0720849818347566
1.622867229178344,0.8480029313841735,-0.7718670631496801
-0.8202373354337029,0.4720871007905383,-0.1507489010380849
0.7170851504534587,0.3585233624184358,0.9845822236372566
-1.4393964382973006,-1.1365272501293002,-1.0563271051890712
1.8400914067868688,1.0586125728839542,0.0975075827406708
-1.266538246069821,-1.4056623345085175,-0.9862681982430782
-1.501576327045039,-0.9527214254445175,-0.9193810976899316
-1.1801579486304392,-0.8770706039986174,-0.6732668376850429
1.4861284130269206,1.0082164211864255,1.4628460871076403
-0.8169928599195918,-1.2327253397114444,-0.7858385281897055
1.5156474101498452,1.1490426424589086,1.2205601248435314
1.3852147065130973,0.6657472570188709,0.0514811554857014
-1.3793912704620443,-0.4974043602145135,-0.1842355688235371
0.7245112938854066,0.7648724834879088,0.1087018734624064
0.2392606136369982,0.5371529112181519,0.2484795407070371
-1.90896426007791,-2.1050465306771438,-2.4521398552997797
-2.167331946320558,-1.0870059546688786,-1.374733502404441
0.1898142049707873,0.4725927656528529,0.2802705791199141
1.8400914067868688,1.267989486721515,1.2526364444321458
0.0151266521605088,-0.3158525507052055,0.0408326555296646
0.5723892508691342,0.112518077771491,0.3451328089595832
-0.7669268212211573,-0.7381102486896398,0.1810109546062162
0.67559542964924,0.663716581663196,0.5824102632049483
-1.0383535720739991,-2.1320201041837925,-1.321905504899292
-0.0595975858636487,0.1775057867387167,0.395488703100466
0.3266532119115355,0.0750690053334545,-0.5840021867283324
-0.4492949462218124,-0.7088748734027739,-0.1027215254150119
0.3069171826387869,1.0941904560465563,1.8425076464030103
0.5402060080441268,0.992710528551381,0.5318651769716758
1.1563244579292882,1.194381203147845,1.2653134093776364
-0.5705485318212999,0.1692398989955935,0.7143273118173114
-1.140777475295744,-1.674818303055289,-1.2780227316459802
0.0649263381804263,-0.0567026210232006,-1.2430614505648148
-1.5138442559057854,-1.310514619238029,-2.653637303753207
-1.234587240153244,-0.97639987354257,-2.2601241205309885
0.1347628244497191,-0.4780828723405078,-0.8348063606099493
0.4884825755086666,0.9484467651789265,0.4580284535759977
-0.8398134304329198,-1.7403471258636871,-1.219547212907979
0.0412841362994446,-0.9669083086871556,-0.2647190416538293
-2.150752346636663,-2.3495984978122104,-1.026337816646655
0.0487011220596953,-0.1823171653803436,-0.1674672123740616
-0.9266528111245912,0.229462486199846,-0.0763713834839608
-0.6111389873319253,1.013433480538939,1.0206155357291835
0.0620834586156101,-0.1990645191818682,-0.9682525832585774
0.1444239943812654,1.0582290687675064,0.8385985439078857
0.7303553358413714,0.970411213807876,-0.1068755362712549
-0.938990719232166,-1.3721247360968598,-1.0429676573770756
0.5942695408832922,0.676080904625534,-0.4915033869383017
1.8400914067868688,0.8406764386812335,1.009956340335589
0.7419749479204772,0.4893408242683224,0.8006635221241304
0.4359480466504938,1.1106553951012017,1.0689740426532437
1.351123101128617,0.9088022074243284,0.4907072386697183
-1.14858828139804,-0.9307415709724748,-0.4412511041718555
-0.1401478846841523,0.1143495360083651,-0.4615325199205631
-0.8976570828247727,-2.053770956250683,-2.242304653528705
0.8512702077637576,0.9531828747167148,0.9470627937515568
-0.3337784125409722,-0.4071451441593152,-1.3098274915812254
0.1124843472250742,0.5952003431015824,0.8196453913047616
-0.5119854482516966,0.1372969453676471,0.7318230947930068
-0.076585489509884,0.0375143772697464,0.0634335889105212
-1.188112357770447,-1.5256123279322686,-1.8020680330126384
-1.9786901917615152,-0.9745024054408444,-0.7024235052330181
0.5305707417548717,1.0476907028365692,0.8541051035030713
-0.3520303137259466,-0.3598745384708622,-1.0986126794042026
1.1418029730133032,0.6096699379073173,0.5393426923979739
-0.0994254017994267,-0.7729770016697509,-0.4773987040814985
0.2814933394979453,-0.7393688672732187,-0.1441609594690102
0.7239648443733842,1.1083421709533936,0.4262881917309151
-0.1076952148006848,0.2888909860086009,-0.9927203388768048
-2.167331946320558,-2.5956382704784278,-2.318956138296468
0.6579064254890585,-0.1478961688326361,-0.5629281174598846
-0.2597819094235749,0.2339355230421805,0.8109799768437219
-1.1997351577512765,-1.9341022541384043,-1.0988609100177318
0.8145680299257299,0.5979098964469899,0.1996072422848026
0.7830145381892174,1.1132125935918222,1.6370779565937352
0.0265496392906572,-0.0809477910597794,-1.0122071030290858
-0.0811295322810302,0.1126408348284368,0.3937996030808761
-1.6241007502990454,-0.7286304668933147,-0.426236719162652
-0.8667712370808668,0.4778837412392834,-0.4374536961613543
-0.87833733751528,-0.9149692186647131,-1.428364881185455
-0.1290571609945015,0.0134823605064444,-1.7294171666998408
-0.6152604904216035,-0.3126161742202309,-0.1944427783831418
1.0591883678948908,0.5659050985032428,0.4443028844660114
-0.2047407423576037,-0.1653753361535785,0.1207755012443246
1.1556976578568054,1.1161652171632843,2.037366959283569
-1.226349274213752,-1.96055343016198,-0.7950433566294309
-2.167331946320558,-2.202470929676044,-1.3348289976692016
1.540604867855358,1.1486020459215558,1.2131248871584293
-0.4325013209828984,-0.1659618898406829,-0.4861108737975868
1.8400914067868688,0.930352576547485,0.41208914868965
0.5827629871256976,0.6375656405271407,0.3196736914748019
1.573149542903728,1.1483993993503765,0.3646039630428531
1.275408245519165,0.8071656552408606,-0.2400071809445633
-1.131598092082456,-1.185317765656343,-1.0265503073314994
0.2310188537566357,0.4252706719270417,0.7720858313218348
0.7918885091915367,0.3903728231973041,0.0013336870777503
-1.3102717162699111,-1.5029631066234024,-0.3441664117999737
0.5361532800976613,1.0308659183788669,2.225312372994453
-1.090838609866421,-1.8434437293225088,-1.1883909806437971
-1.693664932251287,-0.6322883115085994,-0.6294702045215071
0.5794115534536136,1.0151645918407817,2.0651066806358216
0.6534733636326893,1.1307994405281794,2.088830576348326
0.9120299750620408,1.0491500869823744,1.5808965005491962
-0.4584403213644885,-0.1838863779522777,0.434964703188268
0.6477267059172338,0.4569395718948525,-0.8692318015257404
1.8400914067868688,1.1342223762591224,1.617194034873744
1.2262988080978052,0.8882850887752167,0.5939921175623195
-0.864765037409543,-0.5327324109081464,-0.4733794399414003
1.2962082862472952,0.8221615180491363,0.2898264065324234
-0.3659911741875621,0.830676236170876,1.1680638690052505
0.6380341100990498,1.207418757303375,1.556517735441214
-1.9500276796423648,-1.3220861471344345,0.6864908408012482
-0.4262625632093295,-0.2500104266097306,-0.7115215311302728
0.2443707637678432,1.0815918659074968,0.284692954498728
-0.7843611798527454,-0.8630503027621265,-0.9691677006742576
0.6315250886258302,-0.3492519635676188,0.2190522660065038
-0.5923363970861457,-0.8767536294278987,0.441954498425013
0.5799522440186763,0.2510802813680298,0.2463223429787414
0.1609885831388748,0.4807379915579014,-0.923165833061012
1.5790328227810349,1.1174589574114255,0.9876132956399958
-1.3908246035989422,0.4340395969330416,0.3000327762497189
0.2151396614481512,-0.0831924093828416,-1.0610238225401651
0.30606746316055,-1.0640768112598946,-0.2343567138928437
1.0667241986624587,0.9567585384088028,0.3829061449959959
-1.6625565332347316,-1.868002781654526,-1.3459950851060718
0.0007397073438375,0.6674328844992982,0.6049650122865246
-0.2079611235451753,0.4087703033763097,0.397845909494428
1.3108336418775253,0.9519803957987046,0.2461822821328804
-1.011192215643631,-0.9270399537178756,-0.4622187616306807
1.3838472251184455,1.1963861671233331,1.3880965985657958
1.1162369493482462,0.7076329191751605,0.8883673200124126
-0.8998351268396444,-0.1246091591354643,-0.0856545597202828
-0.8827687113204694,-0.9495156485034648,-0.0757271416189484
1.1200615832843752,0.5462752764586538,0.4590929704891501
-1.0245755516636372,0.200595333346235,-0.7019286449842327
0.9616221262050222,0.5829164481382682,-0.7612538816667972
-1.4320371655175457,-0.8670729725065982,-0.8377389270325559
1.682165674628015,1.1630409885621622,-0.2480453586335441
1.838377057206573,1.146291330940825,0.6640478327575337
-1.4602890710310177,-1.415164354864039,0.2755623164354265
0.5408905349563975,0.545582732735181,0.8478836985709975
1.5865552395461484,1.1086782113050602,1.5928630201419691
0.6923627974609767,0.9021767949501136,0.6668228097478168
0.1761741096226935,0.1942681078901096,0.204025580377337
-1.1331842973468822,-1.3802106396644929,-0.3709489187409274
1.1274988470872611,1.1009637142898916,0.47205778982413
0.3121461459352165,0.0549561740072842,0.7315775412047529
0.2365750535805502,0.7110696801656899,-0.323785178570212
-0.3857442537554355,-0.3984070104977757,-0.466105477723529
-0.7971909105989777,0.0014479574723161,0.1093435833097556
1.0000926986893706,0.9710095003683292,0.6675352331626406
1.12393096322358,1.1146829774458666,0.2084570045599399
0.2317797844692879,0.8399444498241965,0.2631990233124879
1.350373261497811,0.9681208687978308,1.9462804362023145
-1.235916576701049,-0.7911057093756166,-0.3416492354223691
-0.7384201777245595,-0.2762296107657483,0.4550584323735222
0.4018716410765072,0.6475710794360218,-0.6986488023487962
1.07233588002841,1.1796609464407293,1.613652569375292
1.0121154523105451,0.8910207734350468,0.6511285413089758
-0.9225035789383346,-0.9675665010014493,-0.0105387011693095
0.7516783737800394,0.7262146362340324,1.2178849019947249
0.1880276699940728,0.2563820440869654,0.0404738725025398
0.7876487535673549,1.0759101213391415,1.858415082098384
-0.2545955078299276,0.7532419545346101,0.7215019743937485
-0.7532799768837558,-1.4435511495048194,-1.357455777491665
-0.038452665166506,-0.017181086247292,0.5447311733519461
-0.4450632322808704,-0.4385520788696362,-1.9789533358920803
-0.8239641892864198,-0.4014078536854555,-0.2931878953051938
-0.6812048489805229,-0.6956129597913887,0.5683219321271544
-0.2854261851606655,-0.8762566010323802,-0.6191042517048171
-0.0895062994068187,0.0887948305532655,-0.2622948824815806
-1.3961403808225168,-1.258206533428141,-0.6571886925856527
0.1357828939864861,0.5676986944374687,0.0372688868289477
0.3427462478466325,0.6373793476403702,1.15046949439212
-0.1569834808479203,0.8041107738096505,-0.0546901560687842
0.5530642051842416,0.437464449568349,-1.3072661088818602
-0.3953186082431501,-1.7110973602923658,-1.708687101470579
0.5020902929386517,0.6907185459701273,0.2506162046136703
-1.2276824297426316,-1.5711759802195029,-1.0663035402082364
1.463106419751461,0.7811745300415596,0.2286700594957666
0.5125090357427782,0.866699841401239,0.3235985016273027
-1.6177672462421326,-1.9293216216898648,-0.2968232811041721
1.2239590504602147,0.9950374826831786,0.7669682364068465
-1.210315256343942,-1.3067779124330243,-0.5330241505935428
1.0007424959269342,0.6619139457565745,-0.2149028689997997
-2.167331946320558,-2.230931189622756,-1.347704834376016
0.8443312743588262,0.1312915662743212,0.4505456368796156
0.1314599719571611,0.2724256150130169,1.189474325738048
0.8259365014801789,0.4381186833617299,1.0961159597959105
0.8321770228171333,-0.0800915021709068,-0.9968231638719052
-1.0927003925886374,-0.750589555698719,1.1519599211143072
-1.062193268043424,-0.6417870853600574,-0.2219796087286664
1.0039525188854188,0.8504616574212845,0.0454828097770857
0.0888135500934499,0.3596406825336868,0.714646194480816
-1.3151020357321004,-1.9750255789658144,-0.47227420230146
-0.1207804982994488,0.3633485173326994,-1.1884155468242965
-0.0447594730764302,0.8363690997644536,0.9457157441387578
-0.8953035572647626,0.06590627257605,0.1608488351167656
1.3585227288124964,1.0975321493366197,1.716608505598951
0.3984086759412352,0.7129873222491402,0.1008174907554906
-2.167331946320558,-2.138899607364492,-2.653637303753207
0.0042014268323853,-0.4773768775396667,-1.011470664043555
0.6556168697315,1.010586713726505,1.066772690240401
-1.065504684227478,-1.551828865688217,-1.0672771979108082
-1.191073097252528,0.2389076041388034,0.0381564095411345
0.1982871010903377,0.0024632219976756,-0.6844121710171387
1.8084186177597676,1.244213577085047,1.7693138456242803
1.246996412499653,0.9065731938060928,0.9378712222133324
-1.9811205293843628,-1.479924609005034,-0.8314306048544783
-2.167331946320558,-1.399560909783378,-0.1604475968025782
0.652898511109008,1.0706972572105742,0.9877560166399236
-0.029044031645072,-0.3789431426185566,0.2109494569415258
0.2490566884238448,0.3332707428073928,-0.1061686962564596
-1.1699386186848808,-1.6300454487122469,-0.88000483449777
0.8735612219362874,0.5781818543205657,0.0536059758252231
-0.7099977871712486,-1.3800315602972852,-0.7111392020668822
0.9886404968365968,0.6847402161161651,0.0269720319958653
1.102151425071606,0.3294073775824946,0.3176070645779322
1.2458962198821515,0.4805308388223226,1.2306707747074386
-0.0386505757172552,0.1044004171819414,-0.0582789532744825
-0.1681176559596335,-0.8522172192025995,-1.7393771386058854
-0.1382287791320494,-0.0616990973199475,-0.0966091260662447
-0.4821452312223991,0.7019544784718603,-0.4756297857836625
-1.4327149299135349,-1.0642666343108884,-0.3913658215459235
0.5948711890137515,0.5335815298359603,0.810366714635138
-0.2531436891138033,-0.713493815354927,-0.993960779814174
-1.2789444640641865,-2.006700942939562,-1.6045959831959766
-0.0764872192937864,0.4828272178599712,0.1409571441129846
-0.707644575032839,-0.0754258661869642,0.7221763046275731
0.3635812572560827,0.6614215724310367,0.6100316317816306
-0.3072076584887135,0.3644381348434364,0.7603664549681389
-0.0459732707364663,-0.9782869051000158,-0.3947817737038948
0.0480416420363457,0.4587911819558772,-1.308995237074081
-0.9084261591947246,-0.0214515904301886,0.8251360214245442
-0.6853926080343181,0.5236653553792254,-0.3723644691607182
-2.0085404765857526,-1.8556646950010471,-1.2026852968103552
0.6599939240103632,1.0398732464644815,0.8215059608676983
0.0543647573123923,0.660047921469247,-0.1676220874073585
-0.1323149096885489,0.7996628568269671,0.3576289307996902
-1.1740411808410198,-0.8095143983212351,-1.0617854807042704
-2.167331946320558,-1.7911472599157123,-1.5809213657949746
-1.3676869366915745,-1.2445925993677076,-1.051582118680458
-0.3950329528684468,0.1571000604641076,0.5147100377766167
-0.5303318934349247,-0.8697397141916647,0.5099614505232096
0.0583355017662658,-1.1498223002493666,0.521884369609879
-1.2826433272969655,-1.9043288305094157,-1.193455703327269
0.2468645691846822,0.5763078036583229,0.7602842813654161
-1.4899589439140026,-1.6113509386274445,-2.0364149781080894
-0.151992594480256,0.3479130514817689,0.5600898243620129
-1.7130001941697977,-2.081447115448283,-1.4970416623766587
-1.6613078106981167,-1.966343222503117,-2.653637303753207
-1.9440591279274952,-0.9259995949293502,-0.6304877433444832
1.322400406592066,0.9988000413148952,0.5512248613737547
0.7585155744183264,0.7582754776821697,0.3571463281652724
-0.6826487353584746,0.7988753582118547,1.148979492991795
1.263437388895616,1.2274278520059896,0.9743642511664568
-0.0109303440688766,0.0375868026847047,-0.0032511803923622
-2.167331946320558,-2.1041772499942897,-1.711472256337166
0.0864764727165574,0.8237229316645747,1.035864601123573
-0.8603336096065608,-1.2232476868432056,-1.0648804733858788
-1.2398233546772213,-0.9675988183934288,-0.90857894576398
0.476454114244739,-0.0278727286749429,1.1047484529092992
1.096155323173478,0.9800911517441508,0.986034752314793
-0.2679754198415973,-0.5995845740925044,-0.1229818269829357
-1.0834625489957626,-0.3683303086757903,-0.8848946143307651
1.472315287899384,1.153951022168752,1.030948269655509
0.7634593471872083,0.3272761113878561,-0.0120158449631817
-1.3901552512848214,-1.5396199222202878,-0.2883922124980773
0.3635415004127035,0.0617176993507305,-0.0743111637882721
-0.9620050348289656,-0.9898533525688772,-0.7629641283671236
0.5344429510125546,0.836987162396636,0.1122748320831689
-0.4274684183739776,0.2982900523494649,-0.3229837294682027
0.6712892012731084,-0.2239362628261635,-0.6496464666406787
-0.0562418114355534,0.3052447379232161,-0.2209818199577845
0.5162131030203367,0.7687971637642786,1.5212225195753553
-0.157571894660016,0.58301606697954,0.8017483676641352
-1.6009205132703233,-1.639535557502059,-0.581971532822915
-1.472127641012323,-1.7296128664779924,-1.3665166060930625
-2.0530973412423155,-2.1761172443862558,-1.4416054577463449
-0.2169890924079609,-0.6671288896991167,-0.2069660767291695
-1.061887727272151,-0.9130473601007738,-1.3270981337787249
-1.670287305182784,-2.3219120854978854,-1.757855163686398
-0.5342329773887134,-0.5692614464210617,-0.1656005453047959
-0.3832955346435894,0.522420354058903,-0.1359617381792393
-0.3189106118657706,-0.5734232102575074,-1.5322280358628626
0.6653663813792946,0.5268131445315815,1.3184922906647896
0.3127272354370142,0.1866700483477745,0.1594500058187767
-0.436748648274011,0.5507365696182813,0.01905994372933
0.1034630534396345,-0.0287919785586686,-0.6510671752788504
1.168800483885543,0.9291589750747844,0.5792752049742571
-2.044682689807721,-1.8071762600030588,-1.552525127803964
-0.7895270198242149,-0.3069865303173713,0.2890259730649896
-1.45329801288805,-1.2670238517010517,-0.6942494620962038
0.8749924571312246,0.6731704106610212,-0.3785938088352962
0.6176591093391927,1.1681613517445273,0.1617057348068803
0.0989496420477077,0.5922648508762745,0.0257970239189498
1.376282596430271,1.1159908562721663,1.0787226867149962
-0.4116235471197664,-0.2241001792840398,0.2204487643222949
0.8738077796875655,0.8837367246827692,0.4910362507146413
-0.491897471143372,-0.2117563476944944,0.4397351974125432
-1.5473711246874804,-1.4932543027786682,-1.4572077748745231
0.2861388734782092,0.5787393454226016,1.3454169025835947
0.0849558666347538,0.8584221682821409,-0.4411707404005711
1.1220408151557473,0.9352549742189,2.0297334799632
1.6492149764386983,1.0681290091983004,1.6671430258637665
1.564588718909628,1.159074408975716,1.5371785397877984
-1.1634900601410794,-0.2162767563021244,-0.4754462075989201
0.0519188383610924,0.4306802263760991,0.5877197878219432
1.2031785357717448,1.0422806434851974,1.4421609842713323
-0.5979442277105016,-0.7405849742019943,-0.6607436576266946
-1.993616198139552,-2.6348654603223776,-2.433932293126142
-1.185414939385518,-1.3414575102071329,-1.5401423106081165
-1.1627856539629056,-1.0022798574927176,-0.0762101091873651
-0.8018697424392693,-0.0899293171077811,-0.2405661748625812
-1.223034467459848,-1.2466731471372066,-0.5056405864892611
1.8400914067868688,1.2429672232080038,1.718414998035578
-1.2925337094182907,-1.9474456615175813,-1.031612798037538
-1.278940815968559,-0.8067469303319069,-0.2637490474099057
1.369313263778151,1.23744182568367,0.6958372098005676
1.8400914067868688,1.139445797984829,0.8611700515253284
0.7130895927313867,0.8012940198925208,-0.2937524563871134
-1.5008115658108077,-2.130833997916503,-2.653637303753207
-1.33899714328831,-0.8768654789875346,-0.8838261137723021
0.3549464662354606,0.270437611782003,-0.3338807278179727
-0.3120106838325702,-1.3083663450094665,-1.7568413832287295
1.303735287869393,1.219388190030896,1.2672017050136146
-0.6103311882515641,-2.0281386348043995,-0.8115146986586573
-1.5291825633625566,-2.496655472219311,-1.2436897796926611
0.4117615724596528,0.710089686915571,-0.0759613076527213
-0.13815821392573,1.0249127752912162,1.2441411874507349
1.274113422535224,0.9365714968011096,0.3536157352409935
0.8680998373556849,0.7839890023450112,0.6139674455678273
-0.2174308579130274,0.1529535511704501,-0.4942589858738653
0.5796318220721101,0.8626194259783341,0.011663962423004
1.0979204386622494,0.7689559753614585,0.818364375163881
-1.210414059480767,-1.5805893514971254,0.3369696289600233
-0.3224245025687907,-0.7155486227566485,-0.4383708247952161
-1.580020574986014,-1.2978336040494542,0.1439700357691141
0.5849832402618733,0.9464447616162164,0.0262176979715921
-0.7056946120226703,-0.3116859496102536,-0.0642944400560957
0.3237853011701402,-0.0675816117193252,-0.3574248628281827
1.5162483630374768,1.223203519086054,1.9115749320522508
0.4730574872412317,0.678740675361718,0.5281064036451096
-0.7425673230475094,-0.5175367598503721,0.0646960386072949
0.3122912710974772,1.030655599100368,0.7034769256029463
0.0307333575670523,0.4910412517241452,0.0063035104447156
-1.050369585102263,-1.3922181268189011,-0.8920909692376152
0.2138704682480278,1.0611888636840832,0.7036984574488149
-0.2164256369281621,-0.356848296717962,-0.6697118223006665
0.3782491883204803,0.5668881722049335,-0.0641129313571724
-1.198507389113482,-0.2879001331548586,-0.6409531830524808
0.5255163094450271,-0.1884770413138504,0.4363355600398563
0.4756718967031029,0.5915166848151588,-1.104514768302902
0.7655496557269421,0.8521440929916692,0.7560048523376505
0.3928311938934929,0.9336680126898024,0.416435415964401
-0.3168119170234639,0.6066087115692337,0.4041345311677723
-1.3912014486375763,-1.0576113633145532,-0.0774006098867297
-0.5874981975563209,-0.6067296923707669,-0.4228502713138012
0.6646694633581711,1.0473530990799222,0.0901463544983304
0.7190995249407027,-0.2932942501981049,-0.0756158279310505
-0.0355655899471345,-0.4059862757620368,-0.9990090794569548
1.8400914067868688,1.223346657481711,1.0412135561414078
1.1616247270334186,0.9880400757631066,1.9809132833401983
-0.9933393507863176,-0.2399882398107484,-2.653637303753207
-0.479380230923583,-1.0609524374573684,-1.5054335409228654
0.2318511653863323,0.654233139233206,1.1064815416055225
1.2515526101350365,1.1454692853724775,0.5233213026621334
-0.3564706720605485,0.4851299974028136,1.6730284173014915
1.8400914067868688,1.1949593903380793,1.730042851696047
-1.4668230888471951,-1.0743647171136084,-0.873317429742563
0.1741664834091256,-0.2173598106776141,-0.2814701784814291
-0.9256744652217966,-0.4676423405552194,-0.5355074423329139
-0.9961838654048174,-0.0940589010662768,-0.0562448269518261
1.8400914067868688,1.1644610959961652,1.6121596336327284
-1.408991831689781,-0.9833922628304004,0.2475424053409399
1.0016103068451532,1.1464056569612175,0.6240836155877613
0.2888933610324481,0.8158383771846335,0.73289596244128
1.023943398438865,0.8933996808591502,1.05042381888758
-0.0159281998301841,-0.0459474464708193,-2.5597385050012448e-15
1.63801922489066,1.17027528264452,0.7672969935655674
1.6112786250092517,1.1120680977406665,0.9396313365069116
0.8062392772294369,0.7260876407449637,0.8171585414027885
-1.2419116707478162,-1.8249356216425208,-1.5107114760528126
-1.128940154220636,-0.4055164211386372,-0.1635089958682682
-0.7812217141267115,-0.6808076827383369,0.3379200511983221
-0.1062344068147232,-0.7211997649765371,-0.0691068001278549
1.122979358007633,0.6723336845256144,1.0850939951811385
1.0579065693341323,1.1330243334908894,1.9270442796931369
0.4783599933222881,0.1778930488884545,0.6414190890717261
0.5825095469480716,0.9401182096756424,0.2870577623335173
-1.4380373310311625,-0.7763447250959069,-0.1174346620489024
0.9504951236331294,0.9494824172867172,1.6351243387884369
-1.0071094475663174,-1.530312571152981,-1.026959560988011
-0.8066106740480627,-0.3141322074867873,-0.4883985443968585
0.5313529809972812,0.2892991440960132,0.7269972411889086
1.0836302533781503,0.8385508548233799,0.5474198610193427
-0.8338119719946253,-1.6780580056240977,-0.4446916453895194
-2.167331946320558,-1.8565158500953127,-0.2968588707996181
-0.2027980543610412,0.595973453498085,0.0672232265511433
-0.1489008733970195,-0.0007177738655672,-0.3979564545650195
0.5289689254861188,1.1856849942115086,0.8641152214137632
0.8999059371293695,0.8663940100202768,1.1459881211747562
0.9885600275326344,0.7439321222186402,1.589564846527565
1.3768099053249678,0.6816446809506276,0.8728736481496517
1.0857265926061888,1.1284546969766116,0.0839018194423082
-0.9061397504539892,-0.8158884077271097,-0.7712409047962674
0.8409379721517224,1.0360250085768816,0.2354432789254375
1.5111459258974085,1.2256212620804234,1.1855321270813093
0.1973351734427836,0.5885130071598328,0.1958280278474229
0.4895163924074613,0.8657774429779912,-0.046072446475042
-0.402537775233,0.2346972047644841,0.4911643254714027
-1.4181069704428095,-1.1635482885181485,-0.5567574298636147
-0.5176323588049042,-2.1166030777876284,-0.9753055457286888
-0.2475390449738452,0.0836225020033658,1.1715870660658143
0.1597581126169444,1.0047685709583014,0.6475381143217313
-1.235298856690063,-0.365245109661219,-0.2596423770146207
-2.167331946320558,-1.213273157079001,-0.8265505604178135
0.3705835363310535,0.6877715822971359,0.2704885902358785
-1.324387197804584,-1.807127085246388,-0.4194401953220745
1.3019470847349892,1.2098642599353984,1.8150204115689503
0.8116453801334117,1.008090215401701,0.3702693776083692
1.0215718451017042,0.9320205564699436,0.4021315581419947
1.3081112883028323,0.9397322739871916,0.6803983710325339
1.106393789050626,0.6153619289771036,0.8945940231007381
0.532585994905345,0.8212143252563736,0.753636154783894
0.4256127647050873,0.4244573549353096,0.4272358331070147
0.9610520818628112,0.5255008193621844,0.1055831775206909
0.0832227818317653,0.4299316271512975,-0.2968693545675688
-0.2553343622099044,-0.460903756360324,-0.2290567459074473
0.6923659127002003,-0.4611009564058289,-0.4289717873501413
-0.8763522419679957,-0.983280337377412,-1.6817438034722183
1.7185693341501953,0.6052164228087065,0.9294285504204232
0.581481552113264,-0.2977088051427187,1.3236630596402057
0.4497042091818257,0.6967743704164854,1.3851008523634976
-1.7620674062150783,-0.7009584777616387,-0.8416837010435152
0.2641735270716768,1.1440763834454457,1.1917875948884025
-0.5730802785931682,-1.0378685912806078,-1.2550284886987966
0.248289371922008,0.9266387987096704,0.4546363054017652
0.3415544253474905,0.4276744916588229,-0.9502901767295574
-0.4199613314686315,0.678084745316097,0.9813602355069908
-0.1740574356192391,0.2890690791708694,0.6774712135160682
-1.6879715896496164,-0.3684169287327301,-1.292474838393447
0.7493392097063158,-0.0536247070294546,-1.0858301460127795
-1.3320935073226103,-1.9818207391415852,-1.273713796394973
1.4749348658074406,0.76389469469875,0.1179399952359148
-0.1377117000830369,0.0884973570497658,0.2896929148997906
-0.4255213645173373,-0.069230861501269,0.8404898429202431
0.2179780740952761,0.7606339293457655,-0.4741605127452415
1.1178374767756505,0.8951628586842961,1.4194259399159086
-0.7013952109659269,-0.7793034158673895,0.0462651358723352
-1.5199468899183894,-1.2126925278922724,-0.99320646661548
0.9035708067183092,0.9706733939393888,0.5853819463875343
0.1643203338626625,-0.5837991376581925,-0.4027519828365605
1.082423942731017,0.8735536103912978,0.0279249146634696
0.0470823827790521,-0.0606043688857593,-1.0839268499735215
1.8400914067868688,1.249579808342824,1.4829806749048429
1.062099169573976,1.0470298014801946,-0.2704207687502607
0.3500944984437077,1.1463909023688648,0.7915901647890999
0.0794485570343002,0.5200919715801714,1.1376213597363682
-1.377394540527242,-0.3485438129530936,-0.5724926850950474
-0.4478772509799714,-1.3164393231313,-1.4228884000314523
-1.9561655341913888,-1.9019439219276288,-1.5547560553580462
-0.8275626000406086,-1.3325344838844029,0.149909085006737
1.0165638880480592,1.112913446981696,0.6282656334743739
0.4219242245283311,1.1304304360013688,0.9172341906665932
-1.9457887354307624,-1.4731059663169153,-0.980676990174794
0.7055816126945342,0.5437757971260759,-0.610854600206201
-0.0392196695000825,-0.4561972409539229,0.3994302845201842
-0.3507811306373643,-0.1625848559311976,-0.2311736523929421
0.5965992486284641,0.765497446582103,1.0123424694740413
1.7159952626018309,0.2586146579440465,0.222408472073297
-1.5901282683870903,-2.014966944740405,-1.096242666957999
-0.2017180767037278,0.0641079455566631,0.7275398720905295
1.1047078363290497,1.0029568416715755,1.2290042563047536
1.064584120483463,0.9607963486874556,1.4514691420354904
1.2377601306265311,-0.2719266876420982,-0.6160099683285069
-0.9437119182627502,-1.8592792680482992,-0.9852947911646132
0.1475114520370867,0.4117332994695953,-0.0037956931314876
-0.1026592538131055,-1.1170219581135052,-1.6549642305024104
0.1569545039863034,-1.3135388622654078,-0.8067703043503671
-0.9453940271399436,-0.695536186207017,-1.4435586182646984
-0.9336432033023692,-0.872332236663519,-0.914223187240188
-0.5052273688533085,0.1835489160405392,-0.3106632030598759
0.0942595047273423,-0.7023755210288241,-0.63570246011746
0.5646285619370436,0.6437226581754604,-0.5894552983291526
1.6201288235264624,0.91231630474305,0.8025057985695957
-1.1060534329912683,-1.4693093331553022,-0.2527713451072781
0.2679575519410764,-0.3711098358782397,-0.4819796425839225
0.975072045595451,1.1928839388346475,1.27140162763938
0.2276089406120917,0.742770014875429,-0.6706776067245174
-1.0686915315480898,-1.627367637784381,-0.7494399608523885
0.1623904583823754,-1.8094162548331727,-1.4605482876557618
-2.104845233336496,-2.278601749232166,-1.99009882769438
-0.4526034942303692,0.170835993717478,0.5699380797875822
0.4366254618829178,0.4394725986503705,-1.26450511880715
-0.2384951307725244,0.0428956943062949,-1.1480391904505305
1.5961335988076315,1.02912633597335,-0.411748007143705
-0.12722372835985,-0.027434239557633,-0.5485887862718547
1.0955698615739025,0.9276463816759024,0.5591077631738204
1.1633143096716505,0.9857185745565892,0.8669945228770449
-0.6384524105484072,-0.2524819520331786,-0.3376966487423153
1.5605212083383662,1.1958908382150342,1.4629335520178453
0.7847532956910723,0.5625439346641511,-0.235652352064588
-0.5122672237718278,-1.5622012509498062,-0.5496018095925238
0.6631337721553867,0.3711221304635876,0.282030815081228
-0.2032765560873136,0.7552392276870373,0.0949787385448488
1.090063805344343,1.0095026557717286,0.4757182438009648
1.11382984457166,0.8398117260417866,-0.7646417236786249
0.5359644286310188,0.7594421660223788,0.7900913788774183
-0.0096364798016993,0.3435671070438964,0.3187142482397064
0.0939922162782327,-0.221566353693983,0.1410382547239909
-0.481129952762327,-0.6630465948043719,-0.1035743315602975
-1.615653742433296,-1.9616104579358524,-1.3484097880580912
-1.080159259248606,0.215959840200246,0.1506099396512678
-1.5657164322975792,-2.1492186835213927,-1.4631444238246107
0.3937611177569055,-0.0582905753188574,-0.9283909285536348
-0.3677376733872186,-0.4572379581763077,-0.1425967255293263
0.5412186677889983,1.043315901487284,0.9736188140662048
-0.8119882478530175,-0.2686527065563117,-0.698804790201984
-1.6190744034762097,-1.968473278586341,-1.1976123390012976
1.0561121200053407,-0.241853517253484,0.7335883022311719
-1.0519932468182172,-1.2525156784381006,-0.6879172753605332
0.7018144529027478,0.8147019281058367,1.4955415686902311
0.1292076833899837,1.0892230969647136,0.804715780705325
-1.8050137991208572,0.3248508257800003,0.5522987856041923
0.3102570875683751,0.7193152717997421,-0.1941035693840554
0.8192048183769927,0.8049998601268973,0.0157928633715504
-0.756218452427231,0.2206459006811976,0.8751758279927838
0.7301717342340874,0.1101296630720204,-0.5372599110969346
-1.1656857409143495,0.4567827967459889,1.0352548913486963
-1.1395041389047404,-0.5164715370520536,0.351281427075325
0.5159179319757982,0.2840091453044099,0.5371454711347075
0.6554516409364886,1.0355470149173769,0.9743179300220586
-1.6065215623987916,-1.5982934898254963,-1.5057309920136055
1.8400914067868688,1.137877524712298,1.8214784497892769
-0.258782264484733,-0.2702290737440279,-1.2193290557501588
-0.2613367589403573,-0.718166043747356,-0.2588163859174638
0.7712112310192875,1.059300011316676,0.0007722815520993
-2.167331946320558,-2.4870101671893474,-2.035875821046195
-0.5096608932153832,-2.1081868629919143,-1.6917400673841556
-0.5846500510882905,0.6726069770742171,0.716213283141248
0.1844736059049203,1.0468317501854982,-0.969169477685192
1.481512701340384,1.1397025824721765,0.8064861446221832
0.4401495600937199,-0.2123905536955141,0.2319064255629175
-0.3259073929154983,-0.7695254544432869,0.4884730171885866
-0.1553200375598631,-0.272293115284192,-0.0173742144480608
-0.9747250386071742,-0.5802521180296067,-1.249997914460155
-0.0214985203584185,0.6793799508248954,0.5672766957157305
-0.2810915413677795,0.8003114239011153,0.7410166806209868
-0.36997883969664,-1.5067152756347209,-0.33691719795801
0.2097575857039912,0.9020337735807816,-0.3375503508009039
-0.8284306718054307,-0.1531122362939889,-0.1662297463467804
-0.3008044086986948,0.3218815388017049,-0.1268196545801493
-1.0697461123955174,-2.428299903230568,-1.7429415014334435
-0.6979195450469895,-0.4295209562381122,0.9974596958924086
-0.9864015840244622,-1.9993751474980168,-0.2428342769683864
0.0719959570977927,0.2322588890045943,-0.2057341268245043
-1.0825135734694962,-0.2271994291325455,0.0954637689843337
-1.0268834475718236,-1.830583680201557,-1.026896999789551
0.8588543025287646,0.9861352343151168,0.7818776886105011
-1.4974240533416543,-0.968255279975064,-0.5492470449770037
0.4665137078402193,-0.3539511943973709,-1.871506242062799
0.2676100110975531,0.3415249634679628,-0.2868822476345252
-0.4016529720957311,-1.2255182680353554,0.3050170429710401
1.8400914067868688,-2.883726487658676,-2.653637303753207
1.7419373980594772,1.2339710778153912,1.4440161045618018
1.1214655427680542,0.6825473802246149,0.2888568795275649
1.2277974355855623,1.0999166020813642,1.1230287481952943
0.3472032945265887,-0.2451443203489282,0.4522144280126084
0.8963747183062981,0.6023387384329093,0.67186285529361
0.5739796493861615,0.6273178295412364,0.011643360950888
0.2957583824712875,0.8574634657919418,0.1207181294217179
0.2890165643466515,0.8864520233185441,0.9312771802201107
0.8958124741956474,1.108481749445504,0.8877463002285951
0.8366473734259124,-0.1269305186921968,-0.083379063256974
-0.2347822383994924,0.5273855027556514,1.2205272147736177
0.112358870298306,0.4192855639155199,-0.1016824128021276
0.4561841882302899,0.8955831808165624,0.5475580726588156
-0.8257872502392242,0.7727167999260968,0.8185072557873565
1.2675315632715929,1.0299827119285765,1.7453751094403798
0.5261000537049368,0.4672233121247492,0.6242837890962537
1.1205327275214347,1.1538272255176711,2.077351970311687
1.364942064490976,1.0720927073501083,0.8367413892450251
0.3446062357829569,1.0195842672238775,1.153057245874951
-0.5437978475369126,-0.5009040751572092,-0.7283021413166982
0.6159002583781379,0.3917162515195678,0.9361814948421636
0.3377589948410538,0.5246525198180161,-1.568731388530106
0.776681020576721,1.013415067962576,-0.4442329358137163
-1.156145674925122,-0.7685341299911839,-0.8870320751184926
0.5857093492223228,0.9984852287605877,1.6568424706277725
0.5950841196025726,0.9377775385435312,1.603473067017512
-0.9163863589285683,0.2755022207183158,0.3851668254454364
1.1311672895736125,0.8335779062305063,1.1001879551658629
-0.5513083424348622,-0.4710509766699812,-0.8835487870975165
-0.1854528297217504,0.1937418070349554,-0.2634955310267481
-1.5356165270690754,-0.7478484554384766,-1.209066876250243
-1.2604151950828748,-1.7009396701279944,-2.653637303753207
-1.612438139531715,-2.4821318102203582,-1.8630141689795543
-0.6869422355888147,-0.0159725698070242,-1.1210085985973284
-0.8105224427169724,-0.0851672526570159,1.0671580383465535
0.1610900094465765,0.4200232123590599,0.1699945645744715
-1.044863719760894,0.3015417008081799,0.204440805094865
0.5297276686027801,1.108599783007505,0.1611840453726304
-0.5764607525693524,0.1001083975369608,-0.7527824233426313
0.4408145142771595,0.7723515603311264,-0.7713168656012276
-0.2558125196863428,-0.4175935200746403,-0.3102715509379127
-1.2178042589318752,-0.3471566153307368,0.198972060415575
0.2076619776918611,1.0980354604265847,0.4998493150548508
-1.3095932962415409,-0.8328656632085902,0.0053658121907798
-0.2223477277557952,-0.1851380660525597,0.0940376566840522
-1.0573599998235603,0.5850260317396294,0.2210177525896146
-1.12383369725919,-1.6955524104825734,-1.2561917433930518
1.2176732926602452,1.1289996371927344,-0.7814248279690136
-0.2330251892426388,-0.118573768097731,0.426520231261664
1.8304032080888213,1.1821124586681,2.103444916225223
1.4889592727268166,1.0237690955949508,0.4896496913525107
0.2640035934057744,0.9251420362357944,1.0072163559588485
0.9132612959580192,1.0594342815605309,1.0289079291583194
-1.2061592941409107,-0.653527605141055,-0.4703716554099094
0.0010517105246266,0.253796292884258,1.1722103754130695
0.1201549504829679,-0.6332265456300263,1.0236742445707137
1.462039433291106,1.1734332342923095,1.618255371147059
0.0942195691550966,-0.6199092586468811,-0.952008067427472
-2.03059321235339,-1.7492071230604616,-0.3731619771999314
0.9914992852871212,1.1332123266187095,1.8426091556164867
-1.6515544625910343,-0.8598677809618918,-1.269516142799444
1.0629333400692031,0.0200315938761064,0.4888759815888193
0.3055111132331746,-0.1907101185534763,1.2090697735981142
-0.4789931635178208,-1.1516399240425106,-0.9292818057023888
0.6074901003921567,-0.5383999243211045,-0.3748561688922702
0.0334054402684335,-0.0254647728133079,0.3881381718457025
0.9566258604044792,0.8818858979375576,1.0539106040134465
-2.167331946320558,-2.0668181035003377,-1.5843693605105964
-1.4391079922013044,-0.4468721139639894,0.8683117488017076
-1.235023860710906,-2.199104386844189,0.0874392087618012
-0.137281688325717,-0.639510419340157,-1.4818159339545112
0.5891238381286028,0.7574297278490599,1.3505101531184938
1.0038262212209483,1.084121448567334,1.4571993600215416
1.3360605501826908,1.0400626364999737,1.32898987304993
1.1278199539728195,0.9300247808905991,0.3815680839323104
0.1976537913667776,0.4152103506717627,-0.6406329845908603
-0.2551909674737185,0.1437130373012984,1.2442539032418338
0.9761436920299378,0.7351709767592547,0.8495460468846318
-0.4891401576539404,-1.1297467427759442,-0.5031982710740165
-1.0006337321870982,-0.3722885079689449,-0.3983653520674277
-1.6500423056759042,-1.3231872674738168,-0.724167396166378
1.4002829353030577,1.092834432962816,1.1418739309667287
0.1757308027084145,0.3102850088319013,-1.0903122937917
-1.4369852185775422,-1.9912610606723853,-0.8806323787257186
-0.2904996840106661,0.3479048176723592,0.780724710163708
-0.9116300068247692,-1.374698824955456,-0.9049319096275404
0.8565785139597428,1.1171390142141615,2.2697435001628428
0.9730213100596145,0.8200289946900698,1.1247694633066845
1.5474429426241498,0.5701959053639153,-0.8734361348049783
1.8400914067868688,1.2508816048720974,1.5743358741057218
1.042519333365122,0.8161127743607207,-0.5302903497665986
1.185609741064737,1.0840087616694607,0.3042931052815862
-2.167331946320558,-2.883726487658676,-2.653637303753207
1.528776839052473,1.131543213566203,0.8518064317140166
0.6500929075108806,0.9107011624963968,0.7920999298363066
-0.0324189508992426,-1.2485800882820697,-0.6250225066037726
1.1465258150749449,1.1730679320505475,2.413532491161622
-2.167331946320558,-2.2297556519984827,-2.506161560020145
-0.8237968079598105,-0.611002346820877,-0.6032263410385165
-0.8459191111139913,-1.2044828481591696,-0.2180065148157194
-1.0103642861432622,-0.3272444803330716,-0.2323491573164863
-1.699779102826199,-1.071364028873643,-0.046138787752585
1.19144585015717,1.1124534205983885,0.4602941932166415
0.3261606595599718,0.7156676062505671,1.0551285909576449
-0.0311584033920271,0.6443007893197826,-0.23443613870343
-0.5149143854538268,-1.0682502097625295,-1.428770076655284
-0.0451951991506262,-0.7549937820500244,-0.6628988822651426
0.2650314507029418,0.4640740204520361,0.752519548882977
0.9978651630683892,0.6494754975741205,1.0900736255030348
-0.8387290976238302,-0.2372181010501951,0.1389073534603924
1.8400914067868688,1.192554400096799,1.8237008027107653
-0.3505106930964899,-0.2030674059035034,0.7292831735880727
1.0370069995835385,-0.8340387489645932,-1.7082332403234122
1.3584691270521458,0.9598643646724628,0.8883530586452383
0.1398455504804159,0.266701604486054,-0.893801893807291
0.7017905778409271,0.4555607419119846,0.0764784237665197
0.2434205097788734,0.5139543002793381,-0.2050664259331073
-1.6015843327417447,-2.003905076945712,-1.7600855552094
1.1089825079548,1.1465128485999394,1.942858954407296
0.9422588613710016,0.5848806269142302,1.200489921641664
0.3111360457826729,0.709235171368518,0.5002744866443958
-0.6544059659195404,-0.2579556029064339,0.1229928727366604
0.7870080009076376,0.5669713398563486,-2.5597385050012448e-15
-0.2466694391603541,0.6083031239331228,-0.1558002000091749
0.890195700995237,0.8228421412170528,0.6959384300911317
0.0709024855692469,0.2176536977100885,0.4421543595752787
1.1317645342157094,1.0897949998228682,-0.2470094441475938
-0.2757891510622473,-0.1525591560473387,0.4927381972280221
1.1988904888156129,1.0981264875608792,0.9907476402415116
-0.5983667669906882,-1.7205450222605678,-0.9326423760214732
-0.2098045081067379,0.2857018392198399,-0.3877597530870775
-1.8049363809557415,-1.5956797250160557,-0.332836309431577
1.130373808555907,1.1432791871452312,2.232048512618457
-1.705232264026082,-2.0074539192603376,-1.4443754273269869
0.154574198061539,-0.6812017448057717,0.0902007246649044
0.4017986518388052,0.988335042183632,1.7395824254331818
0.872830007786,0.863998309288502,0.0882767777898257
-0.6446789546677091,-1.3461702231014487,-1.1010266919568348
0.1468912663271109,-0.2702160457301447,-0.0675956000019929
0.6545026751372168,0.923600840294854,0.8526449084044043
1.2172941010109275,1.2285729590406524,1.0738783737939646
0.4674895286650419,0.0766744697513912,-1.0160084393959614
0.8404566822668524,1.1407056716111843,1.0044143143299262
0.5779304567565274,0.8151540636100897,1.043353016062441
1.3293201703116075,1.075577381269008,1.2594699328393748
1.2432073985985832,0.8281317810804314,0.7945016512802523
-1.2262643176468924,-0.7669707171247356,0.4465772117800158
-0.3195162777849221,-0.3766406387877165,-0.9500193854702084
1.1762651679009248,0.712522195159433,0.8372040749126473
0.5082614657398696,0.7702293210657476,0.5058165616086254
-0.859550266488539,-1.4993020942959128,-1.1980267552471895
-0.7126561134428229,0.1987543266289173,0.2494043053384955
1.8400914067868688,1.190265386805735,2.063517668873339
0.6843235442693832,1.1710204471975048,1.334316881558825
1.6036859551858529,0.7402715592472751,-0.1159591885944095
0.9227493186370752,0.9696811540903058,0.4547263423964033
-0.7392629963316847,-1.1639397037432213,-0.4833509818415462
0.3188096689269695,0.3478922337641388,0.0578260784443669
0.4778520832843929,0.9121442829464924,1.907799077285346
1.454423472826941,1.062183126435983,1.459402689015283
0.2521845223258311,1.0178352867102956,0.2716423894848395
0.8612731311941649,0.9729071068614368,0.518683785594032
-1.2101791766007062,-1.4800484385773542,-1.121896461001797
-0.2026035208967215,-1.2681779431502802,-1.7944375532966357
-1.3825996258391182,-1.853177538257049,-1.2447068271393107
0.3662920680506839,-0.3508188020261394,-0.6331156935596298
-1.2468265898127644,-0.7568366252200948,-1.065299755595993
0.0463878056077489,-0.4235216968648612,-0.7979422315346221
0.3925613337364774,1.015740732863098,1.614303570887741
-2.167331946320558,-2.6009632396382343,-0.4511440185250623
1.0768786303376467,1.0182199361739923,1.4268685379220551
-0.3832987867621282,-1.2637710719444406,-0.4947888758032266
-1.7927881062995017,-1.040305294150626,-0.0879046678306377
1.1254671107002276,0.9809422030076808,0.6645481211315399
0.7000131231892807,1.1160076259422032,1.381850333451306
0.4794916095073464,0.6034379971123784,1.5121329118682
0.8988379009064046,0.9753562555146728,1.2630484455954845
0.5176986943160998,-0.0562739525364791,1.509270927845289
-1.769870889117903,-1.189508326441018,-0.3075593544615256
-0.9353910570525852,-0.4034841568058064,0.0087740439938766
-0.0482778651359765,0.8431224994049039,1.3835291993895735
0.435540258312269,0.2905636758121979,-0.981318432835814
-0.5685045538129723,-1.2269148706833972,-1.8635232006459477
-0.7473558594152813,-1.6095457729826157,-1.7337748633229626
0.3632629228737143,0.7875263782275517,1.0575959393529106
-2.167331946320558,-1.9552701846047216,-2.138396283077196
0.0559104717108548,0.1398384464831625,-0.9535240290739724
-0.6499253913813895,0.0214442075340639,-0.3122143113626296
-1.3399203906958428,-0.8304509888500955,-0.5163946511660503
1.2884656482907977,1.0552047389138852,0.7901448273919209
-0.3264488245012573,0.1702111768772553,0.218201267255957
-0.1271490256195169,0.8457964591686968,0.7633954432367661
1.4265264352016604,1.1396733407563688,0.5962117323412001
-1.0499210543209334,-1.8903832293700715,-1.3239799068286608
-0.345487675893555,0.0390769294293974,-0.508951120429138
-0.7948442098396319,-1.2435848951399309,-0.5672680333032556
0.8441334167205137,0.8512049546349079,-0.1604953537990834
-0.8723935803466875,-1.7863335664109825,-1.645923989367714
-0.532782195116185,-0.5992891323981177,-0.0365204027319868
-1.4692804571105376,-0.4476127128775119,-0.8957269668970497
-0.469244883134071,-0.1642179458947066,0.7202066440231235
1.4166107730854152,1.1002031608943934,1.956550119245344
-0.6112672285513506,-0.4578766273323628,-0.6546706859147026
1.8400914067868688,1.148048000678903,2.026521729058783
1.235234413946255,1.1023332153045795,0.4356611691228383
-0.5030255670844702,0.4057019334713367,-0.1157960037444
0.7459569649773632,0.933855540241578,0.6608674582080452
-0.203191027576248,-0.382979774594425,-0.945210742451341
1.1972883973400776,0.7577747396582362,1.752459412209427
-1.264942723660438,-1.429826958514761,-0.4566561707748813
-1.7586044662811904,-1.9609297798908736,-1.1290597472799473
-2.167331946320558,-2.2065443478107745,-1.4637715897440524
-1.5975263460875886,-2.2819729822845485,-2.479790655964408
-1.8842520719112013,-1.3358155692317584,-0.8360377154348723
-1.2451393249437683,-1.8766324464619588,-0.8738549894344939
-0.2216941624816063,0.4558809429701642,-0.4323759774758603
1.8400914067868688,1.0973270757430071,0.8175010853087917
0.985025817804831,1.045980488271626,0.445150389640042
-0.8971510355395796,-0.5762366448887206,-0.5879309788733872
0.546300386595148,0.55149825809943,0.818102322587833
-1.4535089438644,-1.711092352176314,-0.5157948100461393
-0.1109147931554448,0.5836269651435602,-0.4064082910842753
-0.0146865217319005,0.4580369579078532,-0.1486384825153819
-2.143135015484565,-1.7826424423691594,-0.2438766468189022
-0.6629432118891065,-0.8596773318367261,0.1369458187369856
-0.1699537949061638,0.2030976092281418,-0.4773133316446321
0.7945055737652659,1.0031806255668063,-0.0372431772275931
-0.8191005389865645,-1.3035518590753052,-0.8985199915134824
1.8400914067868688,1.0373544800881838,0.6553770884351138
-1.397768922017692,-2.129163820654526,-1.3255695267034386
0.9928761227415244,0.3743894128325007,0.1160426924837623
1.5703078493641458,1.0096888173849758,1.2128547191648351
0.0753246344247894,0.8335078268756011,0.5170002890338309
0.7868915655774841,1.0896124727926628,0.5134172211734745
-0.1987036441935353,-0.4442992385720173,0.1023118117957197
0.0942482501896419,0.8980172173239279,0.7516155479875702
0.6127513257248138,0.4435066921505881,-0.1251030307960336
-0.7035864317869104,-1.6739505254034768,-0.1164995455289822
0.8844679155105079,1.0314121989497609,1.1966203141543947
0.88414633572653,0.9580752937139244,1.9551160723316685
1.8400914067868688,1.2613381443743683,0.8796213091012101
-0.8116408880217614,0.3284814874655833,0.9004106484987475
0.8979340237926223,0.0871990961482127,0.1364264932727367
1.1711952596956618,1.2019558509733443,1.3124189489561504
-2.0381781790712785,-1.960982379391546,-1.8377522059269609
0.3678660766784971,0.6129963696217078,0.6218197220052321
-0.0085834389190853,-0.2248042039889024,-1.138930727232978
-0.6253925131347823,0.1972021987783626,0.0056132225328978
0.3536099625126351,0.1519153172161018,0.6440569953540514
1.3201275887187551,0.7813855636160898,1.0223716610711655
0.4796666273918831,0.7543977646284313,1.0373219886991127
-0.8965210530523321,-2.2210416722353807,-1.3543116914979765
0.730416983511766,0.934787013688248,1.5439835556589068
0.1032314752542651,0.1565156246773259,0.0536343630630547
-0.7270590622239007,-0.6568626674179049,-0.8110595709610775
0.6408735816615861,1.0755911984360935,0.2688633400333206
-0.8771692454369492,-1.2731922249032035,-1.0366203970364205
-1.301945225482208,-0.6790877937124513,-0.6081726701690136
-0.1124934541239838,-0.3694535160318982,0.4221253013888592
0.5445198452226473,0.6658112157363929,1.30296786873619
-1.3618504483336678,-1.4332192781935127,-2.308514654638477
-1.1292818139945828,-0.2796501201270539,0.1114245848873823
1.5278276057343985,1.0155380831808296,0.8485689001813423
1.5668318583539398,1.1991041897067285,0.8334559958265569
1.0365395686633638,-0.1234932063987466,-1.078391783197178
0.0459980488216607,0.4771035868628758,0.5331390095070269
0.0177389895924416,-1.1477203601764352,-0.6592968540571192
1.133294869412334,1.1721439041436528,1.1314116227000743
0.5729965033363938,-0.0184975695559823,0.0998726849172719
0.6262931457556002,1.025121234218335,1.403785764091116
0.119713534183971,-0.8327808598961776,0.1607043498452122
0.2181160689224056,0.6969115249725318,1.2726642499819152
1.3228329401205414,1.044934753019274,1.255716482375984
-0.9482556820325868,0.3638917954292342,1.0447155726534807
0.8564482930983986,0.8968248697132588,-0.2809880842601204
0.4011443748325816,0.466967577779066,0.8766438509584246
0.4481446762008099,0.4407491380537552,-0.2525084715615425
1.6706032687172374,0.9585022492318228,1.7136132404914135
0.7131443310698117,0.8777386195219034,-0.3560659142029897
0.1580987495702119,0.5212791901191427,0.4535006331310469
1.0060328103982754,0.6856062134395482,0.5984001296305147
-2.167331946320558,-2.3062355280255327,-1.8997913869125769
-1.5412576932383533,-1.0744140060338807,-0.0796180620494241
1.0475202880382006,1.1532653678417115,1.597664680765854
1.294881896943333,1.1901438649468836,0.7868680205315097
-0.3052170854135226,-0.0426483773462879,0.7981214215841165
1.548549447498421,0.5695483524714503,0.2731133883074896
0.3889918178622776,0.9408733034737474,0.7532954909135261
1.4635601053648553,0.8756560606941646,0.8015334240550975
-0.0117513779209137,0.7891052800305749,0.4940478550027388
-0.5537929228733466,0.7201547578859656,0.4667273682616594
0.2054263813690132,0.2951104855106751,0.8270020866202377
-0.7026364898023267,-0.3059797788075414,0.0799451868866163
-0.2012756498460879,0.3742970087819568,0.2031315789904618
0.8147271366254487,0.9474501495706092,0.5297160449827216
-0.3652964853203644,-0.7576544862709537,-0.0898635793866426
1.413864981850527,1.2182863634921977,1.3529879862066925
-1.0827419178542153,-0.6591055192027029,-1.2918983327140638
0.8948732729853885,0.5221456299084716,-0.1624076557928143
-0.0790686455231951,0.4289088402168626,-0.1839076106515821
-1.395032685666881,-1.9045572062926737,-0.6146686744462403
-0.3759870632114239,-1.0572683625152193,-0.4776948423497958
-1.521595761456944,-1.577138081097181,-1.4225671173301406
1.0049503713063157,0.7692903093714708,-1.1891204915436109
1.8400914067868688,1.227900087725201,1.0360206813591748
1.7024688935660095,1.184674782751669,1.832281224136372
1.2175009204574068,1.0448479195715443,1.5702760351835732
1.1232160288275908,1.0576625401871664,1.1699241636877578
-1.4015738832815716,-1.3534730977151654,-1.3281347380062427
1.8100677131406488,1.1938876964132108,1.046281944889767
-1.0961094627445829,-0.7858729129808973,-1.8632457807042968
1.067314613209597,0.5902863857658174,-0.5493884968880793
-1.4977291170830591,-1.080823546166876,-0.9568986285320968
-1.6768832341657518,-1.739792382692053,-0.3724906089653345
1.425241309484068,1.099293015704775,2.261179029222382
-2.073105330413984,-1.349548844708378,-1.0413159561892291
0.9920588641570572,0.7607752349250251,0.8922248566935227
2.588586866059877e-16,0.8269485096505541,1.2209338629495832
0.5936480800164365,0.6827848092875195,0.6636709792169257
-1.2716357498889668,-0.8631291339505034,-1.200729427735417
0.3478151084583291,0.714596158280761,1.4055354981921246
1.788888051097673,0.96978428788661,0.2908262873938066
-2.167331946320558,-2.57426870803796,-2.653637303753207
-0.0060397775558359,-0.4181407443204063,-0.7686041404803517
1.0796072468511635,1.1431501634479997,1.1027040228323843
1.0778477090543517,0.9778872551216834,-0.1069536271111049
0.9911824180778688,0.8752699278250796,0.7657108947947848
0.407505123903118,1.0168908724893513,0.9551687715931232
0.2280968399410485,0.516915887085975,-1.1120181418230206
-0.6851755351032894,-0.5759309757516429,-0.6094853289124782
-1.3608232748449345,-1.4818701799931753,-1.7454190791996775
-0.6299617658862399,-0.1720845003870904,0.1683856328075873
1.4900082132522037,1.0812293117116194,1.5374364365118132
0.0213032021947195,-0.3131946281421962,-1.107019764319838
0.8618226718275426,0.880765857735143,1.1181566927589972
-0.7621467874969742,-0.6642218563381455,0.109442356913083
-0.4652700015759107,-1.0439700562570808,-0.5413852521006101
-1.5430826458483118,-0.9357904609209632,-0.0640298614290811
0.8560720960585004,0.6826620218067749,0.8878858462310817
0.1469509044076604,0.623093316475521,0.7377394499089759
0.8041109047444603,0.9873672113993064,0.1565768865403747
0.1632460750564282,0.6155349312220927,0.3359291143213544
0.3032265475240283,-0.6646553837711466,-0.735688798386895
0.8030629505144513,0.140825752697521,0.0187355719512714
-0.0541846076056631,0.2638679221919524,0.453086101129646
-0.8847749879624756,-1.0428724367530318,-0.539431527341458
-0.7540832034248882,-0.2786559001662647,-1.1104991868370653
0.4584009621815705,0.5228502153670048,0.0275734099051072
-0.8490628641808214,-0.3065974880275698,-1.6069697897928217
-0.023335948406729,0.0498165500141945,-0.8992103031259011
0.3576783464753968,-0.603168797241404,-1.2522186487348164
-1.4970175997937152,-0.7723954962076522,-0.7997303108781044
1.761068968087482,0.9579428232470704,1.8705882067770816
0.2923800760976808,-0.2859078020084074,-0.9259148181828476
-1.119282440449381,-1.3288681720176307,-1.1157510412540703
-0.4399875897119165,-1.1976063858670818,0.5639647904417765
-2.111862715476222,-2.0903377404608605,-1.1217588393486884
-0.1214927956840624,0.871353638724908,0.6935642671255442
0.9227840910102522,0.5920354558366009,0.5356590586106262
0.8349037883000038,0.5231159126118495,-0.5950834753173637
1.0562256745759304,1.092543442744877,1.9568484030794624
-2.167331946320558,-1.7471889629543524,-0.4343127772990593
-0.4521297995620389,-2.215170558131464,-0.6902885618710194
0.6652058038286944,-0.0960646202572692,-0.6694002036456723
0.8408108523034817,0.7748093877748747,1.2108363395095725
-1.7475265576840138,-1.0741948329093045,-0.9530134560837996
0.1878514484197695,1.1129965804310968,1.341191553539401
0.4035095388150733,-0.0045559008689886,0.1098764286406671
-2.167331946320558,-2.04201735676046,-1.6314975487642505
-1.5535426909649397,-1.4838737679049174,-0.8580746659284668
1.1031467921705966,0.8604549328538903,0.3291160431402826
-0.1603807333504735,0.2783179324081041,-0.804819637099224
1.289750233123779,0.5593939103822169,0.6869984482235464
-0.6205936951734538,-1.310463688384586,-1.4658472915401162
-0.2691403444165522,0.5697279319077992,-0.2112981764528159
1.3046468115625822,0.8171749213394713,0.1523173204561413
-0.3543047084136112,0.2119073909189169,0.2709197866529536
-0.8218307451868472,0.2258724570927669,0.5948857779856599
1.32631420971893,1.027140495833599,1.2187372725130938
-1.81322642523876,-1.407254525700285,-1.537577039684897
0.2227056550732301,0.4959506943127599,0.5345728174689103
-0.9431622514156108,-0.6966238443611691,-0.4547736585520734
-0.1232220761540406,0.5814187524001236,0.2562083231480453
1.0189078593559353,0.891777393439189,0.2836735188606236
-0.2638627163390716,-0.2931306076079544,-1.09002956447388
0.1536896239405801,-0.5057570369649328,0.1239641122007784
2.588586866059877e-16,1.125967773281528,0.8293864321715492
-0.8834605750421115,-0.1655130170412815,-1.403595431064398
0.2412269507949668,-0.247736221829584,-1.0139380653243772
-0.2479749815411077,0.3304200237875351,-0.3205716998702842
0.5975823526603468,0.8330962257923248,0.6743372247733234
0.3641031872853884,0.6898248634388271,0.1424438273921877
0.8533813510443284,0.4739097810156379,0.5380605449095236
1.113503470002715,0.9719520547284372,1.83516488536671
1.5071145852371195,0.9996420888050916,0.7309921508275528
-0.5887908597160593,-0.7333354840659354,-0.0275641669171824
-0.1024508089553351,-0.4456731105698818,-0.4256327727177341
1.8400914067868688,1.1624729283557134,2.424622722973472
0.0689074579976429,-0.1140209403381705,0.1317051741470686
0.4151225024497394,0.0593695050106823,-0.9344840634657536
1.3038053465124526,1.2503710484284074,-2.5597385050012448e-15
0.367977243038852,-0.9671518386326416,-1.700670622101978
-0.6035244875494843,0.1257637108496136,0.2606205044034416
-0.0895433498886051,-1.5870218185537446,-1.7762220409602298
0.6469978973476269,0.4181423820139564,0.6149260709839176
-0.064277769607684,0.3984833272081272,-1.360071932349198
-0.4772992834923717,0.2464845249549239,-0.5404233778101915
0.2367750641006435,0.4002703368785359,0.3642976921896373
0.5809329593745963,0.8619329658239154,0.9232317483992298
1.498376129170935,1.1655357469729932,1.1007068584057276
0.9593774322108944,0.9064057645064316,-0.1601755922660014
0.0814499272104027,0.3089700979579018,-0.6479299252755482
-0.7077114471658095,0.3123557000891754,0.5195135555654132
1.1792828911539313,0.7093220046812061,0.8541664180904801
-0.1492404983021671,-0.6531905377658762,-1.3240391564030556
0.09942840506677,0.5217547975891643,0.2589114179927269
1.5073175079022831,1.1161141260142184,0.467604273037555
1.1463632825180532,1.0888684489318443,0.6592562457070112
-1.597888225613037,-1.6808290718060932,-1.091398371015531
0.3853403858448039,0.5246829044883168,-0.1535035064511462
0.8853872485057614,0.6524891846222547,-0.7329342296885804
-1.850709761942556,-1.9988780572114997,-0.809792204646642
-0.1393251376051727,-0.0848564104338645,0.5500350055725438
-0.9609768135696456,-1.3783905048354346,-1.3081244073356135
-1.6207885657529435,-1.8690426386669023,-2.1014436911544654
-0.3644049678022894,-0.7682044152803191,0.7387568327403842
-0.2815857683670832,0.645535570673776,0.6697378184464857
0.7674597883276831,0.2092276662998776,-0.4818245002208101
-1.4331440677621536,-1.0611283224448185,-0.830193047534218
0.2667214105880736,0.5097075740369483,-0.4973769021164114
1.277011975219195,1.110255342963068,1.0843346163518224
-1.6961897989334975,-1.209623928509316,-1.9073965101043515
0.6890328254062367,-0.176543942505504,-1.4014597699923297
0.0092569671050207,-0.3931926929302833,0.7717310448023943
-0.0439485380706574,-1.2798845750738432,-0.265078395150495
-1.250236619725314,-1.2731057262673444,-0.9756966328662952
-0.365733711184554,-0.3575995760244101,0.9130082057100616
-0.3709433534091872,0.7978682566584703,-0.0633101286541251
-0.015845384859143,0.8366988138345478,1.5553563971725768
0.0510431190255644,0.9253204124453112,0.8217919957281108
1.8400914067868688,0.962561678177304,0.9994325549652716
-0.5221107085120607,-0.7641485527564115,-0.2488771288712914
1.55193602381459,0.8499438288063919,0.5924443633397688
0.7133343056454615,-0.2640205217525576,0.3815850850586829
-0.8807734373711296,-0.046616375105823,-0.3822786249218754
0.9906135455897312,1.0636741797041047,0.3259262607303937
-0.0478718894104911,0.3640461605147237,0.74214898704613
-0.3245315864133989,-1.0976704050581614,0.0922552033651209
1.4866336046003308,1.2382652180614968,1.9370192133351896
-1.649028558452576,-2.4122030495688374,-1.754372563732255
-0.390487881468399,0.50729790658745,0.9410365887719332
-2.167331946320558,-2.2949329110552603,-1.8900554671654652
0.3548464448483582,0.2964782011311249,0.9463810931154546
-1.1419493754391337,-1.811680944980296,-0.7186751407957503
-0.3079311488213316,0.0695147695684677,-0.7485160059615515
0.8722794710154285,0.3038777332658633,-0.6149753966411012
-1.4394055406816668,-1.4037221694481183,-1.2107705293950268
-1.262925077723212,-1.6331228472985493,-0.8064298324794649
0.3600736015153355,1.1332699166322135,0.464358385912564
0.7298625935967621,0.5555374252263743,0.4038687293086019
0.3741752922962859,0.3363960567521867,-0.4930513292420777
1.7784758316996458,1.2275573117845116,1.1857234119033542
-1.015488380498075,-1.4776378963762222,-0.8217677430595716
0.6289531391879916,0.2774917055813609,-0.0204804658054838
0.907994026306244,1.159477894818793,0.4778300469449968
0.7007941168375578,0.7731567490589351,0.349542563249586
-1.4882138419508786,-0.0982274270356036,-0.620437513608896
0.7799952896107483,0.8927848517981927,1.273250423505994
1.5728947776218856,1.0668256439074078,1.060312547421293
-1.1970379812934335,-1.2671501892299282,-0.7836168706482203
0.3202586474841491,-0.3314899067498967,-1.2859869569126834
0.7410904196645078,0.7554864168135015,-0.0658236031283738
0.6267791608819244,0.5069869171889966,0.0817374036257108
-0.8716290291446752,-1.5746283053728198,-1.322339166736986
-0.6093492079363166,-1.385353985683336,-0.2684626708215919
0.827382692820856,1.0243611591516002,0.932691797198504
1.408046098433074,1.1272482829167914,0.6666047636676093
-1.0907474827945964,-0.3567565160123426,-0.8814029965384019
-1.2372521114415354,-1.4870748058911794,-0.6062283700825706
0.5688565700863861,0.9610346680473456,2.157864988030583
-0.0025526029957693,-0.246894181439822,0.1036434956443065
-2.167331946320558,-0.634290253058244,-1.331999446500346
0.8235369148512758,0.8943130314942949,0.724206986125817
0.194360747720116,0.0315946046943894,-0.3215526183109321
0.8093140119095754,0.8680719074955606,1.1071901046376382
0.1932533063813047,0.4859442543626452,-0.6472712837257897
0.645701991739811,1.2326605647391051,0.7196585370803216
0.6562251157982127,1.1545375599800622,0.7541700463483569
0.8495631777207361,0.2789638075426518,-0.2891434192698606
-0.7001128860769035,-0.2741784123340124,0.8915011009358782
0.3633233432899284,0.2870670831032925,0.7407048462583288
-0.284202176344686,-0.6301880246192425,-0.7884343434855777
1.145959087324557,1.065935834432438,1.0678962333138278
-0.3660165235279152,0.5214292722394547,0.6979633590910503
-0.7592343330003033,-1.238541231081379,-0.0329345197675201
-0.6598153382006418,-0.753961869860841,0.1961879081568439
0.4564997624749413,0.2919027492388705,0.1663177829483198
1.355019416419711,1.1715895319109142,0.96437941841978
1.4383886266717207,1.1412551967726865,0.9527645702000206
-0.8369579040622812,-1.4190042038845108,-0.4591457419670195
1.7693379402008538,1.0887600814830862,0.6817772242730239
-0.5166002596873208,-1.1212289265090014,-0.7201005911310162
0.6855060967815673,0.1259359917250077,0.9319970601311196
1.3188620400898223,0.8244482310124847,0.8334036948330352
-0.0199389672940985,-1.12838481844295,-0.4609917739775946
-1.4647020631572183,-1.2697836025233151,-0.9235354707156788
0.7411597763687722,0.8066732733970629,-0.3373518475457605
-2.039887298834746,-1.8474906459744307,-1.1684672263393174
-1.7449957057130263,-1.3575870819996303,-0.8557820564841438
-0.4651444821442757,0.3941111708986574,0.1400699640611527
-1.1233574868994345,-1.827202793330198,-1.914887687972116
0.4190470432872391,0.8963371120288248,0.6795826886701084
0.6421249312962871,0.6657608409620159,-0.011273317247508
1.6643229341605816,1.2175585768394537,0.7810035079705396
-1.7676766806123283,-1.3798639623997888,-0.9696595299439668
-1.4584147191968884,-1.642514950016703,-1.080604357889121
-0.3388756893110078,0.1839558547487071,0.1558062057450157
-0.1172180286602948,0.5614703804855222,1.6592429497576715
0.2178700502184228,0.2271208592284825,0.865403519663106
0.4839195111104303,0.5213120081180029,0.8082506998104437
-1.389563088492233,-0.6692407400248017,-1.1503188992663025
-0.1171718753947908,0.5026789256098325,0.1586117246342483
-1.6703313108429645,-1.417661398679843,-0.7298088706033333
-0.303609595855034,0.9210216389213356,1.954971784123412
0.507251364925045,-0.1583849477873732,0.0835146150303326
0.843855309686062,0.3728786016017237,0.650722252811415
0.823984284012055,1.0269938209865237,0.8143115008311973
0.3689430564433639,0.7518556572603055,-0.0177531357370346
1.4042062048408734,0.4011593198652224,-0.0639273650260314
0.1993048991327181,0.5957131763846053,0.1460256178544989
1.1597966343254462,0.4856561762908644,-0.0869138319980435
0.8701355088933931,1.1629503098951035,0.6587812954832359
-0.2914914103532563,-1.0679268552135484,0.0959177277083402
-0.1927836413988592,-0.9153335582639148,-0.287170498574306
-2.167331946320558,-2.046574869173396,-1.7531279904216084
0.9625423605555764,0.9654111635702256,0.0007638685890265
-2.0464084481375635,-1.2222583262876308,-0.5403549854133678
-0.1014090304535246,-0.8376092259397186,0.6199954926724889
1.141201277226762,1.183017444357262,2.024764879802453
0.7092544474189755,0.7434471830242614,-0.247055559937119
1.6234482202488332,1.1548061683836328,1.316889242101155
0.1221822047914979,0.2586887329864109,0.2354225112499688
1.5893146042776582,1.1618542080365324,0.9517121919630528
0.6900828121495582,0.4852336130756413,-0.2392865851529179
0.6772236358353365,0.8404558047044005,1.5445786577348262
-2.161599416406869,-1.6975596913537785,-1.424747811065939
0.599004099725409,0.9869850895057484,1.596374898309797
-0.6039060973430466,0.0331852968252575,0.7803452055910247
0.7836250557531361,0.3571647143303009,-1.0418327658552602
-1.9341822955622128,-1.0555893109942178,-0.1244877409177851
0.0811610779601264,0.876118621576163,0.8961426949750932
0.3976470480294035,0.683932725587059,-0.1331576555152262
-0.2339854330803369,-0.841204161106388,-1.218177693149424
1.5149247956513243,1.1294754648626175,0.6689191190788064
-0.4379077388665958,-0.4408813430557211,-0.0213275960344218
0.9590241194285338,0.8079741523869234,0.956661928805678
1.5034402271884504,1.1957927918573652,0.6264785178317286
1.084955828929669,0.7999163332686228,0.2292589372392221
-0.3487317861982501,-0.5963706927849545,-0.4339633583591145
0.4769104207624722,0.5521800979114623,-0.0414374577626856
0.8532834823844303,1.1444656918777518,1.3332817614450745
0.3656001271515327,0.150360202982027,-0.0700185966308621
1.1160084818469862,0.9014520521466876,0.8649296662939712
0.4382952427412754,0.2448966790526479,0.2230689434395702
-0.0377871964755999,-0.2199699291629652,-0.0385405267477599
0.7802530818314615,1.010197525339187,0.6087974304033171
-0.0255773885665653,0.1772167408649699,0.4670085917795614
0.9834591403171528,0.8880681080709901,1.0845476295675862
-0.1049474346445717,0.0199888963909728,-0.144415304250736
0.7807902888235808,0.7305587736103777,0.4342135970496935
-2.098936241392605,-2.714889300425052,-2.653637303753207
-1.620891047379457,-1.8062014144321576,-1.1870059876409558
-1.2672818218575288,-1.4610927975273165,-1.1008684870055592
0.1216291578156245,0.8328180078421988,-0.1281036691549762
-0.7811220658063655,-0.9568167990643668,-0.4309798138144913
0.8808797632817983,1.043401200498739,1.8187035178172783
0.275886731006742,-0.5005478910210958,0.2058220455951292
1.0737066402102746,0.2460116340252095,0.0496419435594865
0.0197662347715732,-0.6664549882839008,-1.3845712482305017
-0.4285787678791141,-0.8083284259489387,-0.9674472917146912
0.7777380600036371,0.9429743775126872,-0.155174496986399
1.1867773331033395,0.974066855004769,-0.1130429616914283
-1.177902179290934,-1.2087485432356142,-1.1214580583445075
-0.0611066619988643,0.193407198742549,0.763343848795142
1.7859284591987084,0.9756180895084168,0.3230533312056476
1.0694261693134712,1.0205965402472503,0.9385934782613216
1.3710550353046709,0.8308050782061671,0.4032067633454313
-0.6114524377209711,-2.232075294567388,-1.8760021351304328
0.0358957146484216,0.2086701678715393,-0.4107974485642445
0.1186957926011946,-1.3764697012417948,-1.7439270508472005
0.5495661046943731,1.1907502488805315,0.2590301704379676
-1.3481483990265268,-0.7195672709506745,0.0417082996680582
-0.172129015191441,-0.6232355680175675,0.5568235810118702
-0.3845340897214939,0.3988360452224057,-0.181416684989587
-1.1713496184251253,-1.1133728022490827,-0.624369261584485
0.3235965462884333,-0.2683708941424239,0.1095035900897799
-0.1943419282105901,0.579026001640057,-0.1403141989804774
-1.2938338633215651,-1.0821944905414584,-1.4299027192022962
0.5334758545908865,-0.0199384750314718,-0.1444612835663105
-0.581102869581499,-0.0152708554649005,-0.1668580132432907
0.3389724176341042,-0.7979014511321585,-0.9442492220049128
0.313294413804474,-0.0227466550151273,0.4769087778019105
1.672766120300412,1.179943460642218,2.3238066435085085
-0.4964777630023401,-0.5575826481013924,-0.0438103135832432
1.8400914067868688,1.14103517994309,1.3588247195427314
0.087164251153751,0.8416293379364482,0.2603731723944081
-0.1217772901469247,0.5409590827696261,-0.3618323573425834
-0.8046394456190792,0.0101307005802024,-1.1667645540894414
0.8051295936498033,0.7978304001287418,-0.1165822381792093
-0.6280733285758148,-0.1595778157876963,-0.6012446071729778
-0.4463227404374761,-0.7064722986669505,-0.3603310337461285
1.3459685234881864,1.07110691116129,0.8009906065545397
0.7389816748763746,1.000564967048414,0.5425418878916554
0.3322276211019662,-0.028388661203343,-0.7254654960178959
-0.3448888100135852,-1.806010052484345,-1.3817591129701885
-1.4513410471342518,-2.3425676425102213,-1.389044129105251
-0.0715793035368809,-0.8440018779561622,-0.4345312066693604
1.0291502903317356,0.4077646216114847,-0.7361913014420611
-0.1031457479104211,0.5610920258160198,1.108474868263407
-1.1495983589729672,-1.2767607969807144,-1.5474480915724824
0.6356588424941223,0.3606540135161885,0.0209801341837012
1.8400914067868688,1.220460719289374,2.0274930996507967
-0.1761938258264885,0.2800335973059091,0.1477522333608568
0.3654531598871283,0.663562171579041,0.5268267107989233
-0.341756727936816,0.2564053572033026,0.178929936901876
1.2414437471077229,0.8035020146252138,1.1599714777408312
-0.0785832898973809,0.5851541010480856,0.9229508160955106
-0.4018174311325003,0.214793222376764,0.9342525861085048
-0.5607021885517657,0.743688474768688,0.5658029064471563
-0.086122723579506,0.2251845300083608,-0.506876256191101
-0.1074269846656318,-0.5901165194519832,-0.7646147415051181
0.0859281070441802,0.5502321905296089,0.8601373235987181
-0.8791675711527718,-0.5377648427015239,-0.7922667548362416
0.7697044628153432,0.961849498304834,-0.4060911781747364
0.1878908407499751,0.3448319209628205,-1.2779670675770325
0.2228479886494828,-0.1151234090073157,-0.2455173190707028
-1.4864532621831317,-2.285774545798588,-0.8418507768156254
1.0394967899052856,1.0228548094103038,0.8158891285540631
1.6665762710942262,0.9516730946293256,1.1440120348629892
-0.9336433978927996,-1.609793234239628,-0.8022567533115953
-1.0157929493595272,-2.0726178214546933,-1.8380156771520808
-0.1980874223223218,-0.6808998080953489,-0.3141397880811119
0.1250090122640422,0.5383709619480567,0.2661079890881747
0.6701199916513378,0.5936883531287918,0.6321625624567355
0.6876229276080572,0.9769429350003036,0.8776521339186387
1.6800191426913629,1.0689264865507202,1.2357537766259623
0.912184455362783,0.2245791636303228,-1.3567756154595507
0.2619205802153606,-0.5962671195596686,-0.5382996099580385
-0.067545912747397,0.171382389355251,-0.3476949063261487
-1.2996088096616958,-2.3730051195537984,-2.0485808951642124
2.588586866059877e-16,0.3272799887463419,0.0910511369079251
0.8536604405475499,1.0779517429480088,0.8350764441100232
1.2831409578698505,1.1496140473666558,1.9591606216797328
0.1094929731948729,0.0294195034159896,0.1027884495215269
-0.1467693736487787,0.3832501145251662,1.1672449611888984
0.6700609697352479,1.1067956310613036,1.3949989359846011
-1.3452470681512931,-0.3586861665167525,-0.6468529927251492
1.3314561112717114,1.1211697570469024,1.3177928662385423
-1.858491899179011,-0.5883973657922071,-0.5258931270607534
1.5878976260839104,0.9794143598419548,1.1380589336185567
-1.4298342532109147,0.2862472624234046,-0.6440451972901187
-1.0896932895276432,0.3686028558052646,0.1370113435285303
-0.6181846909324225,-1.1826525926747842,-0.5459282749720044
-0.399823186368482,-1.0755627347543446,-1.2257250687326022
1.192343948594026,1.1954171055883895,1.7955932501403138
0.5696159610069594,0.821805756199838,0.719752252397467
1.229376140833354,1.0001962425284274,1.0465456398611226
-0.4075020441241389,-0.3776689084040703,-0.5150844464321053
-1.047713441113857,0.0341102669837616,-1.583517702608665
0.8631131577849406,0.8612163931854206,0.0964461211782693
0.7219368466203954,0.395388446645267,1.343947612988752
-0.6316343758493489,-0.5538732465567938,0.7848118687890963
0.0776427937102576,0.4405115682412594,-0.2490451861577968
-2.150612696934011,-0.9558236736277514,-0.5203825522189817
-1.46533829660787,-0.7815929536202014,-0.8262865416774233
0.500108538494239,1.1274329560289151,-0.3236451078012329
1.1941895367723323,1.0641632856113996,0.6957305671837141
0.524721588616565,0.8797124216104797,1.5262416777595411
1.1581913824567978,1.0556484466944578,0.6170726642077429
0.7900761788999898,0.9030331882973538,1.3095067588569662
0.3603244211800822,1.1062636671308477,1.0549360619470545
1.4120075566652617,1.034964096737993,0.4141232958988409
0.8408234554086517,0.3049584934344957,0.6625258119315746
1.8400914067868688,1.155896372784781,2.387091082854681
0.8175762504528415,0.9631029859770808,0.069160945954861
-0.1194797918116731,0.4305923285707854,0.7828623552562222
-0.897779256595216,-0.7477198923808013,-0.4631306966613194
-2.167331946320558,-1.9801041498026837,-1.154397700209519
0.6918788060565965,0.8576821918203644,1.187018425773658
-0.5655608800567758,0.1051023202919349,-0.1991156827112899
-0.0660081743783539,0.2567489320546677,1.7935738926768114
-0.5243997080791349,-1.3580924891911192,0.0779901304648954
0.3472081461038419,0.5301096046415144,0.084210455996351
-0.8862789982724738,-0.0517283433012066,0.607181944227007
-1.5082723999458256,-0.8277817417164184,-0.530001047254704
-1.7788149783647889,-2.0778824497533623,-1.4185345350735117
-1.4264223375056564,-1.9697268855761445,-1.212703075933056
-2.167331946320558,-1.9120375948534172,-0.7347426719431873
-0.2034392519260429,0.4548695287530376,-0.380961955880061
0.3278324508612384,0.3803948128516506,0.8122608130450145
0.1024548659434276,0.4239065912744383,0.8347995213024443
1.0872502420554184,1.1864388724201245,0.6989367362721995
0.2401928533637502,-0.3176066422601871,-0.6629190225094168
0.9416480593414256,1.033091628722257,1.6678424514272898
0.8923225396235653,0.2662078713281592,-0.0068352812368099
-1.3023119273166186,-0.059441190122274,-0.4946689816624477
-0.1946142094294947,-0.0352661417913851,-0.9850621684261306
1.3469269972104785,1.0121998879995768,0.8526176455213109
-1.5229827806790337,-1.829443728397227,-0.9143124955186572
1.4011737301685123,0.9244262563705128,0.9609209588180186
0.9588805932385884,0.8810550797373803,0.2585045554065058
-0.0465827584154332,0.0139773287660119,0.1224192987833016
1.6823760352139212,1.1967119020555277,1.3687409156890875
-1.2969280903735392,-1.6809919788121437,-0.1901055966133444
-1.124752696703312,-0.9427292577379202,-1.7212287686292236
1.289687358599814,1.1405639876420774,0.6732105350010499
-1.8529232130337887,-1.2248195018335046,-1.6068117295976714
-0.9984373998163356,-1.5496432788671342,-0.1358342619391581
-1.175080857315968,-1.042428365680071,-0.3227828398463139
1.7650609390557916,1.1776439410544837,2.586187650149074
0.3071402480676671,0.3609527813698073,0.2518869426449122
-2.167331946320558,-2.157805386431236,-1.4088973737544328
-0.8976154691362963,-1.609951688758933,-0.7663504262308766
-0.0421824773094669,0.5551048782116682,1.4764820072946945
0.7487770747183278,0.6963550510717926,1.677964000053182
-2.167331946320558,-1.8650521448188668,-1.0460325738994332
1.016419280515376,0.8463276508442436,1.290111335644314
0.0589972529405659,1.028838901807248,0.9175652726884648
-0.6776346434764451,-0.8262231089163076,-0.7513203833730899
1.0374681989072168,0.7080520938560514,-0.2744440481681731
-0.8660816698951327,0.3199042672220585,0.2500744333626979
0.2271046222273549,-0.0012276755421603,-1.5305746274024372
1.3799506217321864,0.5423735104526454,0.6356781414504458
-1.3070856205142285,-1.5291393421834227,-1.4906231156318497
0.4040164629738819,1.044200113782105,1.7841695382985128
-1.4019227034203243,-1.0454289293217651,-0.7109250766653797
0.7748967765119256,0.4026202131369268,-0.2436345509126043
-0.2874807921040161,-1.0723108478910506,-2.653637303753207
1.6236991810863393,0.8606634928413244,-0.0508501234412496
1.3576844135899742,1.0593691338105955,0.2002461886553508
-0.8782214003778627,-1.2794614333112464,-1.1457287006628318
1.8400914067868688,1.2421429571318725,-2.5597385050012448e-15
0.134072504075972,0.4366823741709535,-0.6404997209540209
-0.4751320395759353,-1.7394437463102768,-1.287739334283939
0.983209668492528,0.8061231914753962,0.4295800152165701
1.1784251042284086,0.4160758633581888,-0.3954399527423791
-1.527201216660153,-1.7865871416007182,-0.7873259098628453
0.4936270081602382,0.8017895955405501,0.181377478669948
-1.489202400624448,-1.7749816045499152,-1.4878846003577866
0.4836280324553048,1.040900411573383,-0.4071597344448175
1.083345638062329,0.8651040966762411,0.7010271152222769
1.1421395312894185,1.1703895057510498,0.6491473021954572
0.1434544873578481,-0.6865307837037712,-0.9224265331938952
-0.3416175987848258,-0.1094574620671854,0.1619271195829475
-1.4263346697655177,-1.2709960485243377,-1.7947657002859558
-0.3563849775412781,0.0134010039580035,-0.1310635354681957
0.3984714889113958,0.64934586161694,0.0959573098720827
1.431837472886395,0.899019588394281,1.036221389372506
0.8253956680288996,0.549312849004537,0.0990420172619077
-0.7963586490281994,-0.2440173988173551,-0.6621228865721561
-0.2505453016006492,-0.3514045169023088,-0.1066122440386219
0.8615248207891274,0.5141822867535545,-0.0901941700335953
0.6340388684917057,1.2215712253017004,1.1249317934405505
0.4796823514051844,0.7044079076406913,-0.4073091666495662
1.8400914067868688,1.084169664625687,2.6148680655303416
-1.7047018802876674,-1.983434372342794,-2.1280014730072603
1.4364937478860418,0.9638703944370702,-0.3015950323532418
-1.0350987946277836,-0.9035439372756788,0.1043242588637832
-0.5235515795297172,-1.2197646251157843,-1.319993242530487
-0.3161699126459878,-0.109271122217968,0.0622371502017448
-0.1167551977906087,-0.0227732870267961,-0.6669323991651127
1.149843245379005,0.5850127830714708,0.9721660775477032
1.3828543741205723,1.140142286396483,1.8385649998482276
-1.4816501740927197,0.085375992355067,0.2264091216371764
-1.2071049642427956,-1.895285829483156,-0.8186407302648984
1.3389214658500004,0.5345513468422607,1.0775261864789605
-1.8589291786533733,-0.5016941981615194,-0.8117507140586612
1.4995234194082447,1.2600467791708825,0.5096761950467834
0.2708938102167528,0.5049355352342895,-0.0740913084302235
-1.5867827483908843,-1.292132305154762,0.1721769925417768
1.171318236531682,1.0537900896891963,1.5083459178991434
-1.0429900383332336,-1.9447405359636944,-1.245620655542626
1.2302478951167295,1.0465911093260136,-0.1517093758718159
-1.0146214763131476,-0.3162554010743997,-0.6435664644051574
0.3221896080464791,-0.4022502836243833,-1.0662100972697603
-0.1250630214710652,-0.5502147961746664,-0.1000217173428288
0.4110156963673798,-0.1459683376069548,-0.4096834013500591
0.1253594125468213,-0.2038325930283565,-0.4731915112050776
0.8526098902797298,0.938981557921943,0.4255522776941274
-2.167331946320558,-2.298736265316908,-0.4912157584746785
1.0823675643955777,0.1924990254754721,-0.3141245514820724
-0.3358730967375783,-0.1545365306764755,-0.2663433952952361
0.9878028938417036,0.2522916333576726,0.1296544994652008
-0.0958419586646965,0.106363733843179,-0.6637126011089436
0.3802849487380221,0.4969988885200839,-0.4275881596902578
0.8025504574903907,0.5650307674876949,0.2916876894341025
0.2558571305636155,0.7593550873378315,0.8231535006056728
1.595230854902096,1.1158416870249708,1.5781718165152734
-0.5337378834693737,-0.4284771601919187,-0.5160165250067056
0.3658145390863998,-0.1065626838643686,-0.488372941635303
1.6608771590763876,1.194652941930821,1.689518712075355
-2.167331946320558,-2.07668485243874,-0.9649389169718652
-0.5535565335008735,0.3668841268835144,0.9881195934778972
-0.0622767134247281,0.7508953398377527,-0.8909699451455128
-0.5807380034362725,-1.4893091446723845,-0.6687229971039828
-0.0970208862607171,0.718810765448176,-0.0212770666330806
-0.6514182170748237,-1.285200773880835,-2.331603383714648
0.962511732476106,0.7911290690144837,0.4557095654212726
1.8400914067868688,1.2013503233652858,0.6112960248704782
0.6355879217852407,-0.0712147455920302,-0.6580863433743596
0.979129524917032,1.2346489068872533,0.7095036900387284
-0.7279482477892325,-0.5152989901087693,-1.2141953739879316
-0.2795813609755904,0.2972847381386465,-0.1307914027270185
0.198183450706662,0.0432787677695139,0.1491212239619615
0.9124447944422877,0.4153095605284354,-0.3469923571812047
0.4786281240192873,-0.198617651136221,-0.4609493966204296
0.1709052007064752,0.577487780825201,-0.3591809266962219
0.4894894393692027,-0.3135150231199245,0.0120800201386816
0.442628359707037,0.8278383338848677,0.5068312016854194
-0.5507379650746339,-0.5981715893515729,-0.5176763503527984
-1.4191271428629737,-2.3744180270610005,-2.0304531134425923
-1.108555575703659,-1.7649211143415382,-0.62030508523741
1.5391086642054026,0.9195197405709052,0.5652054331088838
-0.5046994321442081,-0.613084245258931,-1.192391583720793
0.3921046495882834,0.3744135418358961,0.8945621143031575
0.3873101264890433,1.0223866913568718,0.7295339927429961
-0.5176037703621671,-0.699710600093284,-0.3596230070118583
-0.0069076729634431,0.7245293696573473,0.3998275001145555
-0.5094502759715347,-1.0057777626316349,-0.5269521585776844
-0.5589927589887014,0.2093139741146276,0.927418028936064
-1.1536107317547473,-1.2281410007331492,-1.0012408112219475
-1.998863643059258,-1.2145440949781912,-0.7443401364442293
1.0588119591467149,0.9805523846675528,1.6850366382811812
-1.708841105912276,-2.076264851350824,-1.7482772903185526
0.2901369407134352,0.0575028895329192,0.4338738325546175
0.047094383188486,-0.8251783280441087,-1.291492680159893
0.9892768346534055,0.9316092931679506,0.0869179018339194
-1.7884839837184845,-0.056182303637945,-0.6935034460534487
1.0145902614310425,1.0889007066164766,1.06576242573852
0.4195081043595769,0.889459494204183,0.7325768170681418
0.9344203142123202,0.0569078119947958,-0.5877590265459212
-1.5961337978711547,-1.8278609643225283,-0.9409811088105672
1.4699763866974556,0.783648590478145,0.4749641265276818
-1.6606226318258894,-1.82733080495053,-1.0123482253087936
-1.0274362325142117,-1.78342036961809,-0.7615238350138465
0.8168067386540864,1.087962704777004,0.0182875949267875
0.7583093368424316,0.8550983760787453,-0.8653050471642584
0.1562793092419124,-0.7574230861328143,-0.0420588241882829
0.1816658686381953,0.3134929889584923,-0.2973557018220897
0.603056132942871,0.6588124004185693,-0.4110290435610468
-1.443647733002029,-2.095571773983918,-1.4461393808613212
1.7831503169933085,0.7740463988629422,1.3065423763773538
-0.0735729676086208,-0.3876126566596991,-0.5376068132713516
-0.4437371286981427,-0.5740936201265617,-0.3993624365122634
0.7349445345400211,0.1907600952595297,-0.2582029150435507
0.8604136016929274,-0.7026878541620614,-1.3399909313743403
-1.0348120679745418,-0.3741551935968079,-0.1398639079315359
1.1689808325206124,0.8704461032032614,0.207502315881755
0.5416364596215121,0.2851631690897286,-1.16863798529282
0.0472809508800075,0.3156658779071732,0.1766890502281039
-1.00824021264308,-0.2655254523932363,1.1854018450243915
-0.2860516290310934,-0.1158089372585814,-2.109865330226296
-0.2848444467763246,-0.9033589839966386,-0.2481669038727955
0.1725551061166622,-0.0171160553037537,-0.6025657889290781
1.2469552389597007,1.1515404510497986,1.2498055847715333
0.7572413417477616,0.4075437939711435,-0.7954309749906041
0.2930641348105861,-0.3052468750724252,-1.264985231639757
1.3866651698867738,1.1483991634767847,1.1122958556889924
-0.9680083123659196,-0.7758425383987629,0.674481585359282
0.925186787212174,1.0784912636529738,0.4243536168629163
0.5103726701465218,0.3804199192514338,-0.0307023830463182
1.160401914514828,1.0902730960698233,0.7449446757677549
1.1420176925050742,1.1685944959892778,1.729343880646942
0.7905396751657613,0.8258531403077916,-0.3232177726714926
1.1208173722724286,0.8469443622576583,0.4399404697738049
-0.5256174204645049,-1.2680116192358255,-2.0885106812006757
-0.5654426739149956,0.7997337240477451,1.6163004010731457
-1.9230377803870489,-1.4320646072491858,-0.5620348218460426
-1.087179467308853,-0.3791636570440794,-1.451193240635437
1.2624833583711863,1.0706384256646004,0.9575601250954195
0.5317652011959303,0.8176435461305656,0.4734929877243979
-0.8669153749006246,-0.0675037026803195,-0.2107528961370817
-0.7762143926368145,0.4977229493781001,0.5693264767243978
0.788994905457906,0.9362627237989484,1.398515782373226
-0.8166739991136541,-0.2972742582765683,-0.5474061454270646
0.6751099253115226,0.0605624219444793,0.8566038295395065
0.7928592685009146,0.9971717121788968,1.1658655467171817
1.057582623134875,1.035627573253756,-0.5179359128838349
0.2278244774103585,0.3106995362778137,0.1063776906502235
-0.6649437205549543,-0.3606805427655125,-1.410615369491391
-0.2586472342497899,-0.2442909055635744,-0.5706557375302163
0.2305018048979406,0.251769586749026,0.1598787881891002
-1.204263859936101,-1.1638071785834807,-0.824113831354173
-1.0307643103333564,-0.4074447749575642,0.2544342614970183
0.891090282159874,0.9542155267640609,1.438424778093333
-0.2346022807742939,-1.431781725736769,-0.7744464937418912
-0.5074180434938049,-1.413119228120797,-0.8603844803298827
-0.1563489888509345,-0.5156301184967689,-0.2434263712941911
-1.0200253679573033,-0.0770231696681415,-0.1226496395067928
-1.92618363491103,-2.1081770133847693,-2.6135434196189293
0.0667872647915595,-0.7169628142896135,-0.4395511907290264
0.0185219117916258,0.0537720356814273,0.1620366443059474
-0.3665681603350023,0.5509893827957674,-0.0798125936403459
-1.048279605746091,-0.8223874537528977,0.1552050930796278
-0.5314200081391552,0.2120177555716995,0.4973497586109774
0.4589184884956496,0.11795617646574,0.10245711978036
1.0089256890300875,0.9296683949755118,1.3305829652518826
1.503343455523528,1.131413437401788,1.5553692675586546
1.4974121094528885,1.0724848836632122,1.1620877478935767
1.3408968971850457,1.2385712876158967,1.7625494040512244
-0.7256555098208507,-1.5929317129809408,-0.1635360098714092
-0.6029134371462426,-0.2751482327443342,-0.4315564913713254
0.8179527454988467,0.5660100857541052,1.3062216570439853
-1.119470993377898,-1.3152209857062769,-1.0180959361109967
-0.1304447136970652,-0.5699232105138743,0.4577295581273674
-1.1405051854152894,0.5668904447566017,0.0874411280428764
-0.6576543665384522,-1.3327830881940623,-0.4265427574212839
0.5020894867569676,0.7132055200581918,2.0710614108946803
0.9867036018354548,0.971945511218952,1.4539566894708316
-0.4087458681720388,-0.3735266133083633,-1.6889152889601022
0.7414620418054901,1.083912510794757,0.7155048733525953
0.381078350362565,0.0184099420602104,-0.5130195577827522
-0.0196461180867287,-0.2978474185893502,-0.3607362769370626
0.5713373301790707,0.788591359376161,-0.2096415927611836
0.4355002863230591,1.0451851428879932,1.599065528379263
-1.7451130274831477,-1.5589486542653852,-1.5724983348971135
0.3840730221108208,0.8185752882782021,0.4500994217769477
-1.7632990988557211,-0.0142579646097317,-1.2552560600077949
-1.5298487479887133,-1.5576504051043107,-0.2707658753214306
-0.9162646378338182,-0.194306253047934,-0.9400632433266756
-0.7018038850202273,0.5040432375688244,0.0941247705076985
-0.5507384934083667,-0.5946065277096558,-0.8796039242765373
0.1339188976652967,0.1347129621384041,0.9908760202389446
0.7014105276288505,1.0784903608723737,0.559089139158338
1.8400914067868688,1.1212334782876003,0.3530155472037852
-1.1584164857199195,-0.6192629823062529,-1.7038337364333924
0.9164239362159936,0.9575444984364316,0.950551561694956
1.5288200752131158,0.9759240026546472,1.0231050284703256
-1.5815108129750948,-1.886945410348196,-1.4695398250638956
1.1832654237758498,1.1275800801671894,0.5148086492140695
-1.7820190230770303,-1.2534852650481094,-0.9221563480769152
0.3504038161883644,0.1586487401352168,-0.3334403482708681
0.182822849489844,0.2929078956879046,-0.5284185600323196
-0.8931477698043514,-2.0394231692261697,-0.5159691205121483
1.0893999679698043,1.1114003231802394,2.0474936226473286
1.0042911017158995,0.9829798924894306,0.6243423134664944
1.113599288560917,1.077155138977874,1.655439579741247
1.8400914067868688,1.1869620647872985,1.4467117856313334
0.2240663042109255,0.644159510667612,0.9662567682227444
1.1012123812563677,0.9169216509042376,0.8681236958839256
0.1692351197991066,-0.2375859943912422,0.8496652074653025
0.4048740378977906,0.121134211146311,-0.5661361962742897
-0.7002926044886996,-0.2282478433198609,0.9854149828555318
0.2306451139199749,-0.2410870790621122,-0.8033832632937492
0.5035033976218776,0.682576327505384,0.7238273509798794
0.8644267739560529,0.965676333250052,0.7719676558472283
-0.2285361080209938,0.5618130870688548,-0.0035083921960845
0.529249479152728,0.8634941708121945,1.6121043016729906
1.54655124663772,0.8835343152450122,1.3895920571750648
-0.6610784013159601,-0.0810946044928136,-0.6293290039432611
0.8169871906379153,0.580596858212493,1.0740460273526409
0.1873226265921366,0.7940918313388016,1.152567917822002
0.3389691604190846,-0.3134176404078603,-1.324304185568142
0.7493516163342216,0.5900857356336278,-0.3868751105937112
-2.167331946320558,-2.6064096495936973,-2.3389480573316037
-1.4032070352623045,-1.2663099808436251,-1.1158476274153293
0.7165944948079503,0.8502612703391582,0.0183898213482451
0.5624491395092863,0.5159444888528854,-0.0668821787594478
1.486106853660885,0.5553814540085525,0.6318086655296042
-1.672607890113242,-1.3741905931102063,-1.7595247854824625
0.4921034141294907,0.9461352692974808,0.7066211042639347
1.0171495180104708,0.5368357974624505,0.6484342774115931
-0.9391870497521816,-0.5809955697111954,0.2116542630966763
0.0985621223538357,0.3207915994071399,0.2059999906323978
-0.8372075750531438,-0.6910447353394745,0.6041312518262489
-0.950634413910488,-1.3982281979400977,-0.6441867049809731
-0.00219037585379,0.6461018120026115,-0.1997584714034611
0.6463891021363843,0.93207234167692,-0.1607249412523033
0.2578672630148373,-0.8296399275424512,-0.8884343397914349
-0.4579652115851692,-0.7036956377001781,-1.3594479830609916
1.121612692311582,0.7927379283790534,0.4522927626066114
0.6679886921526506,0.3187664207781366,-0.4747441608923151
1.3600927691523963,1.0832239791112572,-0.415507099748239
-0.6578618195539954,-0.2330667227640667,-0.0510953786110162
-1.0081934097696967,-1.049210511040742,-0.6951950600118216
0.3031426988504834,0.138543787595687,-0.5955314994824066
-1.3577665484008432,-0.91201346478988,-0.330051650968187
0.1361415097832365,0.0538270409028817,-0.3825373004720991
0.6994982617477216,0.096218493760527,-0.9437413341005658
0.6775197537222065,-0.4513550105827105,-0.3860981045309681
1.385520057506309,1.159151703359995,1.8445169886839576
-1.867857009700904,-2.167489772330729,-2.653637303753207
0.0444095024577304,-1.2322726010904224,-0.6040204435338817
0.472264582483915,0.8196954423739501,-0.4152522542064001
0.2281979333222842,0.1274147436155721,0.4958925252541358
-0.5952813234362182,0.016991409821001,0.4903205269064744
1.326520477813416,1.1372020415372666,2.230497048792145
-0.1412355096506906,0.0441649914546667,-0.311046093975417
0.0207422898399303,0.2469402858087777,0.4206011003562268
-1.0869005080241512,-0.7026696011466401,-0.6835129215987088
-1.4281535167505253,-1.8206166240508328,-1.435807346886477
1.2704170446313487,1.193221950234102,1.5217118141730035
-0.1057760526606529,-0.6929940454806494,0.0280451683254037
0.0310415573758769,0.6881538289403973,1.618754704254856
1.1359132588507086,1.1216751736518644,1.3837682291764184
0.6598979490340415,1.0550231132162016,1.441972752461899
0.0908220323692534,0.4378371425045253,0.8943829517872676
-0.1420160126393791,-1.7492353662057678,-0.093944749456497
1.6075149182050683,1.1961749923975311,-0.3063993638373892
0.605372284204529,1.1081304391439828,1.6386764097979738
-0.4909355866574456,-1.172056702479931,-1.0202596911676571
1.2037524459601865,1.2095105380295894,0.9348410148947064
0.4491569969919928,0.91827097231994,0.5459390902497844
0.1649745992228038,0.5229979579507065,1.0643084364381872
0.5723132159553368,0.74536859985309,0.8015410742697199
0.3680355913347274,0.6401366252133267,0.2740812076915857
-0.0437820770869718,-1.1452601192959673,-1.9350254480152709
0.780458057216728,1.0258685734954054,-0.2925789203407093
-0.7747419695425692,-0.2984799893474855,-2.047755789946188
-0.749342159466043,-0.6649955364102431,-0.3743110141238538
-1.6305731551397369,-1.6397420676523882,-0.7197531354128839
0.1885772904927309,-0.3407873300815178,-0.6647055345358452
-0.3287532895826076,-0.1844905991462648,-1.2109452549212136
0.6377916720131224,0.5402953594795092,0.2384338904612424
0.1008015672762969,0.2445509404927931,-0.1172146774428581
-0.1649542171752755,0.2976639070858187,-0.328126855706182
0.770832631519318,-0.2783325416129952,-0.6764519237523418
0.2615559819607967,0.3666523852757946,0.9943560969989506
0.8427730377303674,0.9483017020757712,0.722023633769002
0.6563605918604903,-0.1361562691154288,-1.5327755954802784
0.5730558775451654,-0.1159923930691437,-0.8757150820601897
-0.1639754828901758,-0.0248240475958112,0.8636007127590144
0.4914654469708009,0.6635988198182803,-0.6656046505354006
1.207243058972553,1.2084970367653656,1.628338682879043
-1.3359451251799268,-1.3995920420858352,-0.9027906809049744
-0.8113985715173933,-1.0105455017625775,-0.756541655172748
1.5760656966416098,1.0180028641800538,1.9666411988268164
-0.4713705578085238,-0.5322605909822042,-0.5910557117308598
-0.4464531102356782,-0.0434048984092803,0.6389242954482057
-0.19236871981454,0.2377057848224685,0.1289609158375038
-0.7900208651663184,-0.722281603661813,-0.935675568289955
-1.8277690771781203,-1.5614521326210309,-0.1603802235852403
-1.3182613991847727,-1.8501195276744544,-0.8542150772082137
0.9713078235673251,0.9591612744606718,0.4058259971072262
0.2119965505160117,1.047440916517766,1.519610160138571
-0.0047426645226791,-0.1285404218768475,0.7744672588709269
1.488950588557384,1.2514963211338015,0.9980435861905884
-1.471916952642146,-1.585941980172482,-0.8878908097851096
0.2027346397257179,0.1694618556341899,0.0361353995185624
-2.018829746782926,-2.1638793138828443,-1.853126528664541
0.8220483995513472,0.6011074457000105,0.5515111658449862
-1.505146577769428,-1.229571801699188,0.0244098831451513
-0.6503774921853434,-0.9652033526310092,-0.2264607424192828
0.4409435314782026,0.4941611179577309,1.0353590305146532
1.01768450489269,1.1068851147778294,0.0543546350247441
0.272274385751039,1.1308309430380077,0.5622585296018381
0.8817677415942691,1.0996029356184926,1.3266074612839118
-0.3627049441257705,-0.1782890470068917,-0.0272792476640701
0.4454143360491813,0.4156111038841579,0.0325642695022146
-1.8515330817143,-1.0205849474346154,-0.7686550542836678
-1.1321283342651318,-1.8181560191817232,-1.7622473138831634
0.3184815532051261,-0.6049875432384861,-0.2244424217455297
-1.0378307736602217,-1.2021440756249588,-0.1953285182383814
1.1292810075054136,1.0717371167230696,0.904553552667702
1.206835299609609,1.1751843649869385,1.837765391122883
1.8400914067868688,1.184651759531109,1.6198700045078036
1.459300749933216,1.1240650161983408,1.652467471292606
0.9174988278615032,1.1791176548001063,1.6892634564884317
-0.2567326608050232,0.5235010373938662,1.1068778651023632
-0.7389459259488222,-1.2641297615086509,-0.6739908073466802
0.4255146170599603,0.9706669659865648,-0.0087759637042967
0.6980507466621099,1.2732456114060555,2.0224945860105352
1.4424568738267831,1.158806331802633,1.2913385852543249
-0.5093754801423125,-1.0670039067268522,-1.279054967527243
1.0073434407805988,-0.2634750768329835,-0.2999712982617815
0.8968562966729118,1.0324668065723974,0.7278495965508278
-0.8703867513926619,-2.031600793193794,-0.1666557069438789
-1.414441061061741,-0.7896496708852134,-1.4636055973184996
-0.0882766647002659,0.9511789221953536,1.2995218305606928
1.0002162735758604,1.103147734747201,1.4341891813615268
0.1497952466228948,0.3802948672141039,0.3899953076784868
0.7567705776577525,0.7845379209480791,0.6926172903977216
-0.8159816674861211,-1.1243172259660938,-0.3885083266580673
-0.3241299637184875,-0.421331310888631,-0.4834765694083566
-1.9326917073238925,-2.007900203404404,-1.934802918549798
-1.326792338854338,-1.152546125069411,0.0164802458498437
-1.4126528960749665,-0.0314421282788521,-0.2759007534043303
0.2759417684046283,0.4450214864726983,1.1950390546413332
0.4503912863336599,0.6330216085747871,1.2359429685198882
1.1678475202541103,1.1610020947746778,0.3346541781477613
0.7500099178770627,0.7631101392555953,-0.188752109620078
0.4790093005170487,1.0696127648003164,1.918021240814052
-0.1357196096538114,-1.0215485118106515,-2.1481201083690262
0.4809391441432748,0.2322564780821623,0.42905530414942
0.6896441367150782,1.1555050947197336,0.3412829159804398
-2.167331946320558,-2.500075251391852,-2.203338493891238
0.1073944153973444,0.9024878309100322,-0.8513923525050285
0.3655559370296916,0.9242258856063736,0.6327530880346413
0.9001926823694052,1.0408978791464196,0.2352126209511096
-1.3909884951907148,-2.064672494525494,-1.5313169840277336
1.0069976837190198,1.0846482946924725,0.9049484718033218
0.7577577479515079,1.0002217810170246,1.6501443484228664
-0.3423786431190345,-0.3172007672765883,-2.203765192173535
0.0547002336844022,0.2915482761025372,-0.3870583647899167
0.2411511387590758,0.5222184762206632,0.0420582962308689
0.703589437451414,0.160282553625976,-0.4311323882460003
0.890459269142421,1.0205285420637265,0.5042866145976725
-1.5552552154658663,-1.0379676833411284,-0.4433299319581587
-0.3495027350835233,0.7670184122279387,0.5128182596831631
0.9653732877278178,0.9541449380221556,0.5622836690608658
1.1855786538721216,1.0719863682384356,2.2539397854980043
-1.028745071285572,-0.7068277919449711,0.6436477371275362
-0.4834913640434145,-0.1536890319573169,0.1022194336703882
0.7718431886273154,0.9867773664420048,0.1405528292714781
-0.3948616732084318,-0.691662002309966,-0.4248207117110811
-1.8523930121550152,-0.7886752857877828,0.5997540365567157
-1.2324853274950798,-1.2500615108921516,-0.6087724170201984
0.289706172560386,1.086268782254326,0.7869298841882443
-0.4254554850079544,-1.30363387650605,-1.4506262288992646
0.9334236988803238,1.2034000547301675,0.3637804428143601
-0.4073591088515437,-1.3913223750658912,-0.5654213837866928
-0.3312454329221481,0.5377512660271953,0.5383397627546971
1.1535594182847295,0.7117133143702868,-0.4638043854279869
0.6370499391234948,0.939974117593244,1.279771728863531
-0.4764133374580652,0.2423466157826989,-0.3925839919217279
1.8400914067868688,1.2690360886771073,0.0790242678833128
-0.0945034087944231,0.4616942179693719,-0.8169138097948325
-1.1278695793832123,-0.460090228761566,-0.527428942927412
0.5350588778079113,0.9350756039843504,0.3622787911771206
-0.8595075895691368,-0.790896237173412,-1.7322000327701468
-0.3586113597619039,-1.01878098790294,-0.8031111120732362
0.4860247565180695,0.8376063579838227,0.9800032921986688
1.1449032967264194,0.5045431341175135,0.2205404192146578
1.6363043214093798,1.1407453644958536,1.0923254711119397
-1.24842570427003,-1.9749206930636245,-1.3766458748291106
-0.3605378136505419,-2.1697419029009506,0.0795704633008143
0.9653446387958742,0.9405326962722642,0.9718376552255475
1.376039168628025,1.0682371791273633,0.0525805149730041
-1.453000173401866,-0.6313184293467573,-1.3274788432477167
-1.3867086481406945,-2.1933607354178584,-1.556077019817955
0.6585195858707816,0.3681098160236963,0.0945426476514378
0.7290562734551154,1.0839724861611209,-0.0617301392288921
-1.32466126151396,-1.246829231059262,-0.7202838699288096
-1.3877240860131834,-0.5263850331991178,0.5323969201094559
1.23855821096254,0.7171802147777008,0.3415726226592354
0.6310687020276983,1.1607313532128405,0.7918135253446139
-1.6563965200496884,-1.958819823831003,-0.9694255075413988
-0.4787662981579464,-0.4463397943525992,-0.7326529911623249
1.1897093487524597,1.052481940216268,1.3727357040933428
1.8400914067868688,1.275726770633075,1.9864331465473088
1.4300773274422027,1.0666853128800902,0.907188442105658
-1.8805603547426355,-2.239367552164641,-1.4424146440010213
1.7442576048509613,1.2541755176820395,1.7102541472712125
-0.270669639286366,-0.4205987804667419,0.3451195230646002
1.1276253603644266,0.5378405663371079,-0.3488637782713973
-1.494533368064795,-1.8201390454474469,-2.453357678720712
0.8688534040714982,0.978855397898335,1.184542664955982
0.9255599963145388,0.9926422432226356,0.286943749870502
-0.2235073148637982,0.1697450358497432,-0.4517049585318489
-0.9665093173630134,0.8219072562053878,0.3797790358490844
-1.1778288176854323,-1.4178436694408634,-1.8005129411360807
0.1002969081771333,-0.9337893114005552,0.2265600468664698
-1.5553980815858854,-0.7189459900961518,-0.6908048213472373
-1.6961822095022507,-1.5677853948483589,-0.3201464784409258
0.5608885275382618,0.3364115064272589,0.0492286652684641
-1.018896767415974,-1.07022512497463,-1.2608045620300696
0.8649396111280433,0.7893556052702498,0.5043032873240164
1.068728437002706,1.1266699300270229,1.235239441752703
0.6602043368233206,0.9045391036855592,1.2346223640328542
0.5269882828514195,0.9723839840853686,0.0726780820468135
-0.4059596818285024,-0.6813129928281431,-0.0451312128277829
-1.0921843923326229,-0.0852636540256078,-0.5553814481776526
-1.553451101429422,-1.0189127371855131,-0.8921521352052421
-1.1211238300222357,0.0755592015493368,1.4540872499856183
0.3862667294940879,0.3326751516928513,0.9044425066525836
-1.543281027466688,-1.3884784620771795,-1.6031270872131809
1.5653292422663745,0.8443110582308117,0.8513208880577994
-0.8321857006346088,-0.6354980940278223,0.0475586417615446
0.6785431557629128,0.5047943583204808,0.5136181085577347
-0.2133049460743329,0.0123148158484561,-0.285305045815504
-0.8768551499851414,0.6905127972903738,1.3585904062880685
0.9235702911603944,0.8182939022439746,0.0019141646319218
-1.674752853246572,-1.136685141369865,-1.382975676116534
-0.6297423445570373,-0.7306167708526881,-0.2280580989388807
-1.2682848948523069,-1.056659498751332,-1.5850534741777949
0.7956554275420634,0.6155796250807418,-0.1867792230603744
-1.4253019456652587,-2.0611569111731294,-1.4543481039808828
0.2870416441022344,-0.0159067078017534,0.7392503666444831
-0.9579473463151866,-0.4758502586003074,-0.3002628964586082
0.4648152619915389,0.3589016624374717,-0.3986622584243968
0.2292002824302724,0.2597702964035681,0.1120961461080269
0.8486648930096113,0.1711021263602379,-1.0020147297362767
-0.023222531549079,0.5155853769697363,0.1808620841207958
0.153010408083332,-0.6169621092488548,0.4659192038696507
0.1111126975862703,0.8939501117338204,0.8623742251095132
-1.7315804076401204,-0.4301458010813552,-0.9251852839786014
0.0509651260386675,-0.2347699215819983,-1.1356960492162291
-1.1698609760267158,-1.1975338306347023,-1.6407969549726844
-1.131375731919397,-1.0741578699486631,-1.394507470904644
0.7647048660316704,0.8973013025360269,-0.2783254987162554
1.061079831906706,1.1465261430591132,1.5418091101618403
1.4169906415097877,1.217380946798143,1.641964491200055
-0.23245744428463,0.2081138650366926,-1.5936903444316433
-0.0030994938967738,0.7446058272771595,-0.0243806053635481
0.6766951784831857,0.911983475393852,0.1909500298558513
-1.640066649584607,-1.2120261588942256,-0.2556144313085763
-0.5738266163931962,-0.3121551820080642,-1.6048479750463382
0.7531471661313273,0.8653603858684662,0.9225096244561016
0.517175787551941,1.0305177090734357,0.4216536151430493
-0.8704479134475241,0.4740752388655128,0.7578593678461703
0.1135526511447135,-0.3761468375001001,-1.193174200408503
-0.5998691226867477,-0.0873871087898717,0.559824847744352
-0.0451998897166695,-0.7750366029234836,-1.4198848840753813
0.0016831279134795,0.5762618216755242,-0.9955372314320068
-0.4542404069633214,0.6041137897160807,0.2247323669139894
0.6696900596598494,0.0278934758438462,-0.606565849922666
0.2677802738126809,0.9126420875241024,-0.1630690768241079
0.1067603927668532,-0.308059491296922,-0.1941110275051877
-0.433431802818612,-1.004311298628934,-1.3967821743823634
-0.2771599104894627,-1.0390200879712848,-0.5949506059980532
1.3465843148542302,1.1903075042324904,-0.0861344542735028
0.3464395558297631,0.8682793818098137,0.3807312676980261
-0.8797674524687978,-1.163975064770337,-0.1359920497866937
-0.7626829333117462,-1.2821787521795187,-1.4833698102838986
-0.4574130724748882,-0.2603700731617531,-0.1063497717170045
-1.269002687977797,-1.6032687697448964,-1.218330038959921
-1.50064298413357,-1.7294586052281475,-1.6243197498787536
0.3400737350189362,0.6699417602436065,0.2202174093453198
1.1559059748534934,1.0455029586811797,1.1508471491464227
-0.576616877702146,-0.541836179919676,-0.2037357272125242
-0.9840396413313722,-0.6442954212008489,-0.6056271252668606
-1.8572583149472195,-2.225215252375738,-1.1126114610370574
-2.167331946320558,-2.388387683032355,-2.3310891324981937
-0.7397410871419907,-1.615342200960164,-1.6112771178715033
-0.8001239204424345,-1.7119490506055484,-0.5854084826820953
-1.7409234909286062,-2.0559173786850686,-2.3678642378241626
-1.7997363012981904,-1.559847223496855,-0.2755821861172708
-0.8020275599715229,0.4565439741303204,-0.3890746245592154
-0.8287949704794735,-0.7500082022737831,-0.2307656699491773
0.6751216864882673,0.9137843043108832,-0.2126740753646215
1.261620514224858,0.9696085217568954,0.5132973811554252
-0.1416133079396962,-0.0711051135254318,0.0632149318515006
0.8379136056814205,0.8773625426269686,-0.4172148718917227
-1.204595861883542,-1.5396534041514909,-0.731166604251778
-0.5222696828310884,-0.5976209392735607,0.3509343671767531
-0.8245112839775289,-0.6339510638113777,-1.159956929204227
0.2234246281001781,-0.2291972586852573,-0.420473701413396
-0.2437850806219747,-0.3813999625159569,-0.7208415856407728
-0.4914438124321246,-2.0251130639763946,-2.5308957234295217
-1.873475247083404,-2.174655129576384,-2.3137481993804703
-2.167331946320558,-1.5691122717580954,-2.2741136478743376
0.7083277151211987,1.015635876899818,0.3425357965434246
1.3261905860476937,0.7082221150440906,0.072511944556075
0.7230956210957171,1.2158542591256982,0.5518406073309182
0.0778497536092316,0.2252823881838028,-0.5846334810005058
0.8451651199541143,1.1285979891931388,0.5910646224933932
0.3139555045828017,0.4002541517708797,-0.869600044208018
-1.2040479235150978,-1.373888513358559,-0.8215846856012122
0.8129430193846948,1.0349510194478246,-0.2281933835742889
0.1392206512270843,-0.615526452165851,-0.3587375277225787
-0.5159293946542276,-0.7942971201532596,-0.505641373458262
0.6620272663967942,0.7622934038596527,0.8498694746450726
-1.3898815051518656,-1.4735094957303636,-0.5540278526322447
-0.487780434071617,-0.1709024773648851,0.3523524902980894
-2.167331946320558,-2.209636790517107,-1.776040229178108
-2.084666156932538,-1.674351835264488,-0.5352869757472277
-1.901101500886844,-2.279512286744786,-1.9005526522901863
1.8400914067868688,1.205630764735651,1.9308215340834916
-1.269245496265934,-1.803251553444518,-1.2804021702473656
1.0838949859629576,0.8175755927645366,-0.245609703480543
-0.3103467450914848,-0.300887435874381,-0.107886925976985
-0.0229036857007108,-0.2003898481250076,1.0958286454045507
-1.876341719890972,-1.5964192849427998,-1.1031491827952236
0.4048456230003033,0.0534313485298214,-0.4451147613071838
0.8984414612933133,0.8643558018542733,0.2240982148665319
0.1553954411696602,0.4812367157472985,0.3290137519817966
-0.2263429991610863,-0.3763073828911768,0.998013409654663
-0.4301234907550397,-0.9548335758040596,-0.0330634713217325
0.6251151477933432,0.1349646812051289,-0.4486141921832194
1.8400914067868688,1.2204353516361517,1.8424083945226315
1.8400914067868688,1.2328677680120843,1.772042154779392
-1.9895015551360111,-1.137917227048254,-0.7049273545706665
-1.1721043979524823,-1.4011448568449871,-0.4547195522783438
-1.3123028813978237,-1.129068556738727,-1.0669506325668472
-2.167331946320558,-2.402811971674309,-2.653637303753207
-0.4304542450303589,0.4002084831306743,0.4367642381959633
-2.167331946320558,-2.5591793081239125,-1.8292108069538064
1.711150456646544,1.0784075618496116,0.6986546077862842
0.064905315318546,0.871622010715369,1.0093211471593384
-0.7153187092691772,-0.0161600236785481,-0.5924814316106243
-2.167331946320558,-2.099977242376083,-1.033955402464391
0.1191330683424166,0.267187752780842,-0.8777089770545312
-0.9025853430556032,-0.8309677147223634,-0.7398366961375016
0.9407981014628628,1.0486004227905108,-0.3471887534610263
-0.599701322525467,-1.2569911469945745,-1.5145389542566616
-1.6999421486066528,-1.6174660656263184,-1.4237869104703726
0.6314085443436138,0.862323461438934,0.0284916206768103
0.7109238326788312,1.1264442614445702,0.8665663107448364
0.68828543331599,0.4677314245214812,0.7564204544058494
0.7128574689305552,0.6232344432973568,0.3126160494159424
-0.3279611298516618,-1.581450871375336,-1.6263756361440878
-0.2483253554703788,0.5159874944841573,0.2272685631366147
0.9495833050681992,1.244657732436998,1.4969008372752757
0.6907018442808694,0.9266871454298198,-0.6061260879012207
0.5264878584581691,0.8858350646366322,0.1434073552741235
0.4181308885933923,1.007941452721838,0.1978772748592446
-1.7251608326826051,-2.475521033471003,-1.3971871889924554
1.0855925873919434,1.0282579505565714,0.6255588978959034
0.5295289163430158,0.711316255867348,-0.7604503253198182
1.4745423068896055,0.912896538948902,1.1642340733964585
-1.0118007122297223,-0.8744051554995242,-1.2732515896308088
-0.2917536161527904,-0.7309630826833126,-0.6557938194106506
0.8577289659887933,0.6630811052397357,-0.3336843538553131
-1.6578459664066747,-1.6446206403509311,-0.7391142307287174
0.9746836452725196,1.1596442197136485,0.1226235636501509
-0.4705938613210804,0.1593704829553574,1.698351045201096
1.7576723584348792,1.1870965694802638,0.6787860117372214
-0.3423808809038426,0.6267169962238854,0.2634867694038104
1.1179928630360036,1.0625903805352457,0.2271976235311676
-0.8186437229195022,-1.215752033877102,-0.4840519575793936
0.4595270664220449,-0.1577759793776069,-0.681071557294642
0.0957561142724727,0.799622207069191,-1.1354971861290348
0.1742663623004869,0.0858615812438571,0.3745216582226351
0.5375046025725982,0.4844088757080717,0.1641709520709767
-1.2916190790122657,-0.7052112252215844,-0.8349119501310789
0.3630948608559742,1.1082921491204536,0.8770623456567481
0.1108944578193726,-0.3554190151685112,-0.0974158631850563
-0.0992166108116922,-0.8709660206696751,-0.7060054934726443
0.8992173162816068,1.0213299069276538,0.4989990684694389
0.9339440467596029,0.8135100955790955,0.2091760345862066
0.365614695235896,0.5895769362098066,-0.430928051247284
-0.2671800592553053,-0.9938319933655344,-0.3691615718959273
0.4060441718214333,1.0253000284940372,0.4272671848207258
1.277980272708259,1.0501694475293235,0.5974977355063277
-0.6260039556933618,-0.1289872520630681,-0.3334599513314402
-0.9979964615468844,-2.42450797691146,-2.4591749447383875
-1.8623982755332824,-2.353666528148837,-2.611180679151791
-0.2825360929646302,0.6456792378200302,-0.3774595934231482
1.512696405189446,0.8395357851951505,0.3831285363829587
0.409784572160155,0.907356856641082,-0.732936577247916
-0.4376801655104215,0.0664676937411167,-0.3511490617402615
-0.1241779325630453,0.1732623360548854,1.2361607697522918
-1.3267340335896494,-0.6622263246227116,0.2030111772562532
-0.1256930650238818,0.3621129404140231,0.3707780430569366
0.6772905667582495,0.7602936729526713,0.5925191574077374
0.0458386491218938,0.1604497107663596,0.5115878040368315
-0.0658847670253306,0.4275690475285847,1.2777018356780454
1.229383691173535,0.9186286452635618,0.4371813958921111
0.689307037412001,0.6879050736880943,1.218600515950567
-1.29178233903787,-1.549305378898371,-2.01159967798549
-2.167331946320558,-0.7164563764887476,-1.809357032542457
-0.3210661718488537,-0.814864922330139,-0.3679896501023339
-1.063179514152944,-0.525620440026495,0.7484397384569047
0.9744818663702162,1.1015029385716055,1.3834553418882538
-0.8687256396485178,-1.5014836100775946,-0.9948551364949114
-1.2950029931159055,-1.811002499233476,-1.331619842971172
-0.372690147657574,-0.2051620941831284,1.3960219669296472
0.2690121959880986,0.6487941378038911,-0.0478287831917288
-1.0892596552453018,-1.253052338925517,-0.9376281461239824
-1.3719986793508008,-1.457613459371259,-1.3921084788148337
0.0246581472222803,0.2766944164236748,-0.1967328798742207
-0.4605381196057491,0.773699875875247,-0.164747201217012
1.8400914067868688,1.2454690965139452,1.9933815742556904
0.985993449402208,1.1004687536526478,0.1898607212287187
0.7393185864744669,0.8688753160433179,1.377629088634398
-0.9108165060416328,-0.8140563688347133,-1.128106422232552
0.4433438905820829,0.0928152612885368,0.0715555118781727
-0.482270098564547,-1.0040353807262652,-1.4502809627198625
-2.158929683346986,-1.477091483379852,-2.077952449199475
1.0973659115683645,1.061781537197885,1.2165351901932326
0.8416643494695537,0.9155124218603032,0.4292646936098152
0.1615964091214525,-0.6874558027812125,-0.8211183483396726
1.3449462119470132,1.1163706313393975,-0.3037521320909873
1.8400914067868688,1.218900497155764,2.568303615487374
1.1174286056107388,0.5261436173055969,-0.0975162797457539
1.2830542641765532,0.9814091149979132,0.2935564868379881
0.4885459323381267,1.071818614247517,0.1939225139939363
0.9572721871961064,0.6000952495040571,0.6634923830173471
-0.4068805382075353,-0.7490025377588314,-0.203075080860008
0.7429141068977037,0.7175257527247905,-0.8896989200892333
0.3659067353541015,0.5225302362903732,0.432876492565691
-1.61556149728221,-2.2003487065702214,-1.2562482366811485
0.8174289352271463,1.106065388591711,1.0762513408148358
1.2240374864852357,1.1742869841596295,0.8027706204861862
0.4606056926024127,0.265010355290149,-0.1161223110825645
0.6018758691088167,0.2361158081420462,-0.8539322970754912
0.5686064820105443,1.1598809947648896,0.8640396692376329
-0.044651512713995,-0.7174218351265131,-0.6081715961909684
0.996158479262542,0.6937459919597891,0.6539939121549568
0.4073364457750837,0.5466632093231235,0.6360148832546382
0.1226792010796885,0.2642996896677587,0.8744621029219694
-0.0344364610839418,-1.0301524003589104,-0.7293304664874408
0.9080562140538784,0.8680512075271544,0.3647637936947812
0.7863169350225561,1.1502003964951373,0.98688945204559
-1.0118193538455995,0.1199657024830556,-0.2510759447117491
0.232336625301157,0.5670652101097748,-0.845260143629475
-0.3650342721897519,0.4527831530012535,0.8879858061992886
-1.4592845064253002,-1.2882111811483998,-1.195087140836938
0.3610872120401379,0.3431091550749156,-0.5943449860303269
1.3829814016625592,0.6650111703032542,0.8306121954241841
-1.2055131532366394,-0.8788012387222387,-0.960970172592068
-0.7892546962984903,-0.2893705441652292,-0.4400806774645227
-2.155039503792238,-1.9205560447361327,-2.0743776027667296
0.5376895127078142,0.9826591044808738,0.233073699163004
-1.3084087387414176,-0.7382996226616078,-0.7507382349060937
0.4289693199580488,-0.3944290227207243,0.126590207918386
-1.4478169517552777,-0.6055798438557127,-0.6023031052850614
0.5532854218432449,-0.3278266093979397,-0.7878951929224347
0.011819019349038,-0.6828489120583153,-0.5774469794704814
0.7674848547908785,1.0503473388355122,1.2680141488878252
1.0170335603159335,0.3960314001789217,-0.2360804755529242
-0.7023576555896204,0.0689911705835381,-0.6536834613755975
1.4536759918082616,1.0680977197164572,2.2752817831304104
-0.9863710487568728,-0.7184584746010368,-0.3368131131988757
-0.744562532069363,-1.8767410197358343,-0.2117953512307677
-2.167331946320558,-1.385315500121462,-1.0107991745560876
1.2327109432746317,1.2023406046862914,1.373786222571987
-0.7444276999513973,-1.421221730644815,-1.140888537114754
1.519213283035342,1.0869260477562006,0.5132939646472957
0.1129049320981522,-1.1954082015269345,-1.1996403292707842
-1.362990827996396,-2.0404797617942134,-1.3161609152748048
0.1257115125047997,-0.6092003775217811,-1.2456739222948867
1.2024596457741497,0.2399674157215372,0.1145226991539713
0.2896543566107777,0.687247111972571,-0.0501327598973661
0.9076511390950686,1.2020972581601477,1.1024869635405754
-1.1227222575092837,-0.5409397008432361,-0.0731873462357694
1.4106081984373002,1.1496824431943742,0.6358551890469013
0.3015714392977712,0.5972667892222834,0.0094912843012026
0.1956598911102927,0.3344554089979978,0.8676186473632489
-0.4935696612902243,0.5063348066008031,-0.178210689450338
-0.0909146378527807,0.6994132162882457,1.396248272513279
-0.9676697559598274,-0.1417854605491839,-0.2522849499144582
0.7135904598254093,-0.5660678663693649,-0.301923939649086
-0.9687124450254944,-0.549864639285454,0.1382389219315686
0.1209031181856683,0.4192050259609929,-0.6567970351863713
-1.988604368627852,-1.1997118708846668,-1.9846752001665415
-0.1488652977889262,-1.4293552970028511,-1.6710545176285343
-0.2296567712703191,-1.4790540712012066,-0.7564806181484542
0.439962015846178,0.8384363972516711,1.6664843347863902
0.7047802687665737,-0.5745639412936576,-1.532412963513608
1.468070439676484,1.1144479469153383,1.1513185188772157
-0.0752794952864787,0.0791138427398392,-0.2915937902733994
-0.3173082906231678,0.5800519146329739,-0.3175254326625155
-1.1576258707833236,-0.1917261249165468,0.358932666111636
-0.9912989568868534,-1.8842903160453428,-0.7944305144360643
0.271542714341047,-0.9540355685683556,-0.7317706387012636
1.5671275118772188,0.798227911097604,1.4620229677412138
-1.21365862989736,-0.8461511579993161,-0.4451487484423513
-0.4168026078981782,-0.8086612809777179,-0.956946436477952
-1.1913374787207482,-2.220516167804641,-1.5315147805681468
-0.5045362084685209,-1.6975426744824145,-1.5807384983389885
-0.6806484262353654,-0.6661873109331882,0.6218195997287455
-0.7606489886253529,-1.387207444436536,-0.4724814799727148
0.6583524257221005,1.1313839711538651,0.8702500012791652
0.0346230143731723,-0.0158989508361667,-0.2746328400819265
1.0360769862435937,0.367981119306204,-0.311832449507577
0.2621651711110814,0.2018126317299594,-0.7997868538545649
1.085303218597948,0.5966830740304139,-0.1564890664878646
1.8400914067868688,0.9142062721362822,-0.0578934573184761
0.9268717607731528,1.1584603098125164,0.7445073792217247
-0.8554940720274056,-0.5275217380904255,-0.1291810547187677
-1.2237982807968284,-0.1299473539508957,-1.4991430662702936
-0.1895877763779273,-1.7536986954543083,-1.2202129179040089
-0.8744625771241743,-0.526989789180331,-0.889267197489626
-0.7428433029650124,0.30811770430428,0.1537114061453979
1.309012762542664,0.958775459678235,0.7933413446452319
-0.7888521993033122,-1.053199940343272,0.0256956479326239
0.5861878046653617,0.6134541829416331,0.5677191725643674
0.4544927221621146,0.2345058641714618,0.2953749424181293
0.8869059206253616,0.4520301281883508,-0.2504654384343996
-1.2754132238011182,-0.6513140181077617,0.0509722278074259
0.5102428536639144,0.1314837188174594,0.1274551654318996
0.1749568566457939,0.4178754414734101,0.0178632388355043
-1.0563959615026763,-0.9487761650862367,-0.5163838813110118
-1.9947554507802585,-1.5619686925943286,-0.2283360454541176
-1.7384895871294392,-2.015375007841704,-0.1869322648546581
1.0971270058409217,0.4033483375035499,1.0828418594331104
1.613419736394028,1.1763195675963425,1.2290861291900113
-0.9548082018631244,-0.521714102826099,1.937607861832384
0.1530591453086082,0.5551206681910754,-1.0812094101915355
0.8373000985455298,0.0594620169895746,-1.353475861343079
-0.0343513133528293,0.26471189446967,0.250669184360524
0.0773994610996248,-0.7535693451371316,0.2375704769008359
0.2633715380469056,-0.317582036980656,-0.2138215331185749
-1.0377416119897367,-1.16997585671144,-0.3632927456959017
-0.6041730301960534,-0.9435657309526502,-0.586676428891144
0.3377086393268002,-0.1132468307758511,-0.7899879208406817
0.7118886033816532,0.2764039561322776,0.2225881935131833
-0.0076679437231617,0.6607995131946437,0.8851001149108939
-0.2659150193481915,0.8588055551451028,-0.0075510686440068
0.3372212790048748,0.1883305821863479,0.0364992647896164
-2.167331946320558,-2.320348094815074,-1.2326985973649534
0.871875859088033,0.9066410496032048,0.0792705680276976
0.2949602406660608,0.4558574805459579,0.6912641534603706
0.4443313116128347,-0.033101466104318,-0.642830458766082
-0.0737823566490902,-1.4805716083832683,-1.9194737037145844
-0.6674966139081282,0.5217689581668145,0.3437566255041507
-0.9802319310749164,-1.830984515022824,-0.4916980967536176
-0.6601410325575836,0.4403083629247545,0.7050827684036822
-0.9545793122829066,-1.748113609165158,-1.7773793143608576
-0.8016663277265786,-1.361573518786715,-0.530082802244813
-1.0827475322342623,-2.0745783725470126,-2.6415824996609905
1.3406645485154778,1.215389239895722,1.09285352056218
-0.0934285185867916,-0.9664787014879712,-0.4766229044923494
-0.7275742735314424,0.520000197778878,0.2286711279681264
0.4968911607754144,0.3499541786287312,0.3024488862165351
-1.0184334190133628,-0.8405003882709273,-0.0428583955905947
1.142755454322628,0.5346788126200375,1.5887330939956568
0.6039671697872686,1.0364910680196728,1.126764712041375
0.9492965069433708,1.0900833312071745,-0.0948644709292239
-0.1234669964830366,0.4151489656468624,0.2534031012761017
-1.104157788896572,-1.656694423443763,-0.9972088274591911
-0.7257868808301914,-1.208530505069235,-1.2959168146462774
0.1791434497678601,0.375374848511016,0.6034758520589867
0.7045566237658106,0.4956897815142085,1.060328913549505
2.588586866059877e-16,0.9235353685996024,-0.3384880900080498
-0.984197545434018,-0.4436826585396686,-0.4455678005904129
-1.828428017246541,-1.0929358445723985,-0.0230968541228514
0.3118279410269476,0.8175903904001232,0.4814332134465275
-0.2837018453501345,-0.3625362222717931,-0.4359573489200593
0.3530155678488723,0.8238423206617536,0.1133657173977363
-0.6677041974235332,-0.9352653065358006,-0.5722810170316794
0.5635517568549009,-0.3490231295806715,-0.4859161925932412
-1.7650702059851984,-1.0936001832735542,-1.5938576452544218
0.4159857600512904,1.026945461996234,0.5892553033401767
-0.0390040891990349,0.1561767556947781,-0.3856676828721452
0.8574915456694447,1.1067544965583531,0.2480882789179372
0.6340447004020701,0.922140191094336,-0.4778836888988459
-1.104159728235085,-1.058380898134231,-0.8666219824803597
-2.167331946320558,-1.4090207633398044,-1.761782365844295
1.8400914067868688,1.2365647209882993,0.8834114833078489
1.5736188313062969,1.077873149585399,1.0215995684529555
1.6102278889415909,1.10178477459046,1.3516212184584335
0.8017832416084326,1.0773860144612075,1.3955814457758426
-0.2603251181144222,-0.9321823784640144,-0.1283239542882359
0.4393311440227526,0.5014476132679683,0.8793100406517429
0.669651528336442,-0.3831201744372371,-0.2970360331927738
-1.4367192664118722,-1.176537535919435,-1.4985944835438836
-0.745045853568345,-0.6155952628497701,-0.944248157028754
0.7666143549526991,1.073519798661685,0.683469071447987
0.6383553956111473,1.036012705780113,0.286501049301206
0.1399353123971755,-0.1277284458484325,-2.653637303753207
1.2236433600500214,1.0028032203665254,0.8279730396119811
1.063411435630827,0.9777131465272684,1.205735760966823
-0.8314285423226591,-0.2242570053392117,0.9802901798896316
0.5818292171939494,0.2322892644882357,-0.5537816862861877
0.4356155883251808,0.4702434829557136,-1.4640619073438774
-2.167331946320558,-0.7168022379814568,0.253856744236536
-1.0596720745442252,-1.6400638841193718,-1.5292363211648503
-0.4116368864995824,-0.4788143765458921,-0.0633254041043457
-0.5139524501185652,-1.2015077289533318,-0.8723711743380876
0.1552399421926635,-0.5083924224484087,-0.954898004268965
-0.6982559797669419,-1.5560874413195207,-0.9902672792719674
-2.167331946320558,-1.9987441765095653,-1.8714023587691224
0.3901699403702106,0.2264296743096029,0.0099432940175016
-2.167331946320558,1.3017991140786909,3.110381384891552
-0.1376555231941822,-0.0731606360055516,0.1030966730090595
1.1245215507142352,1.1935809552754824,1.6759670717048467
-0.1231585779670862,0.0,-1.268219794534678
-0.7631316129729334,-1.6658977225358766,-0.8652914717992474
0.3515695022689221,0.8775567488204894,1.8693030173399416
-0.1677207661492583,-0.01300177397645,-0.4782316970325324
-1.692164323239688,-1.9656238410175864,-2.320701868057392
-1.576983034680697,-1.9584713125037407,-1.4781823739417037
-0.6160163753626584,-0.8500444410708531,-1.32514076200974
-0.8386508634943134,-0.5623789514821002,-0.410796097382185
-0.1182637125000208,-0.6832967759472051,-0.527752311363169
-0.3442971881163943,-0.9996442301621686,-0.3832781450211113
-1.3157389822270016,-1.0691196568873835,-0.8218613685120617
-0.086524880612254,0.2885471654365962,0.9652143899159814
0.9140774619298614,0.9752333240088452,0.6292225162629458
-0.2817134560296304,0.0438831722998349,0.2634179883030028
-1.7362514812327707,-1.968755045980485,-0.9011275135452884
1.238486827319457,1.024407133953393,1.2620613692650802
-0.6396872044853467,0.1823733989487892,-0.0413375241254899
-0.6672281547598111,-1.2087839654104338,-0.8469635788112401
0.4348681348355397,0.6091872712610819,-0.9114706520297364
0.2569827896651435,1.1690319229295831,0.5907013484825139
1.5953641812893762,1.2226782396509135,0.8544725134761222
-0.9404621573658842,-1.5068072260003904,-1.1109396008514507
1.446910533379922,1.2585685630867658,1.820305416169002
0.2704091226937107,0.4564803855685068,0.2326413793527003
0.32719745224843,-0.5943744977506128,0.2498148048234158
1.1320348995303406,0.6831543753058669,0.5918894762573644
-1.24018627321481,-0.5997729731224477,0.1151641687917142
1.4343305209213582,1.1084882766758437,1.405774789422574
0.2832300148575955,0.1429091314786986,0.2023312228001435
0.5868565243239838,0.923115125715814,0.8305770598762025
1.5979256154536916,1.2245329213291634,1.5571442785301943
-0.5865550396647695,0.4651088975453343,-0.0181589318442359
-1.1504862282144157,-0.9472770085986608,-0.6073651342574309
0.1415207171316954,0.5856996283737697,0.1490674148194702
1.6448181225206602,1.1191802656568397,1.2495098788316914
1.7234891596324131,0.91855451483158,-2.5597385050012448e-15
-0.9213989480877024,-1.4821376597537668,-1.4737110751922744
1.5722591884308643,1.2707740807462562,1.3661326229951587
-0.2099979627498995,0.9326986838241162,0.940263906762278
0.5195798651610369,0.4411827570213676,-0.355843003593188
1.8400914067868688,1.219135622101738,2.105997029694206
0.0713812704612269,0.7254895222072625,1.2575192386883467
-0.2550161203029247,0.1997561379113678,0.3297008962983333
-1.3542663350823838,-2.0964887902169163,-0.3123356221270746
0.9391271163781084,0.6240203151594133,0.6029557162738235
-0.6110167534527473,-0.6831050469515831,0.0350522015343905
-0.0920315955584349,-1.1305514455623766,-1.5768925438875168
1.196442180638051,1.1881341268348515,0.944099118443404
1.426376855778419,0.9383006970665744,1.024539090573737
0.6108962583057382,0.927781436176882,1.343720790999445
-0.3423256467739444,-0.0551412012346183,-0.7175992753349252
0.2295741366237425,0.8858215634718869,1.9569731714484468
-0.7662983272517646,-1.5402045015340793,0.1533871961087325
0.3541256650277847,0.0988373370275359,0.273889178294284
-0.9578886314158438,-0.5519202071304816,-1.1955504850170724
0.1861698454414343,-0.941422590075234,-0.7741648514500531
-2.034227158354952,-2.1257861012264265,-1.8915436365064944
-0.9773165807711054,-0.3490008542200449,-0.253449823135435
0.1069193516918451,-0.9222569626019064,-0.5156664518384265
0.8841227203388936,0.8911876554917804,0.4632878459106351
-0.3164203334522306,0.35301509364891,1.122990820694491
1.414459024159624,1.177429414197418,0.4525415497717381
0.1092798765415758,0.2350769385111016,0.369221996920533
-2.051322742618181,-1.8118650241176133,-1.3733765949729555
-1.2163342482840316,-0.5841076765947921,-0.6003264822231531
-0.6430565709121403,-0.5447648673523467,-0.770728069262215
0.1186848906684488,-0.6243180794330522,-0.3657591226224124
1.051420821328296,0.8132288830971303,0.1918243450018904
-1.6584256762492209,-0.6449298728353448,0.1581479225330908
-0.0568026477346859,0.751298288327868,-0.238677353137555
-0.6174809149855791,0.9797713417091872,0.8952109879101964
0.7176920775066843,1.112648596020775,1.980711985859516
0.408632754735554,0.2720147126460064,0.4847355860245856
1.746834734676823,1.1948935883119052,1.510472960148913
-0.3988547403324893,-0.4837183087499713,-0.2278727692941602
0.4926130108939228,0.8756119915440213,1.2729568729405334
1.5390885434096957,1.1214571014007788,1.167880201761162
-0.5719262051192713,-1.8162755254174603,-0.514538575799117
-0.873252120264209,-1.3856028516820562,-0.3725897596409279
-0.0574004884309287,0.7440578233049445,1.455407413023393
0.4713756444427698,-0.1380446040649552,0.1193357249482733
-2.167331946320558,-0.9231068842092413,-1.913866362067964
-1.8773917735388432,-1.692086474606729,-2.157459253707752
0.8829467210876459,0.6371290699308921,1.3093234388449253
-1.4741543523183231,-0.4350993753424772,-0.6527118766152364
1.6231568063287356,1.1780650045920076,1.1275772590550242
-0.7848603660958569,-0.1880663997891934,1.2072512126896098
1.7273176412697713,1.1812387605521142,0.0107859488921463
-2.159570880513856,-1.0074601049716378,-0.3371100141366582
0.8599114789455792,1.0992893007022162,0.3380287000307682
0.3800961805149839,0.9961736459072228,0.8302803210199972
0.3951049221359139,0.5674899387008713,-0.0007213465617611
0.9575338164350596,0.6440060271149479,0.2796151387830388
0.8550586669557058,1.013225210077047,0.377857681983595
0.6556032166195227,0.5169653019236371,-0.0091348562080765
-1.3546151128334594,-0.4040979641034117,-1.6814332850091238
1.0729875244925626,0.9413031508734236,0.0545608196706453
-0.1249600443886133,-0.6733252004382381,-1.139375225304691
-0.7846391332718621,-0.3298594668212591,1.2898404843525288
-0.1407560112552568,0.5132921707661622,0.2183323489699925
0.777853349877926,1.0942837548215971,-0.4591654502679816
0.7435014428003084,0.4969626341350574,-1.717310524983816
-0.8566338001150509,-0.4637643478306998,-0.9021949321424708
-0.3004599688682389,-1.7669432361715711,-0.6481693654795456
0.7247737041889499,0.0171359115984832,0.8740645218538298
-1.5233780874396334,-1.80657583940709,-1.4603080368480168
1.387639221568005,0.8899236266201672,0.8310529677551528
0.7986643692846678,0.7046454985810001,0.5216713170146655
-2.167331946320558,-0.8483489088301158,-1.0332415019533463
-1.5585222768860565,-1.7358820004500242,-0.338914964345383
0.7090164680759452,0.950801163613708,1.6952110773108136
0.504386977111676,1.1003053469868176,2.0455151271536747
0.3602912407770644,1.020025268255213,-0.2243164930952555
-0.0574893912725843,0.164101686775861,-0.4405839352022599
-1.4219395856746964,-1.6111006506621894,-1.380659499797687
1.342695104665607,1.0694946197212851,1.6029542343080192
-0.8931961386947054,0.6331446567221763,0.4061479159452034
0.3611938410709009,0.8584561723109648,-0.1298913609943597
-0.2788192944729418,0.5737043608655784,0.5620406609809957
-0.8157744776540993,-1.090145557492076,-1.1145248590039651
0.5421633543041439,0.0936415382916743,-1.2346275848509585
1.2998839259111783,0.8847944841485548,0.5816308166131389
-1.1977028547342403,-1.5102045137989892,-2.2884879316410167
-2.167331946320558,-2.3614799882361037,-1.8776088623125184
-1.4989412390674208,-2.198096731934017,-1.2562054438298478
0.7135746058692924,0.7794588352347924,1.0026559006474498
0.9640169651240658,0.6546421331707797,0.8907665562410177
0.4459290924566843,0.3215419885978778,1.207378893322082
-1.378739417683859,-2.0432124835858314,-1.2431619156957263
0.5492326605135515,-0.156077523360663,0.5553097439373045
0.5185931485015062,0.6006080235563929,0.5712790356675037
0.5820645820783477,-0.0851177298171226,-0.91615477577522
1.1010654875717534,1.0387030877199583,-1.0458555143432138
1.478933797443323,1.0735305495338183,0.8873099813864004
-0.944116500045754,-0.8772450856917349,0.4544682616730965
0.7344574407930194,0.8093494623445894,-0.1183085933719641
0.9189180154461756,0.6976098478543765,0.4189385462553464
0.4641885842582593,1.1701343406404223,0.9445057343167652
-1.9986133078159096,-2.545198598911589,-1.68919743618401
-1.2575695997526994,-1.7997849965656472,-2.1250371166209288
-0.3087678232786813,-0.3126382108955554,1.1152597002620606
0.1755947814064983,-0.7078194168733871,0.2711410518084473
-0.8672666234119428,-1.2877215579348311,-2.16542383409842
1.0438562636717148,1.031090859123648,0.7087866853079996
0.414180019495759,1.1550773638549992,1.3903583266730055
-1.4624099017945529,-1.4194755344752472,-1.670736488157202
0.0781285125055273,0.0452774964745312,-1.2109046939440224
-1.1500560156266455,-1.9678478598080773,-0.4525922040197762
-0.9706715380426382,0.2063155840030937,-0.1080013687354142
0.5913562660957319,1.16390728551542,1.7900879360322284
0.518703893005556,-0.2823180022300803,-1.6475017594125605
-1.6268885109748057,-1.0084856820183776,-0.9694979973081992
-1.1251068097395285,-0.2562137100167686,-1.3617682337893855
-1.0266085756840648,-1.500954344263859,-1.7688254247318984
-0.5615246786415713,-0.6670433573240754,-0.3291603628468452
0.5805350410920243,1.15919811569343,0.5996335571982886
0.8723236835227653,0.96346122183695,0.470338704182385
0.924574718354128,0.4874296541524029,-0.148017325346142
-0.743081309091037,-0.4905124330301886,1.0177671926197769
-1.989596171942225,-2.3552361911721635,-2.1780511660971973
-0.1536475729926748,0.6199126505011251,-0.1525832792125816
-0.5732259455927798,-0.0369574783469987,0.8608425136042633
0.0824855064065143,0.8968167111082769,-0.146821772198143
0.6959889558358328,0.7240588490499232,-0.0035170673436885
1.4997621270168595,1.135784793020951,1.6533955019120878
0.3074767482174255,-0.0499833571355311,-0.8935004782724095
-0.3762010082527626,-0.8893821165531929,-1.1217944241357845
0.2153967958330817,0.1309312527104399,-0.4030841678137126
-0.9659421069327788,-1.0783480555399014,-0.1115135365116442
1.8228613696065088,1.1721479494314364,1.766287949419853
-1.0053532570888015,-0.5742606494789859,-1.0741542595216451
0.0992608805808485,-0.3107260086152358,0.079981661446222
0.7607773652140546,0.9978885009935022,-0.9353067540924016
1.5325053566956546,1.009271420428167,1.6687162059588556
1.0568722479080386,0.992891204320122,0.3311641605642111
1.2102314949046922,1.1506165540561248,2.310009732890857
1.279039006584629,1.0748447202795597,0.0933225153385127
0.8686038592739235,0.5145271075094969,0.2847920381186104
0.4413526074881255,1.0076355755990618,1.289813687497734
0.3977863439013238,0.0270945365802528,-0.4419082925160619
-0.0200166977573438,0.1714974723125796,0.2135237976542486
-1.3041222080251405,-1.0481223950059315,-1.5072125324962071
0.603412322116682,0.0085055238706309,0.2390664585030112
1.1670359681740108,0.8646978777500852,0.0147624010054924
-0.4682703036138274,0.14511948919101,-0.4844369117386471
-2.167331946320558,-2.25603640549717,-1.5351255691860402
-1.308326188672709,-0.218689043018997,0.3982265854931675
0.153611431759911,0.2459724335116168,-0.3923302368528251
-0.5591088509845424,-0.2085879981182057,-0.2455690308562946
0.3222831904158982,-0.2483698509959725,0.6577942786963296
-0.6640119259243423,-0.7681270857249265,-1.038688071745714
0.1333333401181696,0.3266206280036932,-0.0961665207899774
-1.0391122452437522,-0.9752304898523066,-1.7750799813845688
-0.5130343320784183,0.3873786841437278,0.8002983589056579
-1.6020487421315024,-1.20433986900255,0.5575312214517688
1.38675946661462,1.098196519777332,0.7329155595024802
-0.2709479760961484,-0.76078945927892,-0.6963607127818853
-1.199523537273158,-0.3992069094806334,-0.8440860697142062
0.0283087040336709,0.865434247416784,0.8856595603173607
1.838417033521592,0.973544290807284,0.4291048847035107
0.8263771438889013,0.330408647213863,-0.4153420131790389
1.3146525754575986,0.8329946662365646,0.1168953845315223
-0.598995482471689,-0.1687607501061367,-1.2470151867560535
-0.4932811271245637,-0.4975727130507504,-0.508677237525389
0.0949385457379844,-0.6921824640144965,-0.9582169931423984
-2.167331946320558,-1.91033441692896,-1.660989436137189
-0.6722107206763257,-2.311508774535074,-1.254569289643318
0.883753577545835,1.0812524631033278,1.3642730918360373
-1.8045464286753683,-1.7533878960463884,-0.8702877271754145
-1.3199883450556067,-1.724755371941058,-1.4958441063819927
-0.0979440046481427,0.199173298509088,1.5365125483315678
-1.453153425114376,-0.8613559591371956,-0.5861496330596
-0.0677392355723207,-0.7946946167554643,-0.2360919703257179
0.5957233399389114,0.7030096569335472,-0.3709110152221502
0.1337755983242938,0.8241529353496211,0.93054485837118
-0.0976438102694172,-0.1610498066800213,-0.0163617579178665
-1.15266819357574,-0.0736507473555165,-0.9735486121020772
-0.1588020261933786,0.3252760093323008,-0.195394047137582
0.1222495644184698,0.2830813195127345,-0.664578489838513
1.3175234546133012,1.0678367616035846,1.815060414132657
-0.1476635046042119,-0.453973618577889,-1.5745693514219352
-0.7117611133235539,-1.1481164995066648,-0.1905326694453235
1.8400914067868688,1.1635508057641926,1.9606374551909287
-0.4331076553198565,-0.5851369039455884,0.1294923430927939
0.1511141735244435,-0.205390596858351,-0.4659874369764454
0.7995002273460453,0.5236889589188874,-0.1294454130623531
-1.7205551136812989,-1.1004300555225248,-0.7497118118218181
0.8252322688316105,1.1206886993012346,1.2395607218751634
0.3345893373168588,0.3563726320970019,0.0851921510758346
-1.117506866448874,0.438325972313674,0.2200794491119131
0.7443774310048346,0.148831545664569,0.8341447841349258
0.3948382489145325,0.6525600459672916,0.1986267206433066
-0.9530764317710926,-0.7439664427538522,0.4714815362959246
1.5106118892767122,1.1486561461706597,1.2125889332516404
-1.972114111764044,-0.7023368843090873,-0.2301962286035833
-0.6175758996421591,-0.3877201727738224,1.0507718030022033
-0.4563999738668405,-0.4568301373037726,0.1162826079671274
0.6516397236342736,0.1031530246983791,0.5879137593678389
1.1168170596431937,0.8064304393071409,0.3967118488551869
0.0386828337110583,0.1421150217432175,-0.3654954652660349
0.7113935959084244,1.0139379784970148,0.7281858675809537
1.7454928409099275,1.0857835542948937,0.6525627421717342
-0.7711747302258437,-2.01983713877239,-0.4573132062957518
1.4781206885953422,1.1704423246288975,0.9104304487426466
-0.4351423673130272,-0.4159118931276025,0.589780917822869
-1.3073563329792757,-1.5383065083364316,-0.7928685298035505
0.4369382071923832,1.133064813067915,0.7873021487701465
0.3909461156840428,1.0260633592678683,0.7818753493149304
0.675469916571841,0.8148436411979646,-0.3137532065730902
0.5643937742475431,1.1357538731271666,0.8790694342289755
-0.9125237497437818,-1.3577528474775802,-0.3286696396727218
-1.3667043920924231,-0.709385064677294,-1.9179801189856984
1.5380408041796907,1.1254214070201338,0.66330035145872
0.043163492888402,0.4129207803153597,0.7438176067108053
-0.5680825522898726,0.2426822379232396,0.7654597444408944
0.1134394549269334,0.1475712832467829,0.9770513222433002
0.6863516844586721,0.6664850513038943,0.3069893711536482
0.7973265748392053,0.8928649289914107,0.5132302574592491
1.0906565901213257,1.067114019807788,1.477932836912332
-0.7345364932069718,0.2515027292820679,-0.4222394033341534
0.3686161029766209,1.0158958421341435,1.1173721581933556
-1.9530088772240703,-2.251143467865188,-2.188433565784832
0.7384728997454785,0.6844570489755035,0.64805070256634
-1.3314232238782064,-0.4522993016675924,0.1591292916865715
-0.6656180453966132,-1.136539512068902,0.7516501771187393
-2.167331946320558,-1.76334149463058,-2.112055659485596
-0.1341026940205735,-0.0902737801508125,0.4825888273975973
-0.3730070807980704,0.5348503709236655,-0.2411713947818312
1.3877797164677537,1.189815551064888,0.9334524978202292
0.1939611111727238,0.7603272537942896,0.9088434756857264
1.8400914067868688,1.2520207904010106,0.3391576031758065
0.6502399602878194,0.879269228443218,0.5609837579823684
1.0770326204486227,1.0538442025981176,0.5448601264963423
-1.177695701910444,-2.013270179584689,-1.531156025709672
-0.6430360608318096,-0.6846321001539064,-0.4884719033366066
-0.5072981345418762,-1.3615702753536347,-0.8348841561823219
0.1004975526592074,-0.2049087680683291,-0.8078714535314303
1.2310965246945729,0.7053894423216716,-0.3035838379213659
0.4099386406060938,0.8176607841193461,0.4770287875634283
0.8227343599305222,0.9665531694228476,2.1753964590382977
0.4001094183794721,-0.1703092842471946,-0.3811979644453787
0.3315200853872396,-0.3418709572819386,0.5862399696044218
0.2143842887696408,-0.1853089783032176,-0.2377527898024531
1.8400914067868688,1.2868607168452717,3.110381384891552
-0.9081077121509348,0.1655094393257689,0.2930034782343965
-1.2744698007176565,-1.5802809812431382,-0.9151686105246296
-1.8194171642904529,-1.7812689134207569,-1.961847067145407
0.7467534477529806,0.8810965204560796,1.070453475857842
-0.005226536900874,0.7572714722539202,0.6786169856849269
-0.7597807651804894,-1.117952232483573,-0.158092974870673
1.1638141168150562,0.9875274071895443,1.379958645819551
0.5161560260657565,0.9199155879220958,0.8424027878255557
0.1915145371774382,-0.2715852683322701,0.0488670870272724
0.4646158626938633,0.6817968353054953,0.5956466894393715
-0.242975713634225,0.5282942812425521,0.7320050916636051
-0.8701585177574808,-1.443686770459239,-1.7185200232699749
0.998195755376043,0.6727625306740688,0.6705280586886807
-0.0512421566936024,0.8443439644114801,1.0956390231630435
0.484635132757739,0.4661375208046445,-0.3242640485594544
0.1938440576207141,0.0782181926780329,-0.319817583466895
0.6317955419397774,0.4174132681841126,-0.0470597027495726
0.8833771319579338,0.1809313635312416,-0.2867571675228418
1.6589469113819124,1.22239758972273,2.543653113630151
1.8400914067868688,1.2474977552599418,1.8892618261737892
-0.7831832852987035,-1.5270793371910782,-1.8694466370811889
-0.8209860237849549,0.0861138802261704,-0.302010604310136
0.1121729003386487,0.3929627004284717,0.2349919344980105
0.0190787473800508,0.5021104066109713,0.1437846803743253
1.1481040595002858,1.0457267711341045,0.2564301419003919
-1.407805338169997,-1.4078807314347566,0.4178696510898941
1.1645262032693424,1.2458147694184485,0.6081359303404096
0.1206081052818007,0.4097901003172295,0.1219615431597968
0.3050544423362107,0.4275524305513524,0.6895370564817853
-1.9229314670413309,-1.456926724723542,-1.020106660215563
-1.7777674597049091,-2.199731868018566,-0.5839313044735398
-1.1689830623434998,-1.8142627571960648,-0.6589362193249765
0.6006488768679396,0.3275107565582978,0.1009036085631191
-0.9199987113490709,-1.4951690226071952,-1.6002011513794332
0.1827830394316424,0.0,1.3964326232530475
-0.8979880812079137,-2.525201076680794,-1.7095488251917863
1.5040685489450032,1.1829211132426756,1.418983441200424
0.0309726752618493,-0.2781231626823491,-0.6446739502846621
-0.8192130651758381,-1.7560105788790523,-0.3249529209677733
1.3843259004552744,1.1502376462723234,1.704743090734434
-1.1347770108853303,-0.0229850562622898,0.1313616490281638
-0.6970929613527636,-0.4011681170621,-1.528968601069871
0.1333288532858645,0.3635830353467689,-0.8239306665881941
0.6595910620632063,0.7526655436331485,0.5310043492549245
-0.988778369842878,-1.0609710375725343,0.6367143690664582
1.0265795127927009,0.6285229379101636,0.0794447210015868
-0.8426840293746736,-0.4862058126620893,-1.9290460714273756
0.4278280284075024,1.003687387224896,0.5033176836434651
0.4089339992571355,0.9240635583769148,1.0508884655255866
-1.0249092150485857,-0.4313485442991762,-0.3757182310510786
-1.9043039717129375,-1.7320066712489983,-1.753657205930845
-1.414257226143258,-2.0431186012504585,-1.2839597157584062
0.9384648891100812,0.9594527684482717,-0.2902447839170046
-2.053887955754287,-1.1522537694313415,-0.7606109399093768
0.863935755812967,1.1387793213786015,1.1942856322191322
-0.9526726321799158,-0.7649813848968684,0.0266011575637768
0.5933985772255987,0.8003220813753417,0.2163898945404199
-1.5545692182783266,-2.3885058422956007,-1.6756546118088995
-1.9592704474613445,-2.0545886098808563,-1.6496495974923318
0.751280933080841,0.797318864086136,-0.1856362169156557
-0.182275183332126,0.680940391085565,0.6911713112216937
0.1516958696066057,-0.30495968667086,-0.1094467388969338
0.0420926535556315,-0.0540763404839463,0.1699757375889041
0.3976794236396446,0.9399194610324252,1.762237230436872
0.7274973381849139,1.0333719813096094,0.6497235104476913
-0.6218552513355021,-0.7683963670001477,0.5689685679922367
1.8400914067868688,1.270513927638825,0.0345876090035528
1.4581586356423777,1.1407254325815912,0.046056261016432
-0.1820730339751848,0.056741794761206,0.2762222101091579
0.4295981663837429,-0.1183640622773677,-0.3267495329573289
-1.959392753242236,-1.0039589868911196,-0.4024954238475105
-0.3797169342604549,-1.3427975762721571,-1.5642618267289443
0.5082282668444367,0.6706280593982793,0.1632186524641594
1.6388387827993136,1.2504498606289132,1.6579230177041904
-1.9747138816413212,-2.5034292656142,-1.9720971898341624
-1.4202518089224636,-0.6185010029086487,-0.7138868766554927
-0.475877686153841,0.5908586478938732,1.2169615478564664
-0.9179331601118644,-2.0161344336279554,-2.040395355370099
1.038942558172528,1.0197796931564722,1.397093384069644
-0.9431505827915616,-1.5768241317394094,0.0112452362358192
0.6184191948933642,-0.8148523868822187,-0.0119715059827454
0.7989354132675267,1.127111550017827,1.0473137221684452
0.3656497822945054,0.0822975359592384,-0.0217128311038814
-0.1116892754767041,0.3541372308704327,1.0102912246409157
-0.5899741260370124,-1.3541953171950285,-2.1366645053823463
-0.7646905041496015,-1.3767829777079803,-1.9108822799082357
-1.505181188686986,-0.9392812045186564,-0.5622203354334261
-1.5005232232321022,-1.5399106449917634,-2.011401280821217
1.098612515821795,1.0279585966951017,1.2714380594572734
0.147384081291218,1.0164859286056067,0.7791065539900818
0.0023530821343947,-0.6069359027364076,-1.7161586135718745
1.738355571962316,1.2049969084434278,0.642184085385046
0.9733806685760192,0.4861836801032692,0.35691363400332
0.9337760847258004,1.019407830942096,1.195926210673275
1.086241148112801,1.103049229573718,0.9529285763918548
-0.966018707365278,-0.1990140585666975,-0.7297623108847253
0.6630057225671939,0.7909008341435245,1.1266119074303724
-1.982288765169226,-1.7429525018827214,-1.810977335210527
-0.5377865764988439,-0.5253547334717565,-0.8314698821497633
0.3812508365109415,1.1208220772104769,0.6202823203935934
0.0705710633912427,0.2459527858250424,-0.511581480974685
-1.3303746812960056,-1.2043444657314395,0.0124764212803828
0.4764338125598729,0.4252718923002769,0.129397355438808
-0.9528275241203796,-0.6789013732194646,-0.3129664958478346
1.2290790103983082,0.2928234999447643,0.0485927326500671
-0.0833201761225182,0.675840332897217,1.6360703514929975
1.8400914067868688,1.1877059056003831,0.5306708751625574
0.8222541153652101,1.1703031378950397,1.3005724021485738
-0.1240758888244946,0.2778735575760805,0.4144544257445244
1.5114334285085735,1.151529002754086,0.992295886671416
-0.3756247608240674,-0.5313801657785763,-0.2385129515280954
0.4046087044066644,0.5224828976981054,0.5366568987895686
1.020096534057193,1.0390829154098062,-0.1366590385493624
1.790099811299783,1.1045248461254935,1.4530001955010223
0.0592500693007488,0.2386967251653544,-0.8386895393544302
0.0170378267756306,0.206040054013188,-0.4987212027059399
0.1607456494177707,-0.8705441486753671,-0.5479948974643705
-0.3454744960036582,-0.3381310012783094,-0.0127952678009301
0.2882482241490584,0.1941452199286492,0.3811367198191813
0.1249174992702047,-1.3324857399372307,-1.613007241500601
1.2115234071625265,1.0986834528350873,1.07482022254772
-0.5610196737169347,-0.40603241528591,-0.3952467638421833
0.5922648189791961,1.1065381912075465,0.7086563167749164
0.4045567012569335,0.6008428945012343,-0.4791992987360156
0.2825398509560903,0.3037465828487207,0.2622396111324497
-0.8982613676624227,-1.4118873315158889,-1.601506403551295
1.0502702097743013,0.8670283617377208,0.0752316770388884
0.3766869112504434,0.7328806254802633,0.1459529049919688
-0.7514414220143615,-0.7914769456389845,-0.945993954688052
0.7276323139195846,0.6094733023358581,0.2822513387255819
-0.1232550151973818,0.3497324057494205,-0.7337026621933617
-1.0168257080309997,0.2024491466488799,-1.473887202794176
0.9277794770899348,1.0272362586883483,-0.0672113709846407
0.3941542014270539,0.6951623901233731,0.2698488568391934
-0.899955735022232,-1.0820632631611091,-0.393737988594202
0.9864236057810905,1.2284331108174802,0.0098598661272048
-1.3045268143182809,-1.0584348352011517,-1.573293324891585
-1.051075295636526,-0.3235551820338023,-2.091131041569573
-0.602700259618938,-0.6112157295751088,0.7974243571536511
0.6364190983847632,0.4439700025374179,0.184573266585332
0.8429576431140363,0.6581840045317505,0.3485781897415095
0.3481556174253171,-0.215238285095669,-0.6155215432001495
-0.0739134925523385,0.1856683902390825,0.7616112167128065
0.8865535347156427,0.7846168033440803,0.4993933133660689
1.5164512050610706,1.208970649459696,1.8915387072199183
0.9058149512719992,0.8359756081729833,0.2979509898191018
1.0912934215338896,1.0227845916548042,2.1573750292158103
-0.7117420352256097,-0.1144369495146833,-0.2440709840178246
-0.6338576425150096,0.1989894376651508,-0.9560344224300006
-0.947700144774914,-0.5396684345674377,-0.5555516237117003
-1.3042896497234822,-1.746155681276214,-1.268690437972422
0.5084693503089611,-0.2731707012042121,-1.6415417066761384
-1.221978819501233,-2.201507973500612,-1.6655394128929657
0.7647291665706047,0.160609463615038,1.240535600573417
-0.3754085891857428,-0.0173261808130976,-0.7577962006221677
-0.8204065817380599,-1.2654197591249965,-0.2125035220887774
1.0208906149853874,0.6402750029689638,1.3994663278757862
1.8400914067868688,1.2329129437111446,1.8881462161285407
-0.7882209488303016,-0.9775263964264986,-1.168129956649435
-0.1034078063898596,0.1371328115038105,-0.3184947888840041
-0.2964419387665157,-0.8975695825228565,-1.9178572160230936
0.8888808375658694,0.8529200106846707,-0.369828221212474
1.8400914067868688,1.1129531387806484,0.9944318114263714
-0.5393031399952148,0.6097193407537997,-0.8312994385592337
-0.8691602103110687,0.2136102972082833,-0.9959095058778742
0.6800398593728052,1.0231162281123969,0.1682545040779643
0.9901858394228236,1.1187116132706842,1.2763656998890809
0.0289396787926761,-0.5171561766746683,-0.6965087089627942
-0.0394830453287463,0.2516788127292818,-1.0012075693858544
0.7826493155848783,0.8103191566810787,-2.5597385050012448e-15
-0.538924800027465,0.4305987054590041,0.5136405117385271
0.0687384320133562,-0.7785810956706252,-0.7835816882704318
-1.0000580653646745,-0.8151199698931846,-1.5146148772305297
-0.0985614081734309,-0.3554396087498094,-0.4575999252626492
1.1054088846553856,1.0630231725999983,1.136780737773799
0.1614696254015948,-0.4135737390474839,-1.4514587537144985
-0.3783979375254813,-0.6487416649116654,-0.5651517221644453
1.828181740102606,1.1733520469225838,1.3170608636970804
0.2859366829149226,0.9738418353545344,0.8500018570107547
1.0642733726662186,0.7935661085650589,1.1436254692756196
0.1558593587616204,-0.0818115195715549,-0.0652178715232405
0.9497463049309464,1.1940316574883816,2.001421080863244
0.9249707772875388,0.5342541785961289,-0.9928597993784322
0.3780680541996423,-0.1965669232203079,-0.7068015228070813
1.4549048741034327,1.1884431370284845,0.7815964455479999
-1.637193963324498,-0.3978631846809292,0.7885496591945167
-0.2485871487268963,-0.1857375427186574,0.1704716660610815
-1.0727569679446982,-1.4783448586509678,-0.9987866885895832
-1.786923776115395,-1.552011588408298,-0.840730038577421
-0.627579955073012,-0.994726123853742,-0.915487707772787
0.6590238608923344,1.1197673959495105,0.8272228670083602
-0.5685572388612703,-1.6613967427448346,-1.2058815895484414
-0.4384511794803958,0.2829351279227787,0.1232180389568755
-1.2162980464420188,-1.386017907351131,-0.2177571082687775
-0.3577222753479084,-0.0393908042615347,-0.3604693832279321
0.2810459345818929,0.9821006728181136,-1.003703738226997
-1.103292748439628,-1.6399412838251388,-1.2771191894537732
1.1810092712345353,1.0614194307600144,0.5839877851348021
0.5765202575709668,0.8529596641702384,1.3202090459735067
0.7840143953945056,1.0296987087459766,-0.4685272912543849
-1.6844927847735285,-1.4434498399104607,-1.021390677539897
1.4201913198803968,1.2515852772140883,1.488622285907682
0.1165401135005854,-1.4240566905206609,-0.384160244491897
1.4615563536031095,0.4283253215874882,-0.5339801957773599
-0.5474092269408749,-0.713515211052507,0.1771820936657634
0.2686729585248231,-0.0244671390563334,0.0411290589467497
0.906058729941027,0.9595564428176712,1.6970320640820529
1.82731414834092,1.0635183711997716,0.3747390961020702
-0.6502668033801574,-1.3197343925358236,-0.4586936494266364
0.0089024609613865,-1.0833590842678302,-0.7779028552547574
0.0085554750144521,-0.4443771394688531,-1.3627095586834026
-0.987068272034982,-0.6531937551479394,-0.3602158702168331
0.7873711832917848,0.8535667147161884,1.0694235370536302
0.8979686145593256,1.1300652249916252,-0.0609931722104014
0.6198397503966018,0.6366705257418361,0.2749530844343649
-0.889658501714855,-0.6399550248088086,-0.508300341463073
-1.689270824536791,-1.84514742714971,-1.5462375639030523
-0.5897346520585044,-0.784183073347873,-1.0394821207482117
1.4665567013091294,0.7216593610944291,1.2269064411641932
1.1002196782693174,0.7578990837055946,0.3579051945054899
-0.2134812038312684,0.3036078409893979,0.1692796048728295
0.3698286604776111,0.4391307271056306,0.5663356120705377
-0.5816173793475925,-0.8593773667220895,-1.413433891634682
1.8400914067868688,1.2705310230554911,2.083642977453959
0.0771781754472689,0.6501624294483995,0.9262101023115162
-0.921349165275894,0.0604150942311971,-1.0638845494589837
-0.1082812294841753,-0.0867854883329031,0.8427340493134634
0.6970230580352638,0.7652656759903379,0.6348193664391938
-1.0084504343626597,-1.3717577773323772,-0.2479979316349638
0.0575105716287182,-0.0281109333414614,-0.5593903707576879
0.3535425550854966,0.1869234021426941,-0.1443347853823179
1.820909902214218,0.94527172002996,0.3554324987641967
0.3924358354034672,-0.9426737135436006,-1.226454361713422
0.6211229718770173,0.6094590731914513,0.2154115513536226
0.8287702579975447,0.6253590620445671,-0.3222312366924412
0.003139010793831,0.4531502873750501,-0.6458207697270094
1.190911660104977,0.0942866329265812,0.6845709141980002
-0.1433846297063398,-1.489711730354343,-1.257998866267959
0.4374447980211345,-0.0043990138126644,-0.0050276345662136
1.1750456007472354,1.203073866691446,0.3572447667190156
0.6128740079472665,0.8591674944458157,0.3111703038285013
0.9880982478357052,0.7583659308605452,2.1671924236036992
0.8689369633004028,0.531378946102598,0.7911800776061292
1.6396466793899829,1.0046845025193794,0.6314563402498901
0.4708948293002147,0.8117160594856717,0.443618485744096
1.5081813999631433,1.1752333535391104,1.0276220219932457
0.1508149233365778,0.7100552314868852,0.4262429251996922
1.3212142612521405,1.0857792633674688,0.5349605342161543
1.6929566472172912,0.9123329952800162,0.961853938635304
-1.2528150432996532,-1.7182751823945572,-2.374575791839104
-0.3182045291906408,-0.2085050487123506,-0.8824026680204374
0.0176605840887292,-0.7309707412723178,-0.5544430727971703
-0.2536202086332094,0.5041151958743542,0.6141394750477982
1.8400914067868688,1.0583469849469065,1.305765383431246
-1.1974293999851624,-0.5123206769670899,-0.1488499367898583
0.9848954752129244,-0.088151028941944,-0.9763974913966756
-0.481005356717465,-0.5023437353832609,-0.1562380319122189
1.8400914067868688,1.2679657207060355,2.4799026241429774
-0.4743643142815781,-0.5041128025674403,-1.6222852112442414
-0.2512917905801619,0.1222381734352221,0.2252257238906702
1.8400914067868688,1.242944232348404,2.2229568151116768
0.7346343138926373,1.0945230136464827,0.1176970830210776
1.0373873184114095,0.557610267716622,0.6178813292623412
0.9539545015282832,-0.6668452329656053,-0.7415106954187457
0.2086435533128856,0.4824486793132223,0.2982977478972299
0.2253796308743064,-0.5165641549288914,-1.3352212608314349
1.2923150744879632,1.158121466852612,1.6379850434003242
0.7160629864644545,0.9075100309666624,0.9159171158322774
-1.8497607117380792,-0.451927760431481,-0.4514478335644371
1.1450691551197572,0.8354292182161404,-0.1295232091896566
-0.3587678021523347,0.8128600190612283,-0.3845771086816523
1.365434852529985,1.1206889032413168,-0.2602637157244369
1.0555651356074265,0.9850396448998832,1.2795806783206007
-1.1121690858796698,-1.3790715397138031,-0.3816690635376612
0.3824664512595133,1.2300134929834747,0.5168079409683268
0.6034425314317272,0.6330076316852694,-0.1653711500883012
1.1223293087550408,0.6431835972349088,0.0673489331260279
0.0826818992018744,0.4115517371082432,0.3769060551692877
-0.5887454843514448,-2.2378647837559,-2.234059512313399
-0.5182165529055022,0.4465231545931241,-0.0370242691936149
1.4485584371749558,1.044722097523329,0.1534256551292585
-1.0009299616741434,-1.3444183948426487,-0.5534116135101091
-0.2982873369568233,-0.7124403410595551,-0.3534560862371405
0.3429014437463035,0.684433291378012,0.6972652905131586
-1.0115512303276737,-1.5519917919153143,-0.9638309643403932
-1.016870212710254,-1.3362168416366431,-0.5226666046419859
-0.2647465103536885,0.0869248534637721,0.1590238506104295
0.033636079580131,-0.1575012537422604,-0.4470692450448292
-0.6017236997825154,0.089647931289915,0.2068618033181008
-0.9118570590657606,-1.1055750246150835,-0.4551921002699866
-1.8381322623411396,-0.8957471215761711,-0.9530718242995326
0.9405491439097544,1.1169190578415984,0.3270866649870677
-0.924490939417012,-0.9185118356666776,-0.8104999424879005
-1.948893067231796,-1.9217285780198965,-2.371644002073812
-1.2267088368039332,-1.651595243130723,-0.58794018006133
-0.5331146938374692,-0.6715750205724654,0.322687818580179
-1.3447158552403822,-1.4621421190195298,-1.7325722155138277
1.4606542082586835,1.0667140216067983,1.5681510514843404
0.285798535282897,-0.2602950920024098,-0.3218648916523562
0.2906156494103659,0.6308984557049382,-0.0001574128941392
-0.0230764232778594,0.1897606098131294,-0.4132851975105071
0.1837161915921507,-0.3239558983739601,-1.2618888278196334
0.2676841433416006,-0.7189021722975816,-1.3099928657771192
-1.0936539886752006,-0.482081464292251,-0.4081240526041214
-1.2619747952905946,-1.0464464832474925,-0.0620665634528402
-1.3526517505356423,-1.1243488887545638,-0.3398663781831625
0.8036726693240595,0.9919468483982588,0.991768931124568
-1.1217533346045494,-0.980684128098796,-1.5315409619487363
0.3565695880679377,0.5381513960036448,1.8100192681732648
1.8400914067868688,1.2037673847144696,2.215731906608481
-0.687562496870212,-0.9046526893095744,-0.108514886150753
1.279269994950886,1.080480390675361,1.6218328264727222
0.1698535129346186,0.5705997322952764,-0.5916098314527689
0.4964853234778802,0.7625518158976589,1.335503163834526
0.1447647579909573,0.9238734692208384,-0.0745537188453811
1.0010943737645182,0.3698376082379335,-0.0671284390823902
-1.0568903640921672,-0.1139022089992651,-0.4981964606516782
-0.8416399162940699,-0.8847441889487603,-0.730601436851866
0.370855266106981,0.9094825344510896,0.7115716490323063
0.42592843833335,0.5835441636361445,0.5026799394256977
0.5536868170786212,0.7981828613248573,0.9735403508673968
0.6255050211417658,0.948073411385634,0.2252314816274056
0.417243387724371,0.9285589436305616,0.0110191787569512
-0.7798345641212093,-0.8502832143948548,0.1376536920950778
0.9441411608341188,1.0026663715010655,1.3554753937355373
0.693468281300705,1.15300154368013,0.6495762383637037
1.529730350712558,1.1425528701888643,0.8585029688178885
1.3614946458241426,0.8195195060506105,1.5405704066655987
0.5825166873405526,0.7180793825472468,-0.2946048138184942
-0.2518283379342658,-0.4433149276953117,-0.8226368363099203
-1.2827946605045375,-1.8992364407203963,-0.6362669354154723
0.7569655814041025,0.3092248215259144,0.1247915678249547
0.6165375569272767,1.0849134752856886,0.6203245315898079
1.2675709722886432,0.8891152605866439,0.557315302057123
0.1189239495054465,-1.8624778232396144,-1.0434149596819966
-0.3896256106367119,-1.101462066395026,0.3568085387292484
-0.9290558387912092,-1.3704874192053584,-1.059552026326846
1.8400914067868688,1.1211027357824113,1.8659274352741704
0.7147682470270494,1.237485544969939,2.0378723717456504
1.7670728051236382,1.2033467277285572,0.5118593128855631
-1.6500799050484327,-2.0264715809920744,-0.9898226535695324
0.980854925217287,0.3586629833334809,0.5993477035576532
1.438084749146238,0.6358773783607631,-0.398779379873544
1.1411342370011806,1.0707025542519517,-0.1176448937626578
-0.9903981344540076,-1.596730072688029,-1.406008228646909
0.5866035089929441,1.0749454106530596,0.520552377962948
1.2950760065168234,1.2408595071158277,1.1024045876221649
-0.6058700657507701,-0.9591487480438364,-2.212177805616428
0.7567442774313886,0.7693815057445753,0.1492351332049474
-2.167331946320558,-1.7151193612628544,-2.012118910480835
0.4689789658850918,1.0647416897763389,0.1422191814423127
-1.683583314282293,-1.5020809102318808,-0.8402310238876326
0.8877619543260532,0.6485057907704949,0.3316891396996588
-1.301956440002764,-0.8789416717452022,-1.180554078710297
0.6805520059856683,-0.3569599500820106,-1.1899608847170031
-0.941513305250446,0.1990299383069934,0.912939228316462
0.2696625696401907,0.2451174456325615,-0.8003353495778691
-0.2721425663599572,-0.7690638847083417,-0.4593279131674465
1.3544562257717956,0.9166212433658536,0.0618815838750984
-0.6230887968471744,-0.4797889467030305,-0.6703170266388394
0.262263385978331,0.6175559781587445,0.0617713152116773
-0.3547240377967718,-0.7028100718102405,-0.3142325312275527
-0.8352111413927985,-0.7233021445145055,-0.5009576266141437
1.8400914067868688,1.077181853162025,0.7960687840312508
1.2690021269323457,1.0394917635139496,1.2901011129742703
0.9093711677325326,0.824700336464377,-0.0443250687059899
-0.0432029177073041,0.2366358809168977,-0.9496272289174644
-0.7585100037618846,-0.3369818515940124,-1.4679490033837292
-0.4022356464991908,0.0261852291558036,0.10900202011612
0.349087688813074,0.6717666592643999,-0.3463496645464384
0.8636373418667521,-0.3508503431520328,0.1406203130961203
0.7764046532104312,0.851291096645917,0.8656106360692198
-1.3237300469918587,-0.7436868396997176,-0.932856650557992
-0.4235235095673068,0.6114070325050291,0.7163917471048352
-1.120454717569455,-0.774886199115481,-1.1587829439710526
-1.2669534611206714,-1.3802162241655167,-1.689885937192144
0.7386971530997016,0.92136798053842,-0.1661868776841858
-0.4544121669458424,-0.2111018118293155,0.5278335887304084
0.6182697460990957,0.2926666350383715,0.5965451905664468
-0.1323549514220659,-0.8697377741313783,0.5493851482530008
0.8090449254603803,0.9179193797852424,1.084675682273516
0.3180989526868468,0.245693555024488,-0.2716726181252586
-0.6935757650682062,-0.1077810158954551,0.3448253229944548
0.9489830067892088,0.8516794497582603,0.7018611641609146
0.3439072141083261,0.2632444110378554,-0.8322434316487696
-1.3125600660141463,-1.804079807789938,-1.6399643962370658
-1.9129954258590185,-1.335799247185252,-1.656941857003417
1.0383798263330992,0.3173568695187422,-0.1344790764630809
0.0977843780839594,0.1576358288703664,0.9037865564074148
0.5757038032494217,0.6816927888747465,0.1374147817836591
1.8400914067868688,1.121261063277041,1.5509638324129955
0.2031342910271679,0.4704097224917761,-0.7434905532238052
-1.6460990649269247,-2.280200839543421,-2.653637303753207
0.1360492889059848,0.854375644769285,-0.8043803265695039
-1.031824029534892,-1.5974696310730263,-0.94052091704452
-0.5977750041833119,0.453826634006894,0.4427714586496999
-1.0438160410968342,-0.401654149429599,-0.1099673268483953
1.4319985775842616,1.158267507273693,1.0799196281366257
1.3726532027233538,0.936601693470115,0.6927797300437641
-1.5313558181885585,-0.7566838558982137,0.3481802495630449
0.7444910467567053,1.062008394009038,0.8328335405805319
-0.2172016691589472,-0.5728906261622437,0.1249495755404793
1.8400914067868688,1.2301703730794122,1.5206876752467735
-1.8604595555848105,-2.261148999740532,-1.7959845416859772
0.7624787043250814,0.8519340713451261,-0.978742768677887
0.8723002059869805,1.0471265578342543,-0.5554667156147417
0.3939863430978337,0.53358674940333,-0.3593236631185744
1.4825233421491737,1.0470922848832422,1.2711513119684283
0.5712466870614432,1.0097410238148776,1.897522016833656
0.3126352104636437,0.3227213721982936,-1.1122852261835918
1.0169177887401042,0.8287085707453735,0.2669619735725203
1.162478481421095,1.161992408402818,1.606182260546977
-0.0712569622904791,-0.394256901528904,-0.1553669271031792
-0.1948088187269787,0.4562387136932891,0.7605571378093302
0.8855175176210001,0.754130254614811,0.7537354330704664
0.383900358880767,0.2202870984928936,0.1714233066021145
0.3091001410506976,-0.5907993343307104,-1.6773064143725758
0.0072514281503214,-0.4332570575280161,-0.2905128472943115
-1.8825746813861863,-2.151338120227697,-1.1222537695371395
-1.013782962053026,-1.1013785939592369,-0.0519215669975636
-2.0858859337692555,-2.248108404685195,-2.3517368641565017
0.0619734356542044,-0.5713386844243707,0.0002030206145611
1.3128291694896448,1.1753862593777098,0.9998161944582462
-2.1457193473949747,-2.2047685475719705,-1.7539959190150527
-1.7427265015725888,-1.093003945121008,-1.0081456466229992
-1.7084497913481786,-1.4372375594520814,-1.6345433184578055
1.5897798560310492,1.1304443188183442,1.1776216661086385
1.5574272044970348,1.0729598926291737,0.9475589282817828
-0.7087315261215876,-0.7467793246623088,-0.5056011521549455
1.017111503975857,1.004131374307618,0.0732588478466235
0.1477759368338877,-1.937074139667166,-2.098188588146165
2.588586866059877e-16,1.248353721294409,1.1841896525136293
0.823303430072466,0.328108523466992,1.8411363922664343
-1.2051276021066877,-1.6379164314176964,-0.7037968095833442
0.0498553627991881,-0.605675439353778,-2.1635556407510106
-0.92509637245132,-1.5009184383271668,-0.9940075485333242
0.2444333123133398,0.4163021208128318,-0.6423733969149599
1.0090147453971448,1.1626302011193428,1.1842758868255134
1.834450922059228,1.0167087380611548,1.2537255717635232
1.084178610434844,0.957643301844339,0.4847041081897862
0.8346647532819572,0.813732717909349,0.7166047602805007
1.0260823308990947,0.9702472364558092,0.2642318251177845
1.1892019317940323,1.0815188392110382,0.7578369221218431
-0.0787588050128287,-0.4349022907088814,-1.6772008744008264
-1.162673943941912,-0.3239069968307123,0.6755192937356662
0.1235637003624464,0.9730902320105792,1.5261133840929522
1.1078922133840237,0.7424574350782814,0.7314846106503596
0.9824909347744176,0.7024387098690735,0.2217098650873545
0.1739042898561242,0.6579077983689285,2.0239010314972057
-0.3502317749719817,-0.4939991643368314,-0.3036831229148782
-0.9053127293212992,-0.7323965662393327,-0.6622964697436159
-1.5759202273768302,-0.9674228417053616,-0.022731861601972
-0.3381540954599786,0.134908717543674,0.4044590189743388
0.9291423922284654,1.2015076608569464,0.7233482875754235
-0.941618996670116,-0.805014590070637,-1.1612447011719322
0.8930007356223327,0.4805916395843511,0.8035854797586646
0.6262281360946597,0.7223164833417636,-0.558877746739021
1.2296704640321348,0.8220349258480955,-0.3071841487427228
-1.0662864447370024,-1.4597761865346643,-1.3267552421850224
-0.6906829640891544,-1.0882632476181548,-1.0149240230125478
-1.969431494929445,-1.2141265842638862,-1.859572717090852
1.4489229032467958,1.250631555942511,0.6001187510893843
-0.5055406326357023,-1.5191689237740498,-0.7644083110889526
0.6303376414085973,0.6653257425584463,-0.3112783965006879
-0.2570619573166422,-0.623416193970986,-0.4371414674322815
-0.0050111042416818,0.131360420951283,-0.5056348645996414
1.256603471614578,1.120135420189673,1.647950745800588
-0.5074899257651292,-1.1715166391661271,-1.1999024697624563
-0.974993309355102,-1.2388141555490464,-0.749464547916468
-0.1097405661310932,-0.213090783857626,-0.3600481314324209
0.302633235997287,0.302333669947284,0.0796398384658851
-0.5424595502077045,-1.8417665256453395,0.1243781340268668
-0.5652158763124456,-0.3908104099457415,-1.254538393621648
-2.1052630688366483,-1.5606239184483817,-2.139806511371602
-1.153019199903926,-1.286540918418103,-1.7604243178841643
0.9517756617559968,1.092426068860385,0.7831341119426984
-1.3632306315914915,-1.1813967297327057,0.2245876716289362
0.6408225062394841,1.0819108498886805,0.9124161620087686
0.2105188913057646,0.6663493016516865,1.2555189616873474
-1.422316200049367,-1.2161916062600369,-0.3752880359577824
0.7624033870393969,0.5371698598671016,-0.1168414985945004
0.5641109699307161,0.2374663674033558,-0.296462655690033
0.4020877759981195,-0.1935327376550231,-1.3958719468685157
0.9568741861002836,1.016353342426143,1.5096008268495562
-0.539885373614376,-0.210659029992812,-0.1812847923164536
1.1471631345334925,0.8469247925534449,0.0325689017952095
0.6040306134895141,0.816067014229195,-0.5213921555977166
1.2098278344767273,1.069571713322733,0.9271986812674864
0.320420161563321,0.4511454747081459,-0.1946216736255918
1.2044860376896118,0.6587171675776716,0.1212786588451325
0.3324026220031377,0.0265676641315779,-0.514141432425341
-0.7481180269327004,0.5951720774472518,-0.7356310690321907
0.8015076671805681,0.546250387474746,-0.4736702893929564
1.8400914067868688,0.8993762516576013,0.8267912039903704
-0.079068131751251,-0.7439007417582845,-0.0177598455137848
0.46615402964624,0.9429668665345584,0.6565607809515916
-0.4928186644088462,0.5599092343889199,0.8094036516717441
-1.834828610589092,-1.494007551144365,-0.9358255765089784
0.1739265282692996,-0.0741554432107805,-1.0181379449991614
0.7080154913024488,1.0079607689876169,-0.4628829197589906
0.6687984415084592,0.711598896175676,0.2526995475649735
0.2868449983555509,0.0067433575462717,0.3120464355091735
0.1989396342312497,0.8111572360075264,0.5566194591483783
-1.260678803855486,-0.501252407739068,-0.6553014595091254
-1.2751134419908232,0.2320566352596001,0.0952727591808395
-1.6949288037212102,-1.830509546973204,-0.2144641337733283
0.8027408628732974,0.7383101093383074,0.871374741466034
0.3892876118658913,1.0208259353545954,2.687458955664293
0.6231450711817175,0.9441046622958336,1.6708559982920337
-1.4103011846066018,-1.7175583621965498,-1.2207705716332455
0.267081021008145,-0.5992170599956999,-0.2832973448058783
0.7929671887299814,1.125001166728408,1.0397348924088456
-2.167331946320558,-0.7980666484559554,-1.2553476304986757
-0.1065519809780323,0.2133781235287389,0.8654528713669575
0.5409711554988775,0.6475691804429953,0.8021468904147403
-0.5914172230872713,-1.7311825881815672,-2.0950948048590705
-0.062198148905437,0.7424845806816454,-0.3479797807954302
-1.5194642083311831,-0.4083802650708618,-0.3879190200890561
1.3857221331028344,1.1647623622961645,0.853015060969667
-1.3799925815813447,-0.1561609819462088,-0.641134336932212
-1.6889418028069074,-1.7613100495127527,-1.2604639181379362
0.2689610628989122,0.8728205964506305,1.7961082305102836
0.6794818125592076,0.3638961062727246,0.1613272308259087
0.886801112718355,1.132168015046317,1.6046282332267787
-0.4089764388772897,-0.5030403401245591,-1.175878520616309
-1.9923544703897085,-2.333263609070731,-1.6065456631608903
-1.149212562519224,-1.70830831654004,-0.7117344118371157
1.0362333749858688,-0.3115063182690427,-0.6442075665272337
0.8408117050140034,-0.0005367944871034,-0.4505406761155823
0.5262360590742409,0.7125886809519458,1.2288651236464938
-1.8275549028873248,-2.3147410490368308,-2.653637303753207
-1.9266319919380075,-1.946537604796113,-0.9911228753095056
1.2827870495745364,1.123317459675599,1.3100682530881995
0.4983888764647448,0.469579368285833,-0.4043283262498543
1.2499825090932664,0.2303354873988221,0.4111018172368614
0.9535226780361048,0.9961655136745218,1.258902679312561
1.670886154690285,1.1921548035050982,0.4578004382014163
1.47971326630934,1.098009624430866,1.408078884544643
0.4385984746240567,0.9574522107823704,1.3333804644641734
-0.4072527693018009,-0.4589260673915424,-0.3845783461161716
1.8400914067868688,0.876045354678179,0.9500672393768032
-0.1160221337555647,-1.1085666711218154,-1.1522081467683996
